priority_rank,word,url,candidate_pool,BD_IMPRESSIONS,BD_CLICKS,BD_CTR,BD_POSITION,tier,tier_score,migration_class,static_legacy_status,confidence,source_completeness_score,source_fields_present,BD_RELEVANT_QUERY_IMPRESSIONS,GLOBAL_CONTEXT_IMPRESSIONS,priority_score,reason,proposed_action
1,hosted,https://ovidhan.net/word/hosted.html,POOL A — OBSERVED BANGLADESH DEMAND,1,0,0.0,8.0,A,7,REVIEW,LEGACY,MEDIUM CONFIDENCE,4,bangla;definition;part_of_speech;example,1,3,65.42,Bangladesh demand + near-ranking opportunity + useful source,CONTENT REVIEW
2,integration,https://ovidhan.net/word/integration.html,POOL A — OBSERVED BANGLADESH DEMAND,2,0,0.0,11.5,A,7,REVIEW,LEGACY,MEDIUM CONFIDENCE,4,bangla;definition;part_of_speech;example,1,5,65.002,Bangladesh demand + near-ranking opportunity + useful source,CONTENT REVIEW
3,outright,https://ovidhan.net/word/outright.html,POOL A — OBSERVED BANGLADESH DEMAND,5,0,0.0,19.2,B,3,REVIEW,LEGACY,HIGH CONFIDENCE,1,bangla,4,5,58.97,Bangladesh demand + near-ranking opportunity + useful source,STATIC-UPGRADE PRIORITY
4,street,https://ovidhan.net/word/street.html,POOL A — OBSERVED BANGLADESH DEMAND,2,0,0.0,25.0,A,7,REVIEW,LEGACY,MEDIUM CONFIDENCE,4,bangla;definition;part_of_speech;example,1,4,56.856,Bangladesh demand + near-ranking opportunity + useful source,CONTENT REVIEW
5,net-worth,https://ovidhan.net/word/net-worth.html,POOL A — OBSERVED BANGLADESH DEMAND,4,0,0.0,12.0,B,3,REVIEW,LEGACY,MEDIUM CONFIDENCE,1,bangla,0,14,53.766,Bangladesh demand + near-ranking opportunity + useful source,STATIC-UPGRADE PRIORITY
6,tension,https://ovidhan.net/word/tension.html,POOL A — OBSERVED BANGLADESH DEMAND,9,0,0.0,54.22,B,3,REVIEW,LEGACY,HIGH CONFIDENCE,1,bangla,4,16,52.167,Bangladesh demand + near-ranking opportunity + useful source,STATIC-UPGRADE PRIORITY
7,provision,https://ovidhan.net/word/provision.html,POOL A — OBSERVED BANGLADESH DEMAND,2,0,0.0,68.0,A,7,REVIEW,LEGACY,MEDIUM CONFIDENCE,4,bangla;definition;part_of_speech;example,0,3,49.944,Bangladesh demand + near-ranking opportunity + useful source,CONTENT REVIEW
8,sinuous,https://ovidhan.net/word/sinuous.html,POOL A — OBSERVED BANGLADESH DEMAND,1,0,0.0,9.0,B,3,REVIEW,LEGACY,MEDIUM CONFIDENCE,1,bangla,1,0,48.711,Bangladesh demand + near-ranking opportunity + useful source,DATA QUALITY REVIEW
9,ugly,https://ovidhan.net/word/ugly.html,POOL A — OBSERVED BANGLADESH DEMAND,4,0,0.0,29.75,B,3,REVIEW,LEGACY,MEDIUM CONFIDENCE,1,bangla,2,7,48.009,Bangladesh demand + near-ranking opportunity + useful source,STATIC-UPGRADE PRIORITY
10,wide,https://ovidhan.net/word/wide.html,POOL A — OBSERVED BANGLADESH DEMAND,1,0,0.0,69.0,A,7,REVIEW,LEGACY,MEDIUM CONFIDENCE,4,bangla;definition;part_of_speech;example,2,0,47.325,Bangladesh demand + near-ranking opportunity + useful source,CONTENT REVIEW
11,saturday,https://ovidhan.net/word/saturday.html,POOL A — OBSERVED BANGLADESH DEMAND,1,0,0.0,83.0,A,7,REVIEW,LEGACY,MEDIUM CONFIDENCE,4,bangla;definition;part_of_speech;example,1,0,46.311,Bangladesh demand + near-ranking opportunity + useful source,CONTENT REVIEW
12,stroll,https://ovidhan.net/word/stroll.html,POOL A — OBSERVED BANGLADESH DEMAND,3,0,0.0,24.67,B,3,REVIEW,LEGACY,MEDIUM CONFIDENCE,1,bangla,3,4,46.009,Bangladesh demand + near-ranking opportunity + useful source,STATIC-UPGRADE PRIORITY
13,mayhem,https://ovidhan.net/word/mayhem.html,POOL A — OBSERVED BANGLADESH DEMAND,1,0,0.0,11.0,B,3,REVIEW,LEGACY,MEDIUM CONFIDENCE,1,bangla,1,15,45.929,Bangladesh demand + near-ranking opportunity + useful source,DATA QUALITY REVIEW
14,quirky,https://ovidhan.net/word/quirky.html,POOL A — OBSERVED BANGLADESH DEMAND,3,0,0.0,21.33,B,3,REVIEW,LEGACY,MEDIUM CONFIDENCE,1,bangla,3,3,45.831,Bangladesh demand + near-ranking opportunity + useful source,STATIC-UPGRADE PRIORITY
15,mercantile,https://ovidhan.net/word/mercantile.html,POOL A — OBSERVED BANGLADESH DEMAND,1,0,0.0,11.0,B,3,REVIEW,LEGACY,MEDIUM CONFIDENCE,1,bangla,1,4,44.998,Bangladesh demand + near-ranking opportunity + useful source,DATA QUALITY REVIEW
16,february,https://ovidhan.net/word/february.html,POOL A — OBSERVED BANGLADESH DEMAND,1,0,0.0,55.0,A,7,REVIEW,LEGACY,MEDIUM CONFIDENCE,4,bangla;definition;part_of_speech;example,0,0,44.578,Bangladesh demand + near-ranking opportunity + useful source,CONTENT REVIEW
17,on,https://ovidhan.net/word/on.html,POOL A — OBSERVED BANGLADESH DEMAND,1,0,0.0,74.0,A,7,REVIEW,LEGACY,MEDIUM CONFIDENCE,4,bangla;definition;part_of_speech;example,0,0,44.578,Bangladesh demand + near-ranking opportunity + useful source,CONTENT REVIEW
18,oversee,https://ovidhan.net/word/oversee.html,POOL A — OBSERVED BANGLADESH DEMAND,1,0,0.0,12.0,B,3,REVIEW,LEGACY,MEDIUM CONFIDENCE,1,bangla,1,0,43.711,Bangladesh demand + near-ranking opportunity + useful source,DATA QUALITY REVIEW
19,pose,https://ovidhan.net/word/pose.html,POOL A — OBSERVED BANGLADESH DEMAND,1,0,0.0,19.0,B,3,REVIEW,LEGACY,MEDIUM CONFIDENCE,1,bangla,1,0,43.711,Bangladesh demand + near-ranking opportunity + useful source,DATA QUALITY REVIEW
20,procure,https://ovidhan.net/word/procure.html,POOL A — OBSERVED BANGLADESH DEMAND,1,0,0.0,19.0,B,3,REVIEW,LEGACY,MEDIUM CONFIDENCE,1,bangla,1,0,43.711,Bangladesh demand + near-ranking opportunity + useful source,DATA QUALITY REVIEW
21,proprietary,https://ovidhan.net/word/proprietary.html,POOL A — OBSERVED BANGLADESH DEMAND,1,0,0.0,11.0,B,3,REVIEW,LEGACY,MEDIUM CONFIDENCE,1,bangla,1,0,43.711,Bangladesh demand + near-ranking opportunity + useful source,DATA QUALITY REVIEW
22,weird,https://ovidhan.net/word/weird.html,POOL A — OBSERVED BANGLADESH DEMAND,1,0,0.0,16.0,B,3,REVIEW,LEGACY,MEDIUM CONFIDENCE,1,bangla,1,0,43.711,Bangladesh demand + near-ranking opportunity + useful source,DATA QUALITY REVIEW
23,rod,https://ovidhan.net/word/rod.html,POOL A — OBSERVED BANGLADESH DEMAND,1,0,0.0,16.0,B,3,REVIEW,LEGACY,MEDIUM CONFIDENCE,1,bangla,0,2,42.857,Bangladesh demand + near-ranking opportunity + useful source,DATA QUALITY REVIEW
24,legible,https://ovidhan.net/word/legible.html,POOL A — OBSERVED BANGLADESH DEMAND,2,0,0.0,24.0,B,3,REVIEW,LEGACY,MEDIUM CONFIDENCE,1,bangla,2,7,42.646,Bangladesh demand + near-ranking opportunity + useful source,DATA QUALITY REVIEW
25,tram,https://ovidhan.net/word/tram.html,POOL A — OBSERVED BANGLADESH DEMAND,2,0,0.0,42.5,B,3,REVIEW,LEGACY,MEDIUM CONFIDENCE,1,bangla,2,4,42.27,Bangladesh demand + near-ranking opportunity + useful source,DATA QUALITY REVIEW
26,labour,https://ovidhan.net/word/labour.html,POOL A — OBSERVED BANGLADESH DEMAND,1,0,0.0,19.0,B,3,REVIEW,LEGACY,MEDIUM CONFIDENCE,1,bangla,0,0,41.978,Bangladesh demand + near-ranking opportunity + useful source,DATA QUALITY REVIEW
27,loophole,https://ovidhan.net/word/loophole.html,POOL A — OBSERVED BANGLADESH DEMAND,1,0,0.0,11.0,B,3,REVIEW,LEGACY,MEDIUM CONFIDENCE,1,bangla,0,0,41.978,Bangladesh demand + near-ranking opportunity + useful source,DATA QUALITY REVIEW
28,tire,https://ovidhan.net/word/tire.html,POOL A — OBSERVED BANGLADESH DEMAND,1,0,0.0,19.0,B,3,REVIEW,LEGACY,MEDIUM CONFIDENCE,1,bangla,0,0,41.978,Bangladesh demand + near-ranking opportunity + useful source,DATA QUALITY REVIEW
29,magenta,https://ovidhan.net/word/magenta.html,POOL A — OBSERVED BANGLADESH DEMAND,2,0,0.0,42.5,B,3,REVIEW,LEGACY,MEDIUM CONFIDENCE,1,bangla,2,2,41.861,Bangladesh demand + near-ranking opportunity + useful source,DATA QUALITY REVIEW
30,terrible,https://ovidhan.net/word/terrible.html,POOL A — OBSERVED BANGLADESH DEMAND,2,0,0.0,50.0,B,3,REVIEW,LEGACY,MEDIUM CONFIDENCE,1,bangla,1,3,41.077,Bangladesh demand + near-ranking opportunity + useful source,DATA QUALITY REVIEW
31,lean,https://ovidhan.net/word/lean.html,POOL A — OBSERVED BANGLADESH DEMAND,3,0,0.0,51.0,B,3,REVIEW,LEGACY,MEDIUM CONFIDENCE,1,bangla,3,4,41.009,Bangladesh demand + near-ranking opportunity + useful source,STATIC-UPGRADE PRIORITY
32,sack,https://ovidhan.net/word/sack.html,POOL A — OBSERVED BANGLADESH DEMAND,2,0,0.0,37.5,B,3,REVIEW,LEGACY,MEDIUM CONFIDENCE,1,bangla,1,2,40.847,Bangladesh demand + near-ranking opportunity + useful source,DATA QUALITY REVIEW
33,sink,https://ovidhan.net/word/sink.html,POOL A — OBSERVED BANGLADESH DEMAND,2,0,0.0,47.5,B,3,REVIEW,LEGACY,MEDIUM CONFIDENCE,1,bangla,0,2,39.114,Bangladesh demand + near-ranking opportunity + useful source,DATA QUALITY REVIEW
34,mirth,https://ovidhan.net/word/mirth.html,POOL A — OBSERVED BANGLADESH DEMAND,1,0,0.0,24.0,B,3,REVIEW,LEGACY,MEDIUM CONFIDENCE,1,bangla,1,9,37.553,Bangladesh demand + near-ranking opportunity + useful source,DATA QUALITY REVIEW
35,mutiny,https://ovidhan.net/word/mutiny.html,POOL A — OBSERVED BANGLADESH DEMAND,1,0,0.0,38.0,B,3,REVIEW,LEGACY,MEDIUM CONFIDENCE,1,bangla,1,5,37.144,Bangladesh demand + near-ranking opportunity + useful source,DATA QUALITY REVIEW
36,quilt,https://ovidhan.net/word/quilt.html,POOL A — OBSERVED BANGLADESH DEMAND,2,0,0.0,58.0,B,3,REVIEW,LEGACY,MEDIUM CONFIDENCE,1,bangla,2,3,37.091,Bangladesh demand + near-ranking opportunity + useful source,DATA QUALITY REVIEW
37,sanguine,https://ovidhan.net/word/sanguine.html,POOL A — OBSERVED BANGLADESH DEMAND,2,0,0.0,81.5,B,3,REVIEW,LEGACY,MEDIUM CONFIDENCE,1,bangla,2,3,37.091,Bangladesh demand + near-ranking opportunity + useful source,DATA QUALITY REVIEW
38,purge,https://ovidhan.net/word/purge.html,POOL A — OBSERVED BANGLADESH DEMAND,1,0,0.0,42.0,B,3,REVIEW,LEGACY,MEDIUM CONFIDENCE,1,bangla,1,4,36.998,Bangladesh demand + near-ranking opportunity + useful source,DATA QUALITY REVIEW
39,sturdy,https://ovidhan.net/word/sturdy.html,POOL A — OBSERVED BANGLADESH DEMAND,1,0,0.0,31.0,B,3,REVIEW,LEGACY,MEDIUM CONFIDENCE,1,bangla,1,4,36.998,Bangladesh demand + near-ranking opportunity + useful source,DATA QUALITY REVIEW
40,militant,https://ovidhan.net/word/militant.html,POOL A — OBSERVED BANGLADESH DEMAND,1,0,0.0,27.0,B,3,REVIEW,LEGACY,MEDIUM CONFIDENCE,1,bangla,1,3,36.82,Bangladesh demand + near-ranking opportunity + useful source,DATA QUALITY REVIEW
41,musk,https://ovidhan.net/word/musk.html,POOL A — OBSERVED BANGLADESH DEMAND,1,0,0.0,34.0,B,3,REVIEW,LEGACY,MEDIUM CONFIDENCE,1,bangla,1,3,36.82,Bangladesh demand + near-ranking opportunity + useful source,DATA QUALITY REVIEW
42,rudimentary,https://ovidhan.net/word/rudimentary.html,POOL A — OBSERVED BANGLADESH DEMAND,1,0,0.0,32.0,B,3,REVIEW,LEGACY,MEDIUM CONFIDENCE,1,bangla,1,3,36.82,Bangladesh demand + near-ranking opportunity + useful source,DATA QUALITY REVIEW
43,terrific,https://ovidhan.net/word/terrific.html,POOL A — OBSERVED BANGLADESH DEMAND,1,0,0.0,26.0,B,3,REVIEW,LEGACY,MEDIUM CONFIDENCE,1,bangla,1,3,36.82,Bangladesh demand + near-ranking opportunity + useful source,DATA QUALITY REVIEW
44,tunnel,https://ovidhan.net/word/tunnel.html,POOL A — OBSERVED BANGLADESH DEMAND,1,0,0.0,39.0,B,3,REVIEW,LEGACY,MEDIUM CONFIDENCE,1,bangla,1,3,36.82,Bangladesh demand + near-ranking opportunity + useful source,DATA QUALITY REVIEW
45,constellation,https://ovidhan.net/word/constellation.html,POOL A — OBSERVED BANGLADESH DEMAND,1,0,0.0,27.0,B,3,REVIEW,LEGACY,MEDIUM CONFIDENCE,1,bangla,1,2,36.59,Bangladesh demand + near-ranking opportunity + useful source,DATA QUALITY REVIEW
46,prologue,https://ovidhan.net/word/prologue.html,POOL A — OBSERVED BANGLADESH DEMAND,1,0,0.0,31.0,B,3,REVIEW,LEGACY,MEDIUM CONFIDENCE,1,bangla,1,2,36.59,Bangladesh demand + near-ranking opportunity + useful source,DATA QUALITY REVIEW
47,quake,https://ovidhan.net/word/quake.html,POOL A — OBSERVED BANGLADESH DEMAND,1,0,0.0,37.0,B,3,REVIEW,LEGACY,MEDIUM CONFIDENCE,1,bangla,1,2,36.59,Bangladesh demand + near-ranking opportunity + useful source,DATA QUALITY REVIEW
48,spectacular,https://ovidhan.net/word/spectacular.html,POOL A — OBSERVED BANGLADESH DEMAND,1,0,0.0,30.0,B,3,REVIEW,LEGACY,MEDIUM CONFIDENCE,1,bangla,1,2,36.59,Bangladesh demand + near-ranking opportunity + useful source,DATA QUALITY REVIEW
49,wallet,https://ovidhan.net/word/wallet.html,POOL A — OBSERVED BANGLADESH DEMAND,2,0,0.0,53.0,B,3,REVIEW,LEGACY,MEDIUM CONFIDENCE,1,bangla,1,4,36.256,Bangladesh demand + near-ranking opportunity + useful source,DATA QUALITY REVIEW
50,stalk,https://ovidhan.net/word/stalk.html,POOL A — OBSERVED BANGLADESH DEMAND,2,0,0.0,53.0,B,3,REVIEW,LEGACY,MEDIUM CONFIDENCE,1,bangla,1,3,36.077,Bangladesh demand + near-ranking opportunity + useful source,DATA QUALITY REVIEW
51,economical,https://ovidhan.net/word/economical.html,POOL A — OBSERVED BANGLADESH DEMAND,1,0,0.0,30.0,B,3,REVIEW,LEGACY,MEDIUM CONFIDENCE,1,bangla,1,0,35.711,Bangladesh demand + near-ranking opportunity + useful source,DATA QUALITY REVIEW
52,integrity,https://ovidhan.net/word/integrity.html,POOL A — OBSERVED BANGLADESH DEMAND,1,0,0.0,48.0,B,3,REVIEW,LEGACY,MEDIUM CONFIDENCE,1,bangla,1,0,35.711,Bangladesh demand + near-ranking opportunity + useful source,DATA QUALITY REVIEW
53,monumental,https://ovidhan.net/word/monumental.html,POOL A — OBSERVED BANGLADESH DEMAND,1,0,0.0,26.0,B,3,REVIEW,LEGACY,MEDIUM CONFIDENCE,1,bangla,1,0,35.711,Bangladesh demand + near-ranking opportunity + useful source,DATA QUALITY REVIEW
54,nun,https://ovidhan.net/word/nun.html,POOL A — OBSERVED BANGLADESH DEMAND,1,0,0.0,33.0,B,3,REVIEW,LEGACY,MEDIUM CONFIDENCE,1,bangla,1,0,35.711,Bangladesh demand + near-ranking opportunity + useful source,DATA QUALITY REVIEW
55,pedestrian,https://ovidhan.net/word/pedestrian.html,POOL A — OBSERVED BANGLADESH DEMAND,1,0,0.0,25.0,B,3,REVIEW,LEGACY,MEDIUM CONFIDENCE,1,bangla,1,0,35.711,Bangladesh demand + near-ranking opportunity + useful source,DATA QUALITY REVIEW
56,shout,https://ovidhan.net/word/shout.html,POOL A — OBSERVED BANGLADESH DEMAND,1,0,0.0,49.0,B,3,REVIEW,LEGACY,MEDIUM CONFIDENCE,1,bangla,1,0,35.711,Bangladesh demand + near-ranking opportunity + useful source,DATA QUALITY REVIEW
57,swing,https://ovidhan.net/word/swing.html,POOL A — OBSERVED BANGLADESH DEMAND,1,0,0.0,45.0,B,3,REVIEW,LEGACY,MEDIUM CONFIDENCE,1,bangla,1,0,35.711,Bangladesh demand + near-ranking opportunity + useful source,DATA QUALITY REVIEW
58,sympathy,https://ovidhan.net/word/sympathy.html,POOL A — OBSERVED BANGLADESH DEMAND,1,0,0.0,38.0,B,3,REVIEW,LEGACY,MEDIUM CONFIDENCE,1,bangla,1,0,35.711,Bangladesh demand + near-ranking opportunity + useful source,DATA QUALITY REVIEW
59,torch,https://ovidhan.net/word/torch.html,POOL A — OBSERVED BANGLADESH DEMAND,1,0,0.0,34.0,B,3,REVIEW,LEGACY,MEDIUM CONFIDENCE,1,bangla,1,0,35.711,Bangladesh demand + near-ranking opportunity + useful source,DATA QUALITY REVIEW
60,wagon,https://ovidhan.net/word/wagon.html,POOL A — OBSERVED BANGLADESH DEMAND,1,0,0.0,36.0,B,3,REVIEW,LEGACY,MEDIUM CONFIDENCE,1,bangla,1,0,35.711,Bangladesh demand + near-ranking opportunity + useful source,DATA QUALITY REVIEW
61,subside,https://ovidhan.net/word/subside.html,POOL A — OBSERVED BANGLADESH DEMAND,1,0,0.0,42.0,B,3,REVIEW,LEGACY,MEDIUM CONFIDENCE,1,bangla,0,6,35.535,Bangladesh demand + near-ranking opportunity + useful source,DATA QUALITY REVIEW
62,quarry,https://ovidhan.net/word/quarry.html,POOL A — OBSERVED BANGLADESH DEMAND,1,0,0.0,37.0,B,3,REVIEW,LEGACY,MEDIUM CONFIDENCE,1,bangla,0,3,35.087,Bangladesh demand + near-ranking opportunity + useful source,DATA QUALITY REVIEW
63,vocabulary,https://ovidhan.net/word/vocabulary.html,POOL A — OBSERVED BANGLADESH DEMAND,1,0,0.0,52.0,B,3,REVIEW,LEGACY,MEDIUM CONFIDENCE,1,bangla,7,2,35.056,Bangladesh demand + near-ranking opportunity + useful source,DATA QUALITY REVIEW
64,nevertheless,https://ovidhan.net/word/nevertheless.html,POOL A — OBSERVED BANGLADESH DEMAND,1,0,0.0,47.0,B,3,REVIEW,LEGACY,MEDIUM CONFIDENCE,1,bangla,0,2,34.857,Bangladesh demand + near-ranking opportunity + useful source,DATA QUALITY REVIEW
65,spine,https://ovidhan.net/word/spine.html,POOL A — OBSERVED BANGLADESH DEMAND,1,0,0.0,32.0,B,3,REVIEW,LEGACY,MEDIUM CONFIDENCE,1,bangla,0,2,34.857,Bangladesh demand + near-ranking opportunity + useful source,DATA QUALITY REVIEW
66,stab,https://ovidhan.net/word/stab.html,POOL A — OBSERVED BANGLADESH DEMAND,1,0,0.0,46.0,B,3,REVIEW,LEGACY,MEDIUM CONFIDENCE,1,bangla,0,2,34.857,Bangladesh demand + near-ranking opportunity + useful source,DATA QUALITY REVIEW
67,ultimatum,https://ovidhan.net/word/ultimatum.html,POOL A — OBSERVED BANGLADESH DEMAND,1,0,0.0,50.0,B,3,REVIEW,LEGACY,MEDIUM CONFIDENCE,1,bangla,0,2,34.857,Bangladesh demand + near-ranking opportunity + useful source,DATA QUALITY REVIEW
68,quantum,https://ovidhan.net/word/quantum.html,POOL A — OBSERVED BANGLADESH DEMAND,2,0,0.0,68.0,B,3,REVIEW,LEGACY,MEDIUM CONFIDENCE,1,bangla,0,6,34.792,Bangladesh demand + near-ranking opportunity + useful source,DATA QUALITY REVIEW
69,moss,https://ovidhan.net/word/moss.html,POOL A — OBSERVED BANGLADESH DEMAND,2,0,0.0,57.0,B,3,REVIEW,LEGACY,MEDIUM CONFIDENCE,1,bangla,0,5,34.669,Bangladesh demand + near-ranking opportunity + useful source,DATA QUALITY REVIEW
70,sneeze,https://ovidhan.net/word/sneeze.html,POOL A — OBSERVED BANGLADESH DEMAND,2,0,0.0,56.5,B,3,REVIEW,LEGACY,MEDIUM CONFIDENCE,1,bangla,0,4,34.523,Bangladesh demand + near-ranking opportunity + useful source,DATA QUALITY REVIEW
71,vanish,https://ovidhan.net/word/vanish.html,POOL A — OBSERVED BANGLADESH DEMAND,2,0,0.0,70.0,B,3,REVIEW,LEGACY,MEDIUM CONFIDENCE,1,bangla,0,4,34.523,Bangladesh demand + near-ranking opportunity + useful source,DATA QUALITY REVIEW
72,equable,https://ovidhan.net/word/equable.html,POOL A — OBSERVED BANGLADESH DEMAND,1,0,0.0,39.0,B,3,REVIEW,LEGACY,MEDIUM CONFIDENCE,1,bangla,0,0,33.978,Bangladesh demand + near-ranking opportunity + useful source,DATA QUALITY REVIEW
73,hallmark,https://ovidhan.net/word/hallmark.html,POOL A — OBSERVED BANGLADESH DEMAND,1,0,0.0,42.0,B,3,REVIEW,LEGACY,MEDIUM CONFIDENCE,1,bangla,0,0,33.978,Bangladesh demand + near-ranking opportunity + useful source,DATA QUALITY REVIEW
74,sad,https://ovidhan.net/word/sad.html,POOL A — OBSERVED BANGLADESH DEMAND,1,0,0.0,45.0,B,3,REVIEW,LEGACY,MEDIUM CONFIDENCE,1,bangla,0,0,33.978,Bangladesh demand + near-ranking opportunity + useful source,DATA QUALITY REVIEW
75,slant,https://ovidhan.net/word/slant.html,POOL A — OBSERVED BANGLADESH DEMAND,1,0,0.0,39.0,B,3,REVIEW,LEGACY,MEDIUM CONFIDENCE,1,bangla,0,0,33.978,Bangladesh demand + near-ranking opportunity + useful source,DATA QUALITY REVIEW
76,slobber,https://ovidhan.net/word/slobber.html,POOL A — OBSERVED BANGLADESH DEMAND,1,0,0.0,23.0,B,3,REVIEW,LEGACY,MEDIUM CONFIDENCE,1,bangla,0,0,33.978,Bangladesh demand + near-ranking opportunity + useful source,DATA QUALITY REVIEW
77,suppose,https://ovidhan.net/word/suppose.html,POOL A — OBSERVED BANGLADESH DEMAND,1,0,0.0,36.0,B,3,REVIEW,LEGACY,MEDIUM CONFIDENCE,1,bangla,0,0,33.978,Bangladesh demand + near-ranking opportunity + useful source,DATA QUALITY REVIEW
78,tear,https://ovidhan.net/word/tear.html,POOL A — OBSERVED BANGLADESH DEMAND,1,0,0.0,46.0,B,3,REVIEW,LEGACY,MEDIUM CONFIDENCE,1,bangla,0,0,33.978,Bangladesh demand + near-ranking opportunity + useful source,DATA QUALITY REVIEW
79,deficit,https://ovidhan.net/word/deficit.html,POOL A — OBSERVED BANGLADESH DEMAND,1,0,0.0,69.0,B,3,REVIEW,LEGACY,MEDIUM CONFIDENCE,1,bangla,1,0,30.711,Bangladesh demand + near-ranking opportunity + useful source,DATA QUALITY REVIEW
80,stroke,https://ovidhan.net/word/stroke.html,POOL A — OBSERVED BANGLADESH DEMAND,1,0,0.0,54.0,B,3,REVIEW,LEGACY,MEDIUM CONFIDENCE,1,bangla,1,0,30.711,Bangladesh demand + near-ranking opportunity + useful source,DATA QUALITY REVIEW
81,telescope,https://ovidhan.net/word/telescope.html,POOL A — OBSERVED BANGLADESH DEMAND,1,0,0.0,58.0,B,3,REVIEW,LEGACY,MEDIUM CONFIDENCE,1,bangla,1,0,30.711,Bangladesh demand + near-ranking opportunity + useful source,DATA QUALITY REVIEW
82,shy,https://ovidhan.net/word/shy.html,POOL A — OBSERVED BANGLADESH DEMAND,1,0,0.0,87.0,B,3,REVIEW,LEGACY,MEDIUM CONFIDENCE,1,bangla,0,4,30.266,Bangladesh demand + near-ranking opportunity + useful source,DATA QUALITY REVIEW
83,manipulate,https://ovidhan.net/word/manipulate.html,POOL A — OBSERVED BANGLADESH DEMAND,1,0,0.0,53.0,B,3,REVIEW,LEGACY,MEDIUM CONFIDENCE,1,bangla,0,3,30.087,Bangladesh demand + near-ranking opportunity + useful source,DATA QUALITY REVIEW
84,friction,https://ovidhan.net/word/friction.html,POOL A — OBSERVED BANGLADESH DEMAND,1,0,0.0,51.0,B,3,REVIEW,LEGACY,MEDIUM CONFIDENCE,1,bangla,0,2,29.857,Bangladesh demand + near-ranking opportunity + useful source,DATA QUALITY REVIEW
85,mess,https://ovidhan.net/word/mess.html,POOL A — OBSERVED BANGLADESH DEMAND,1,0,0.0,62.0,B,3,REVIEW,LEGACY,MEDIUM CONFIDENCE,1,bangla,0,2,29.857,Bangladesh demand + near-ranking opportunity + useful source,DATA QUALITY REVIEW
86,offset,https://ovidhan.net/word/offset.html,POOL A — OBSERVED BANGLADESH DEMAND,1,0,0.0,92.0,B,3,REVIEW,LEGACY,MEDIUM CONFIDENCE,1,bangla,0,2,29.857,Bangladesh demand + near-ranking opportunity + useful source,DATA QUALITY REVIEW
87,rant,https://ovidhan.net/word/rant.html,POOL A — OBSERVED BANGLADESH DEMAND,1,0,0.0,58.0,B,3,REVIEW,LEGACY,MEDIUM CONFIDENCE,1,bangla,0,2,29.857,Bangladesh demand + near-ranking opportunity + useful source,DATA QUALITY REVIEW
88,reckon,https://ovidhan.net/word/reckon.html,POOL A — OBSERVED BANGLADESH DEMAND,1,0,0.0,76.0,B,3,REVIEW,LEGACY,MEDIUM CONFIDENCE,1,bangla,0,2,29.857,Bangladesh demand + near-ranking opportunity + useful source,DATA QUALITY REVIEW
89,velocity,https://ovidhan.net/word/velocity.html,POOL A — OBSERVED BANGLADESH DEMAND,1,0,0.0,70.0,B,3,REVIEW,LEGACY,MEDIUM CONFIDENCE,1,bangla,0,2,29.857,Bangladesh demand + near-ranking opportunity + useful source,DATA QUALITY REVIEW
90,crunch,https://ovidhan.net/word/crunch.html,POOL A — OBSERVED BANGLADESH DEMAND,1,0,0.0,78.0,B,3,REVIEW,LEGACY,MEDIUM CONFIDENCE,1,bangla,0,0,28.978,Bangladesh demand + near-ranking opportunity + useful source,DATA QUALITY REVIEW
91,lash,https://ovidhan.net/word/lash.html,POOL A — OBSERVED BANGLADESH DEMAND,1,0,0.0,83.0,B,3,REVIEW,LEGACY,MEDIUM CONFIDENCE,1,bangla,0,0,28.978,Bangladesh demand + near-ranking opportunity + useful source,DATA QUALITY REVIEW
92,nest,https://ovidhan.net/word/nest.html,POOL A — OBSERVED BANGLADESH DEMAND,1,0,0.0,74.0,B,3,REVIEW,LEGACY,MEDIUM CONFIDENCE,1,bangla,0,0,28.978,Bangladesh demand + near-ranking opportunity + useful source,DATA QUALITY REVIEW
93,opportune,https://ovidhan.net/word/opportune.html,POOL A — OBSERVED BANGLADESH DEMAND,1,0,0.0,57.0,B,3,REVIEW,LEGACY,MEDIUM CONFIDENCE,1,bangla,0,0,28.978,Bangladesh demand + near-ranking opportunity + useful source,DATA QUALITY REVIEW
94,phenomenon,https://ovidhan.net/word/phenomenon.html,POOL A — OBSERVED BANGLADESH DEMAND,1,0,0.0,55.0,B,3,REVIEW,LEGACY,MEDIUM CONFIDENCE,1,bangla,0,0,28.978,Bangladesh demand + near-ranking opportunity + useful source,DATA QUALITY REVIEW
95,reassure,https://ovidhan.net/word/reassure.html,POOL A — OBSERVED BANGLADESH DEMAND,1,0,0.0,54.0,B,3,REVIEW,LEGACY,MEDIUM CONFIDENCE,1,bangla,0,0,28.978,Bangladesh demand + near-ranking opportunity + useful source,DATA QUALITY REVIEW
96,recital,https://ovidhan.net/word/recital.html,POOL A — OBSERVED BANGLADESH DEMAND,1,0,0.0,72.0,B,3,REVIEW,LEGACY,MEDIUM CONFIDENCE,1,bangla,0,0,28.978,Bangladesh demand + near-ranking opportunity + useful source,DATA QUALITY REVIEW
97,squash,https://ovidhan.net/word/squash.html,POOL A — OBSERVED BANGLADESH DEMAND,1,0,0.0,69.0,B,3,REVIEW,LEGACY,MEDIUM CONFIDENCE,1,bangla,0,0,28.978,Bangladesh demand + near-ranking opportunity + useful source,DATA QUALITY REVIEW
98,wash,https://ovidhan.net/word/wash.html,POOL A — OBSERVED BANGLADESH DEMAND,1,0,0.0,51.0,B,3,REVIEW,LEGACY,MEDIUM CONFIDENCE,1,bangla,0,0,28.978,Bangladesh demand + near-ranking opportunity + useful source,DATA QUALITY REVIEW
99,wipe,https://ovidhan.net/word/wipe.html,POOL A — OBSERVED BANGLADESH DEMAND,1,0,0.0,53.0,B,3,REVIEW,LEGACY,MEDIUM CONFIDENCE,1,bangla,0,0,28.978,Bangladesh demand + near-ranking opportunity + useful source,DATA QUALITY REVIEW
100,withdrawal,https://ovidhan.net/word/withdrawal.html,POOL A — OBSERVED BANGLADESH DEMAND,1,0,0.0,82.0,B,3,REVIEW,LEGACY,MEDIUM CONFIDENCE,1,bangla,0,0,28.978,Bangladesh demand + near-ranking opportunity + useful source,DATA QUALITY REVIEW
101,meaning,https://ovidhan.net/word/meaning.html,POOL B — HIGH-QUALITY DISCOVERY,0,0,0,0,A,7,REVIEW,LEGACY,LOW CONFIDENCE,4,bangla;definition;part_of_speech;example,664,0,42.3,Tier A/B source quality; discovery candidate requiring external demand data,CONTENT REVIEW
102,in,https://ovidhan.net/word/in.html,POOL B — HIGH-QUALITY DISCOVERY,0,0,0,0,A,7,REVIEW,LEGACY,LOW CONFIDENCE,4,bangla;definition;part_of_speech;example,657,0,42.3,Tier A/B source quality; discovery candidate requiring external demand data,CONTENT REVIEW
103,rules,https://ovidhan.net/word/rules.html,POOL B — HIGH-QUALITY DISCOVERY,0,0,0,0,A,7,REVIEW,LEGACY,LOW CONFIDENCE,4,bangla;definition;part_of_speech;example,19,0,42.3,Tier A/B source quality; discovery candidate requiring external demand data,CONTENT REVIEW
104,english,https://ovidhan.net/word/english.html,POOL B — HIGH-QUALITY DISCOVERY,0,0,0,0,A,7,REVIEW,LEGACY,LOW CONFIDENCE,4,bangla;definition;part_of_speech;example,11,0,41.512,Tier A/B source quality; discovery candidate requiring external demand data,CONTENT REVIEW
105,net,https://ovidhan.net/word/net.html,POOL B — HIGH-QUALITY DISCOVERY,0,0,0,0,A,7,REVIEW,LEGACY,LOW CONFIDENCE,4,bangla;definition;part_of_speech;example,4,9,41.166,Tier A/B source quality; discovery candidate requiring external demand data,CONTENT REVIEW
106,dictionary,https://ovidhan.net/word/dictionary.html,POOL B — HIGH-QUALITY DISCOVERY,0,0,0,0,A,7,REVIEW,LEGACY,LOW CONFIDENCE,4,bangla;definition;part_of_speech;example,7,0,40.499,Tier A/B source quality; discovery candidate requiring external demand data,CONTENT REVIEW
107,soft,https://ovidhan.net/word/soft.html,POOL B — HIGH-QUALITY DISCOVERY,0,0,0,0,A,7,REVIEW,LEGACY,LOW CONFIDENCE,4,bangla;definition;part_of_speech;example,4,0,39.324,Tier A/B source quality; discovery candidate requiring external demand data,CONTENT REVIEW
108,worth,https://ovidhan.net/word/worth.html,POOL B — HIGH-QUALITY DISCOVERY,0,0,0,0,A,7,REVIEW,LEGACY,LOW CONFIDENCE,4,bangla;definition;part_of_speech;example,4,0,39.324,Tier A/B source quality; discovery candidate requiring external demand data,CONTENT REVIEW
109,examples,https://ovidhan.net/word/examples.html,POOL B — HIGH-QUALITY DISCOVERY,0,0,0,0,A,7,REVIEW,LEGACY,LOW CONFIDENCE,4,bangla;definition;part_of_speech;example,2,2,38.925,Tier A/B source quality; discovery candidate requiring external demand data,CONTENT REVIEW
110,slow,https://ovidhan.net/word/slow.html,POOL B — HIGH-QUALITY DISCOVERY,0,0,0,0,A,7,REVIEW,LEGACY,LOW CONFIDENCE,4,bangla;definition;part_of_speech;example,3,0,38.766,Tier A/B source quality; discovery candidate requiring external demand data,CONTENT REVIEW
111,except,https://ovidhan.net/word/except.html,POOL B — HIGH-QUALITY DISCOVERY,0,0,0,0,A,7,REVIEW,LEGACY,LOW CONFIDENCE,4,bangla;definition;part_of_speech;example,2,0,38.047,Tier A/B source quality; discovery candidate requiring external demand data,CONTENT REVIEW
112,forms,https://ovidhan.net/word/forms.html,POOL B — HIGH-QUALITY DISCOVERY,0,0,0,0,A,7,REVIEW,LEGACY,LOW CONFIDENCE,4,bangla;definition;part_of_speech;example,2,0,38.047,Tier A/B source quality; discovery candidate requiring external demand data,CONTENT REVIEW
113,notice,https://ovidhan.net/word/notice.html,POOL B — HIGH-QUALITY DISCOVERY,0,0,0,0,A,7,REVIEW,LEGACY,LOW CONFIDENCE,4,bangla;definition;part_of_speech;example,2,0,38.047,Tier A/B source quality; discovery candidate requiring external demand data,CONTENT REVIEW
114,online,https://ovidhan.net/word/online.html,POOL B — HIGH-QUALITY DISCOVERY,0,0,0,0,A,7,REVIEW,LEGACY,LOW CONFIDENCE,4,bangla;definition;part_of_speech;example,2,0,38.047,Tier A/B source quality; discovery candidate requiring external demand data,CONTENT REVIEW
115,producing,https://ovidhan.net/word/producing.html,POOL B — HIGH-QUALITY DISCOVERY,0,0,0,0,A,7,REVIEW,LEGACY,LOW CONFIDENCE,4,bangla;definition;part_of_speech;example,0,10,37.218,Tier A/B source quality; discovery candidate requiring external demand data,CONTENT REVIEW
116,translation,https://ovidhan.net/word/translation.html,POOL B — HIGH-QUALITY DISCOVERY,0,0,0,0,A,7,REVIEW,LEGACY,LOW CONFIDENCE,4,bangla;definition;part_of_speech;example,0,9,37.142,Tier A/B source quality; discovery candidate requiring external demand data,CONTENT REVIEW
117,by,https://ovidhan.net/word/by.html,POOL B — HIGH-QUALITY DISCOVERY,0,0,0,0,A,7,REVIEW,LEGACY,LOW CONFIDENCE,4,bangla;definition;part_of_speech;example,1,0,37.033,Tier A/B source quality; discovery candidate requiring external demand data,CONTENT REVIEW
118,economic,https://ovidhan.net/word/economic.html,POOL B — HIGH-QUALITY DISCOVERY,0,0,0,0,A,7,REVIEW,LEGACY,LOW CONFIDENCE,4,bangla;definition;part_of_speech;example,1,0,37.033,Tier A/B source quality; discovery candidate requiring external demand data,CONTENT REVIEW
119,example,https://ovidhan.net/word/example.html,POOL B — HIGH-QUALITY DISCOVERY,0,0,0,0,A,7,REVIEW,LEGACY,LOW CONFIDENCE,4,bangla;definition;part_of_speech;example,1,0,37.033,Tier A/B source quality; discovery candidate requiring external demand data,CONTENT REVIEW
120,finder,https://ovidhan.net/word/finder.html,POOL B — HIGH-QUALITY DISCOVERY,0,0,0,0,A,7,REVIEW,LEGACY,LOW CONFIDENCE,4,bangla;definition;part_of_speech;example,1,0,37.033,Tier A/B source quality; discovery candidate requiring external demand data,CONTENT REVIEW
121,liberal,https://ovidhan.net/word/liberal.html,POOL B — HIGH-QUALITY DISCOVERY,0,0,0,0,A,7,REVIEW,LEGACY,LOW CONFIDENCE,4,bangla;definition;part_of_speech;example,1,0,37.033,Tier A/B source quality; discovery candidate requiring external demand data,CONTENT REVIEW
122,manufacturer,https://ovidhan.net/word/manufacturer.html,POOL B — HIGH-QUALITY DISCOVERY,0,0,0,0,A,7,REVIEW,LEGACY,LOW CONFIDENCE,4,bangla;definition;part_of_speech;example,1,0,37.033,Tier A/B source quality; discovery candidate requiring external demand data,CONTENT REVIEW
123,max,https://ovidhan.net/word/max.html,POOL B — HIGH-QUALITY DISCOVERY,0,0,0,0,A,7,REVIEW,LEGACY,LOW CONFIDENCE,4,bangla;definition;part_of_speech;example,1,0,37.033,Tier A/B source quality; discovery candidate requiring external demand data,CONTENT REVIEW
124,mayor,https://ovidhan.net/word/mayor.html,POOL B — HIGH-QUALITY DISCOVERY,0,0,0,0,A,7,REVIEW,LEGACY,LOW CONFIDENCE,4,bangla;definition;part_of_speech;example,1,0,37.033,Tier A/B source quality; discovery candidate requiring external demand data,CONTENT REVIEW
125,meet,https://ovidhan.net/word/meet.html,POOL B — HIGH-QUALITY DISCOVERY,0,0,0,0,A,7,REVIEW,LEGACY,LOW CONFIDENCE,4,bangla;definition;part_of_speech;example,1,0,37.033,Tier A/B source quality; discovery candidate requiring external demand data,CONTENT REVIEW
126,municipal,https://ovidhan.net/word/municipal.html,POOL B — HIGH-QUALITY DISCOVERY,0,0,0,0,A,7,REVIEW,LEGACY,LOW CONFIDENCE,4,bangla;definition;part_of_speech;example,1,0,37.033,Tier A/B source quality; discovery candidate requiring external demand data,CONTENT REVIEW
127,not,https://ovidhan.net/word/not.html,POOL B — HIGH-QUALITY DISCOVERY,0,0,0,0,A,7,REVIEW,LEGACY,LOW CONFIDENCE,4,bangla;definition;part_of_speech;example,1,0,37.033,Tier A/B source quality; discovery candidate requiring external demand data,CONTENT REVIEW
128,off,https://ovidhan.net/word/off.html,POOL B — HIGH-QUALITY DISCOVERY,0,0,0,0,A,7,REVIEW,LEGACY,LOW CONFIDENCE,4,bangla;definition;part_of_speech;example,1,0,37.033,Tier A/B source quality; discovery candidate requiring external demand data,CONTENT REVIEW
129,officer,https://ovidhan.net/word/officer.html,POOL B — HIGH-QUALITY DISCOVERY,0,0,0,0,A,7,REVIEW,LEGACY,LOW CONFIDENCE,4,bangla;definition;part_of_speech;example,1,0,37.033,Tier A/B source quality; discovery candidate requiring external demand data,CONTENT REVIEW
130,over,https://ovidhan.net/word/over.html,POOL B — HIGH-QUALITY DISCOVERY,0,0,0,0,A,7,REVIEW,LEGACY,LOW CONFIDENCE,4,bangla;definition;part_of_speech;example,1,0,37.033,Tier A/B source quality; discovery candidate requiring external demand data,CONTENT REVIEW
131,parts,https://ovidhan.net/word/parts.html,POOL B — HIGH-QUALITY DISCOVERY,0,0,0,0,A,7,REVIEW,LEGACY,LOW CONFIDENCE,4,bangla;definition;part_of_speech;example,1,0,37.033,Tier A/B source quality; discovery candidate requiring external demand data,CONTENT REVIEW
132,pattern,https://ovidhan.net/word/pattern.html,POOL B — HIGH-QUALITY DISCOVERY,0,0,0,0,A,7,REVIEW,LEGACY,LOW CONFIDENCE,4,bangla;definition;part_of_speech;example,1,0,37.033,Tier A/B source quality; discovery candidate requiring external demand data,CONTENT REVIEW
133,quest,https://ovidhan.net/word/quest.html,POOL B — HIGH-QUALITY DISCOVERY,0,0,0,0,A,7,REVIEW,LEGACY,LOW CONFIDENCE,4,bangla;definition;part_of_speech;example,1,0,37.033,Tier A/B source quality; discovery candidate requiring external demand data,CONTENT REVIEW
134,question,https://ovidhan.net/word/question.html,POOL B — HIGH-QUALITY DISCOVERY,0,0,0,0,A,7,REVIEW,LEGACY,LOW CONFIDENCE,4,bangla;definition;part_of_speech;example,1,0,37.033,Tier A/B source quality; discovery candidate requiring external demand data,CONTENT REVIEW
135,right,https://ovidhan.net/word/right.html,POOL B — HIGH-QUALITY DISCOVERY,0,0,0,0,A,7,REVIEW,LEGACY,LOW CONFIDENCE,4,bangla;definition;part_of_speech;example,1,0,37.033,Tier A/B source quality; discovery candidate requiring external demand data,CONTENT REVIEW
136,second,https://ovidhan.net/word/second.html,POOL B — HIGH-QUALITY DISCOVERY,0,0,0,0,A,7,REVIEW,LEGACY,LOW CONFIDENCE,4,bangla;definition;part_of_speech;example,1,0,37.033,Tier A/B source quality; discovery candidate requiring external demand data,CONTENT REVIEW
137,south,https://ovidhan.net/word/south.html,POOL B — HIGH-QUALITY DISCOVERY,0,0,0,0,A,7,REVIEW,LEGACY,LOW CONFIDENCE,4,bangla;definition;part_of_speech;example,1,0,37.033,Tier A/B source quality; discovery candidate requiring external demand data,CONTENT REVIEW
138,speech,https://ovidhan.net/word/speech.html,POOL B — HIGH-QUALITY DISCOVERY,0,0,0,0,A,7,REVIEW,LEGACY,LOW CONFIDENCE,4,bangla;definition;part_of_speech;example,1,0,37.033,Tier A/B source quality; discovery candidate requiring external demand data,CONTENT REVIEW
139,supposed,https://ovidhan.net/word/supposed.html,POOL B — HIGH-QUALITY DISCOVERY,0,0,0,0,A,7,REVIEW,LEGACY,LOW CONFIDENCE,4,bangla;definition;part_of_speech;example,1,0,37.033,Tier A/B source quality; discovery candidate requiring external demand data,CONTENT REVIEW
140,switch,https://ovidhan.net/word/switch.html,POOL B — HIGH-QUALITY DISCOVERY,0,0,0,0,A,7,REVIEW,LEGACY,LOW CONFIDENCE,4,bangla;definition;part_of_speech;example,1,0,37.033,Tier A/B source quality; discovery candidate requiring external demand data,CONTENT REVIEW
141,take,https://ovidhan.net/word/take.html,POOL B — HIGH-QUALITY DISCOVERY,0,0,0,0,A,7,REVIEW,LEGACY,LOW CONFIDENCE,4,bangla;definition;part_of_speech;example,1,0,37.033,Tier A/B source quality; discovery candidate requiring external demand data,CONTENT REVIEW
142,throw,https://ovidhan.net/word/throw.html,POOL B — HIGH-QUALITY DISCOVERY,0,0,0,0,A,7,REVIEW,LEGACY,LOW CONFIDENCE,4,bangla;definition;part_of_speech;example,1,0,37.033,Tier A/B source quality; discovery candidate requiring external demand data,CONTENT REVIEW
143,trade,https://ovidhan.net/word/trade.html,POOL B — HIGH-QUALITY DISCOVERY,0,0,0,0,A,7,REVIEW,LEGACY,LOW CONFIDENCE,4,bangla;definition;part_of_speech;example,1,0,37.033,Tier A/B source quality; discovery candidate requiring external demand data,CONTENT REVIEW
144,university,https://ovidhan.net/word/university.html,POOL B — HIGH-QUALITY DISCOVERY,0,0,0,0,A,7,REVIEW,LEGACY,LOW CONFIDENCE,4,bangla;definition;part_of_speech;example,1,0,37.033,Tier A/B source quality; discovery candidate requiring external demand data,CONTENT REVIEW
145,up,https://ovidhan.net/word/up.html,POOL B — HIGH-QUALITY DISCOVERY,0,0,0,0,A,7,REVIEW,LEGACY,LOW CONFIDENCE,4,bangla;definition;part_of_speech;example,1,0,37.033,Tier A/B source quality; discovery candidate requiring external demand data,CONTENT REVIEW
146,world,https://ovidhan.net/word/world.html,POOL B — HIGH-QUALITY DISCOVERY,0,0,0,0,A,7,REVIEW,LEGACY,LOW CONFIDENCE,4,bangla;definition;part_of_speech;example,1,0,37.033,Tier A/B source quality; discovery candidate requiring external demand data,CONTENT REVIEW
147,yard,https://ovidhan.net/word/yard.html,POOL B — HIGH-QUALITY DISCOVERY,0,0,0,0,A,7,REVIEW,LEGACY,LOW CONFIDENCE,4,bangla;definition;part_of_speech;example,1,0,37.033,Tier A/B source quality; discovery candidate requiring external demand data,CONTENT REVIEW
148,creating,https://ovidhan.net/word/creating.html,POOL B — HIGH-QUALITY DISCOVERY,0,0,0,0,A,7,REVIEW,LEGACY,LOW CONFIDENCE,4,bangla;definition;part_of_speech;example,0,7,36.964,Tier A/B source quality; discovery candidate requiring external demand data,CONTENT REVIEW
149,smaller,https://ovidhan.net/word/smaller.html,POOL B — HIGH-QUALITY DISCOVERY,0,0,0,0,A,7,REVIEW,LEGACY,LOW CONFIDENCE,4,bangla;definition;part_of_speech;example,0,5,36.733,Tier A/B source quality; discovery candidate requiring external demand data,CONTENT REVIEW
150,must,https://ovidhan.net/word/must.html,POOL B — HIGH-QUALITY DISCOVERY,0,0,0,0,A,7,REVIEW,LEGACY,LOW CONFIDENCE,4,bangla;definition;part_of_speech;example,0,4,36.588,Tier A/B source quality; discovery candidate requiring external demand data,CONTENT REVIEW
151,creates,https://ovidhan.net/word/creates.html,POOL B — HIGH-QUALITY DISCOVERY,0,0,0,0,A,7,REVIEW,LEGACY,LOW CONFIDENCE,4,bangla;definition;part_of_speech;example,0,2,36.179,Tier A/B source quality; discovery candidate requiring external demand data,CONTENT REVIEW
152,establish,https://ovidhan.net/word/establish.html,POOL B — HIGH-QUALITY DISCOVERY,0,0,0,0,A,7,REVIEW,LEGACY,LOW CONFIDENCE,4,bangla;definition;part_of_speech;example,0,2,36.179,Tier A/B source quality; discovery candidate requiring external demand data,CONTENT REVIEW
153,faces,https://ovidhan.net/word/faces.html,POOL B — HIGH-QUALITY DISCOVERY,0,0,0,0,A,7,REVIEW,LEGACY,LOW CONFIDENCE,4,bangla;definition;part_of_speech;example,0,2,36.179,Tier A/B source quality; discovery candidate requiring external demand data,CONTENT REVIEW
154,having,https://ovidhan.net/word/having.html,POOL B — HIGH-QUALITY DISCOVERY,0,0,0,0,A,7,REVIEW,LEGACY,LOW CONFIDENCE,4,bangla;definition;part_of_speech;example,0,2,36.179,Tier A/B source quality; discovery candidate requiring external demand data,CONTENT REVIEW
155,organisations,https://ovidhan.net/word/organisations.html,POOL B — HIGH-QUALITY DISCOVERY,0,0,0,0,A,7,REVIEW,LEGACY,LOW CONFIDENCE,4,bangla;definition;part_of_speech;example,0,2,36.179,Tier A/B source quality; discovery candidate requiring external demand data,CONTENT REVIEW
156,unable,https://ovidhan.net/word/unable.html,POOL B — HIGH-QUALITY DISCOVERY,0,0,0,0,A,7,REVIEW,LEGACY,LOW CONFIDENCE,4,bangla;definition;part_of_speech;example,0,2,36.179,Tier A/B source quality; discovery candidate requiring external demand data,CONTENT REVIEW
157,boots,https://ovidhan.net/word/boots.html,POOL B — HIGH-QUALITY DISCOVERY,0,0,0,0,A,7,REVIEW,LEGACY,LOW CONFIDENCE,4,bangla;definition;part_of_speech;example,0,0,35.3,Tier A/B source quality; discovery candidate requiring external demand data,CONTENT REVIEW
158,booty,https://ovidhan.net/word/booty.html,POOL B — HIGH-QUALITY DISCOVERY,0,0,0,0,A,7,REVIEW,LEGACY,LOW CONFIDENCE,4,bangla;definition;part_of_speech;example,0,0,35.3,Tier A/B source quality; discovery candidate requiring external demand data,CONTENT REVIEW
159,border,https://ovidhan.net/word/border.html,POOL B — HIGH-QUALITY DISCOVERY,0,0,0,0,A,7,REVIEW,LEGACY,LOW CONFIDENCE,4,bangla;definition;part_of_speech;example,0,0,35.3,Tier A/B source quality; discovery candidate requiring external demand data,CONTENT REVIEW
160,born,https://ovidhan.net/word/born.html,POOL B — HIGH-QUALITY DISCOVERY,0,0,0,0,A,7,REVIEW,LEGACY,LOW CONFIDENCE,4,bangla;definition;part_of_speech;example,0,0,35.3,Tier A/B source quality; discovery candidate requiring external demand data,CONTENT REVIEW
161,boss,https://ovidhan.net/word/boss.html,POOL B — HIGH-QUALITY DISCOVERY,0,0,0,0,A,7,REVIEW,LEGACY,LOW CONFIDENCE,4,bangla;definition;part_of_speech;example,0,0,35.3,Tier A/B source quality; discovery candidate requiring external demand data,CONTENT REVIEW
162,boston,https://ovidhan.net/word/boston.html,POOL B — HIGH-QUALITY DISCOVERY,0,0,0,0,A,7,REVIEW,LEGACY,LOW CONFIDENCE,4,bangla;definition;part_of_speech;example,0,0,35.3,Tier A/B source quality; discovery candidate requiring external demand data,CONTENT REVIEW
163,both,https://ovidhan.net/word/both.html,POOL B — HIGH-QUALITY DISCOVERY,0,0,0,0,A,7,REVIEW,LEGACY,LOW CONFIDENCE,4,bangla;definition;part_of_speech;example,0,0,35.3,Tier A/B source quality; discovery candidate requiring external demand data,CONTENT REVIEW
164,bottle,https://ovidhan.net/word/bottle.html,POOL B — HIGH-QUALITY DISCOVERY,0,0,0,0,A,7,REVIEW,LEGACY,LOW CONFIDENCE,4,bangla;definition;part_of_speech;example,0,0,35.3,Tier A/B source quality; discovery candidate requiring external demand data,CONTENT REVIEW
165,bottom,https://ovidhan.net/word/bottom.html,POOL B — HIGH-QUALITY DISCOVERY,0,0,0,0,A,7,REVIEW,LEGACY,LOW CONFIDENCE,4,bangla;definition;part_of_speech;example,0,0,35.3,Tier A/B source quality; discovery candidate requiring external demand data,CONTENT REVIEW
166,bought,https://ovidhan.net/word/bought.html,POOL B — HIGH-QUALITY DISCOVERY,0,0,0,0,A,7,REVIEW,LEGACY,LOW CONFIDENCE,4,bangla;definition;part_of_speech;example,0,0,35.3,Tier A/B source quality; discovery candidate requiring external demand data,CONTENT REVIEW
167,bound,https://ovidhan.net/word/bound.html,POOL B — HIGH-QUALITY DISCOVERY,0,0,0,0,A,7,REVIEW,LEGACY,LOW CONFIDENCE,4,bangla;definition;part_of_speech;example,0,0,35.3,Tier A/B source quality; discovery candidate requiring external demand data,CONTENT REVIEW
168,bowl,https://ovidhan.net/word/bowl.html,POOL B — HIGH-QUALITY DISCOVERY,0,0,0,0,A,7,REVIEW,LEGACY,LOW CONFIDENCE,4,bangla;definition;part_of_speech;example,0,0,35.3,Tier A/B source quality; discovery candidate requiring external demand data,CONTENT REVIEW
169,box,https://ovidhan.net/word/box.html,POOL B — HIGH-QUALITY DISCOVERY,0,0,0,0,A,7,REVIEW,LEGACY,LOW CONFIDENCE,4,bangla;definition;part_of_speech;example,0,0,35.3,Tier A/B source quality; discovery candidate requiring external demand data,CONTENT REVIEW
170,boxes,https://ovidhan.net/word/boxes.html,POOL B — HIGH-QUALITY DISCOVERY,0,0,0,0,A,7,REVIEW,LEGACY,LOW CONFIDENCE,4,bangla;definition;part_of_speech;example,0,0,35.3,Tier A/B source quality; discovery candidate requiring external demand data,CONTENT REVIEW
171,boy,https://ovidhan.net/word/boy.html,POOL B — HIGH-QUALITY DISCOVERY,0,0,0,0,A,7,REVIEW,LEGACY,LOW CONFIDENCE,4,bangla;definition;part_of_speech;example,0,0,35.3,Tier A/B source quality; discovery candidate requiring external demand data,CONTENT REVIEW
172,boys,https://ovidhan.net/word/boys.html,POOL B — HIGH-QUALITY DISCOVERY,0,0,0,0,A,7,REVIEW,LEGACY,LOW CONFIDENCE,4,bangla;definition;part_of_speech;example,0,0,35.3,Tier A/B source quality; discovery candidate requiring external demand data,CONTENT REVIEW
173,brain,https://ovidhan.net/word/brain.html,POOL B — HIGH-QUALITY DISCOVERY,0,0,0,0,A,7,REVIEW,LEGACY,LOW CONFIDENCE,4,bangla;definition;part_of_speech;example,0,0,35.3,Tier A/B source quality; discovery candidate requiring external demand data,CONTENT REVIEW
174,branch,https://ovidhan.net/word/branch.html,POOL B — HIGH-QUALITY DISCOVERY,0,0,0,0,A,7,REVIEW,LEGACY,LOW CONFIDENCE,4,bangla;definition;part_of_speech;example,0,0,35.3,Tier A/B source quality; discovery candidate requiring external demand data,CONTENT REVIEW
175,brand,https://ovidhan.net/word/brand.html,POOL B — HIGH-QUALITY DISCOVERY,0,0,0,0,A,7,REVIEW,LEGACY,LOW CONFIDENCE,4,bangla;definition;part_of_speech;example,0,0,35.3,Tier A/B source quality; discovery candidate requiring external demand data,CONTENT REVIEW
176,brands,https://ovidhan.net/word/brands.html,POOL B — HIGH-QUALITY DISCOVERY,0,0,0,0,A,7,REVIEW,LEGACY,LOW CONFIDENCE,4,bangla;definition;part_of_speech;example,0,0,35.3,Tier A/B source quality; discovery candidate requiring external demand data,CONTENT REVIEW
177,brass,https://ovidhan.net/word/brass.html,POOL B — HIGH-QUALITY DISCOVERY,0,0,0,0,A,7,REVIEW,LEGACY,LOW CONFIDENCE,4,bangla;definition;part_of_speech;example,0,0,35.3,Tier A/B source quality; discovery candidate requiring external demand data,CONTENT REVIEW
178,brazil,https://ovidhan.net/word/brazil.html,POOL B — HIGH-QUALITY DISCOVERY,0,0,0,0,A,7,REVIEW,LEGACY,LOW CONFIDENCE,4,bangla;definition;part_of_speech;example,0,0,35.3,Tier A/B source quality; discovery candidate requiring external demand data,CONTENT REVIEW
179,bread,https://ovidhan.net/word/bread.html,POOL B — HIGH-QUALITY DISCOVERY,0,0,0,0,A,7,REVIEW,LEGACY,LOW CONFIDENCE,4,bangla;definition;part_of_speech;example,0,0,35.3,Tier A/B source quality; discovery candidate requiring external demand data,CONTENT REVIEW
180,break,https://ovidhan.net/word/break.html,POOL B — HIGH-QUALITY DISCOVERY,0,0,0,0,A,7,REVIEW,LEGACY,LOW CONFIDENCE,4,bangla;definition;part_of_speech;example,0,0,35.3,Tier A/B source quality; discovery candidate requiring external demand data,CONTENT REVIEW
181,breakfast,https://ovidhan.net/word/breakfast.html,POOL B — HIGH-QUALITY DISCOVERY,0,0,0,0,A,7,REVIEW,LEGACY,LOW CONFIDENCE,4,bangla;definition;part_of_speech;example,0,0,35.3,Tier A/B source quality; discovery candidate requiring external demand data,CONTENT REVIEW
182,breaking,https://ovidhan.net/word/breaking.html,POOL B — HIGH-QUALITY DISCOVERY,0,0,0,0,A,7,REVIEW,LEGACY,LOW CONFIDENCE,4,bangla;definition;part_of_speech;example,0,0,35.3,Tier A/B source quality; discovery candidate requiring external demand data,CONTENT REVIEW
183,breaks,https://ovidhan.net/word/breaks.html,POOL B — HIGH-QUALITY DISCOVERY,0,0,0,0,A,7,REVIEW,LEGACY,LOW CONFIDENCE,4,bangla;definition;part_of_speech;example,0,0,35.3,Tier A/B source quality; discovery candidate requiring external demand data,CONTENT REVIEW
184,breast,https://ovidhan.net/word/breast.html,POOL B — HIGH-QUALITY DISCOVERY,0,0,0,0,A,7,REVIEW,LEGACY,LOW CONFIDENCE,4,bangla;definition;part_of_speech;example,0,0,35.3,Tier A/B source quality; discovery candidate requiring external demand data,CONTENT REVIEW
185,breasts,https://ovidhan.net/word/breasts.html,POOL B — HIGH-QUALITY DISCOVERY,0,0,0,0,A,7,REVIEW,LEGACY,LOW CONFIDENCE,4,bangla;definition;part_of_speech;example,0,0,35.3,Tier A/B source quality; discovery candidate requiring external demand data,CONTENT REVIEW
186,bridge,https://ovidhan.net/word/bridge.html,POOL B — HIGH-QUALITY DISCOVERY,0,0,0,0,A,7,REVIEW,LEGACY,LOW CONFIDENCE,4,bangla;definition;part_of_speech;example,0,0,35.3,Tier A/B source quality; discovery candidate requiring external demand data,CONTENT REVIEW
187,brief,https://ovidhan.net/word/brief.html,POOL B — HIGH-QUALITY DISCOVERY,0,0,0,0,A,7,REVIEW,LEGACY,LOW CONFIDENCE,4,bangla;definition;part_of_speech;example,0,0,35.3,Tier A/B source quality; discovery candidate requiring external demand data,CONTENT REVIEW
188,bright,https://ovidhan.net/word/bright.html,POOL B — HIGH-QUALITY DISCOVERY,0,0,0,0,A,7,REVIEW,LEGACY,LOW CONFIDENCE,4,bangla;definition;part_of_speech;example,0,0,35.3,Tier A/B source quality; discovery candidate requiring external demand data,CONTENT REVIEW
189,bring,https://ovidhan.net/word/bring.html,POOL B — HIGH-QUALITY DISCOVERY,0,0,0,0,A,7,REVIEW,LEGACY,LOW CONFIDENCE,4,bangla;definition;part_of_speech;example,0,0,35.3,Tier A/B source quality; discovery candidate requiring external demand data,CONTENT REVIEW
190,bringing,https://ovidhan.net/word/bringing.html,POOL B — HIGH-QUALITY DISCOVERY,0,0,0,0,A,7,REVIEW,LEGACY,LOW CONFIDENCE,4,bangla;definition;part_of_speech;example,0,0,35.3,Tier A/B source quality; discovery candidate requiring external demand data,CONTENT REVIEW
191,brings,https://ovidhan.net/word/brings.html,POOL B — HIGH-QUALITY DISCOVERY,0,0,0,0,A,7,REVIEW,LEGACY,LOW CONFIDENCE,4,bangla;definition;part_of_speech;example,0,0,35.3,Tier A/B source quality; discovery candidate requiring external demand data,CONTENT REVIEW
192,britain,https://ovidhan.net/word/britain.html,POOL B — HIGH-QUALITY DISCOVERY,0,0,0,0,A,7,REVIEW,LEGACY,LOW CONFIDENCE,4,bangla;definition;part_of_speech;example,0,0,35.3,Tier A/B source quality; discovery candidate requiring external demand data,CONTENT REVIEW
193,british,https://ovidhan.net/word/british.html,POOL B — HIGH-QUALITY DISCOVERY,0,0,0,0,A,7,REVIEW,LEGACY,LOW CONFIDENCE,4,bangla;definition;part_of_speech;example,0,0,35.3,Tier A/B source quality; discovery candidate requiring external demand data,CONTENT REVIEW
194,broad,https://ovidhan.net/word/broad.html,POOL B — HIGH-QUALITY DISCOVERY,0,0,0,0,A,7,REVIEW,LEGACY,LOW CONFIDENCE,4,bangla;definition;part_of_speech;example,0,0,35.3,Tier A/B source quality; discovery candidate requiring external demand data,CONTENT REVIEW
195,broadband,https://ovidhan.net/word/broadband.html,POOL B — HIGH-QUALITY DISCOVERY,0,0,0,0,A,7,REVIEW,LEGACY,LOW CONFIDENCE,4,bangla;definition;part_of_speech;example,0,0,35.3,Tier A/B source quality; discovery candidate requiring external demand data,CONTENT REVIEW
196,broadcast,https://ovidhan.net/word/broadcast.html,POOL B — HIGH-QUALITY DISCOVERY,0,0,0,0,A,7,REVIEW,LEGACY,LOW CONFIDENCE,4,bangla;definition;part_of_speech;example,0,0,35.3,Tier A/B source quality; discovery candidate requiring external demand data,CONTENT REVIEW
197,broken,https://ovidhan.net/word/broken.html,POOL B — HIGH-QUALITY DISCOVERY,0,0,0,0,A,7,REVIEW,LEGACY,LOW CONFIDENCE,4,bangla;definition;part_of_speech;example,0,0,35.3,Tier A/B source quality; discovery candidate requiring external demand data,CONTENT REVIEW
198,broker,https://ovidhan.net/word/broker.html,POOL B — HIGH-QUALITY DISCOVERY,0,0,0,0,A,7,REVIEW,LEGACY,LOW CONFIDENCE,4,bangla;definition;part_of_speech;example,0,0,35.3,Tier A/B source quality; discovery candidate requiring external demand data,CONTENT REVIEW
199,brother,https://ovidhan.net/word/brother.html,POOL B — HIGH-QUALITY DISCOVERY,0,0,0,0,A,7,REVIEW,LEGACY,LOW CONFIDENCE,4,bangla;definition;part_of_speech;example,0,0,35.3,Tier A/B source quality; discovery candidate requiring external demand data,CONTENT REVIEW
200,brothers,https://ovidhan.net/word/brothers.html,POOL B — HIGH-QUALITY DISCOVERY,0,0,0,0,A,7,REVIEW,LEGACY,LOW CONFIDENCE,4,bangla;definition;part_of_speech;example,0,0,35.3,Tier A/B source quality; discovery candidate requiring external demand data,CONTENT REVIEW
201,brought,https://ovidhan.net/word/brought.html,POOL B — HIGH-QUALITY DISCOVERY,0,0,0,0,A,7,REVIEW,LEGACY,LOW CONFIDENCE,4,bangla;definition;part_of_speech;example,0,0,35.3,Tier A/B source quality; discovery candidate requiring external demand data,CONTENT REVIEW
202,brown,https://ovidhan.net/word/brown.html,POOL B — HIGH-QUALITY DISCOVERY,0,0,0,0,A,7,REVIEW,LEGACY,LOW CONFIDENCE,4,bangla;definition;part_of_speech;example,0,0,35.3,Tier A/B source quality; discovery candidate requiring external demand data,CONTENT REVIEW
203,browse,https://ovidhan.net/word/browse.html,POOL B — HIGH-QUALITY DISCOVERY,0,0,0,0,A,7,REVIEW,LEGACY,LOW CONFIDENCE,4,bangla;definition;part_of_speech;example,0,0,35.3,Tier A/B source quality; discovery candidate requiring external demand data,CONTENT REVIEW
204,browser,https://ovidhan.net/word/browser.html,POOL B — HIGH-QUALITY DISCOVERY,0,0,0,0,A,7,REVIEW,LEGACY,LOW CONFIDENCE,4,bangla;definition;part_of_speech;example,0,0,35.3,Tier A/B source quality; discovery candidate requiring external demand data,CONTENT REVIEW
205,bruce,https://ovidhan.net/word/bruce.html,POOL B — HIGH-QUALITY DISCOVERY,0,0,0,0,A,7,REVIEW,LEGACY,LOW CONFIDENCE,4,bangla;definition;part_of_speech;example,0,0,35.3,Tier A/B source quality; discovery candidate requiring external demand data,CONTENT REVIEW
206,buddy,https://ovidhan.net/word/buddy.html,POOL B — HIGH-QUALITY DISCOVERY,0,0,0,0,A,7,REVIEW,LEGACY,LOW CONFIDENCE,4,bangla;definition;part_of_speech;example,0,0,35.3,Tier A/B source quality; discovery candidate requiring external demand data,CONTENT REVIEW
207,budget,https://ovidhan.net/word/budget.html,POOL B — HIGH-QUALITY DISCOVERY,0,0,0,0,A,7,REVIEW,LEGACY,LOW CONFIDENCE,4,bangla;definition;part_of_speech;example,0,0,35.3,Tier A/B source quality; discovery candidate requiring external demand data,CONTENT REVIEW
208,buffalo,https://ovidhan.net/word/buffalo.html,POOL B — HIGH-QUALITY DISCOVERY,0,0,0,0,A,7,REVIEW,LEGACY,LOW CONFIDENCE,4,bangla;definition;part_of_speech;example,0,0,35.3,Tier A/B source quality; discovery candidate requiring external demand data,CONTENT REVIEW
209,buffer,https://ovidhan.net/word/buffer.html,POOL B — HIGH-QUALITY DISCOVERY,0,0,0,0,A,7,REVIEW,LEGACY,LOW CONFIDENCE,4,bangla;definition;part_of_speech;example,0,0,35.3,Tier A/B source quality; discovery candidate requiring external demand data,CONTENT REVIEW
210,bug,https://ovidhan.net/word/bug.html,POOL B — HIGH-QUALITY DISCOVERY,0,0,0,0,A,7,REVIEW,LEGACY,LOW CONFIDENCE,4,bangla;definition;part_of_speech;example,0,0,35.3,Tier A/B source quality; discovery candidate requiring external demand data,CONTENT REVIEW
211,bugs,https://ovidhan.net/word/bugs.html,POOL B — HIGH-QUALITY DISCOVERY,0,0,0,0,A,7,REVIEW,LEGACY,LOW CONFIDENCE,4,bangla;definition;part_of_speech;example,0,0,35.3,Tier A/B source quality; discovery candidate requiring external demand data,CONTENT REVIEW
212,build,https://ovidhan.net/word/build.html,POOL B — HIGH-QUALITY DISCOVERY,0,0,0,0,A,7,REVIEW,LEGACY,LOW CONFIDENCE,4,bangla;definition;part_of_speech;example,0,0,35.3,Tier A/B source quality; discovery candidate requiring external demand data,CONTENT REVIEW
213,builder,https://ovidhan.net/word/builder.html,POOL B — HIGH-QUALITY DISCOVERY,0,0,0,0,A,7,REVIEW,LEGACY,LOW CONFIDENCE,4,bangla;definition;part_of_speech;example,0,0,35.3,Tier A/B source quality; discovery candidate requiring external demand data,CONTENT REVIEW
214,building,https://ovidhan.net/word/building.html,POOL B — HIGH-QUALITY DISCOVERY,0,0,0,0,A,7,REVIEW,LEGACY,LOW CONFIDENCE,4,bangla;definition;part_of_speech;example,0,0,35.3,Tier A/B source quality; discovery candidate requiring external demand data,CONTENT REVIEW
215,buildings,https://ovidhan.net/word/buildings.html,POOL B — HIGH-QUALITY DISCOVERY,0,0,0,0,A,7,REVIEW,LEGACY,LOW CONFIDENCE,4,bangla;definition;part_of_speech;example,0,0,35.3,Tier A/B source quality; discovery candidate requiring external demand data,CONTENT REVIEW
216,built,https://ovidhan.net/word/built.html,POOL B — HIGH-QUALITY DISCOVERY,0,0,0,0,A,7,REVIEW,LEGACY,LOW CONFIDENCE,4,bangla;definition;part_of_speech;example,0,0,35.3,Tier A/B source quality; discovery candidate requiring external demand data,CONTENT REVIEW
217,bulgaria,https://ovidhan.net/word/bulgaria.html,POOL B — HIGH-QUALITY DISCOVERY,0,0,0,0,A,7,REVIEW,LEGACY,LOW CONFIDENCE,4,bangla;definition;part_of_speech;example,0,0,35.3,Tier A/B source quality; discovery candidate requiring external demand data,CONTENT REVIEW
218,bulk,https://ovidhan.net/word/bulk.html,POOL B — HIGH-QUALITY DISCOVERY,0,0,0,0,A,7,REVIEW,LEGACY,LOW CONFIDENCE,4,bangla;definition;part_of_speech;example,0,0,35.3,Tier A/B source quality; discovery candidate requiring external demand data,CONTENT REVIEW
219,bulletin,https://ovidhan.net/word/bulletin.html,POOL B — HIGH-QUALITY DISCOVERY,0,0,0,0,A,7,REVIEW,LEGACY,LOW CONFIDENCE,4,bangla;definition;part_of_speech;example,0,0,35.3,Tier A/B source quality; discovery candidate requiring external demand data,CONTENT REVIEW
220,bureau,https://ovidhan.net/word/bureau.html,POOL B — HIGH-QUALITY DISCOVERY,0,0,0,0,A,7,REVIEW,LEGACY,LOW CONFIDENCE,4,bangla;definition;part_of_speech;example,0,0,35.3,Tier A/B source quality; discovery candidate requiring external demand data,CONTENT REVIEW
221,burn,https://ovidhan.net/word/burn.html,POOL B — HIGH-QUALITY DISCOVERY,0,0,0,0,A,7,REVIEW,LEGACY,LOW CONFIDENCE,4,bangla;definition;part_of_speech;example,0,0,35.3,Tier A/B source quality; discovery candidate requiring external demand data,CONTENT REVIEW
222,burning,https://ovidhan.net/word/burning.html,POOL B — HIGH-QUALITY DISCOVERY,0,0,0,0,A,7,REVIEW,LEGACY,LOW CONFIDENCE,4,bangla;definition;part_of_speech;example,0,0,35.3,Tier A/B source quality; discovery candidate requiring external demand data,CONTENT REVIEW
223,bus,https://ovidhan.net/word/bus.html,POOL B — HIGH-QUALITY DISCOVERY,0,0,0,0,A,7,REVIEW,LEGACY,LOW CONFIDENCE,4,bangla;definition;part_of_speech;example,0,0,35.3,Tier A/B source quality; discovery candidate requiring external demand data,CONTENT REVIEW
224,bush,https://ovidhan.net/word/bush.html,POOL B — HIGH-QUALITY DISCOVERY,0,0,0,0,A,7,REVIEW,LEGACY,LOW CONFIDENCE,4,bangla;definition;part_of_speech;example,0,0,35.3,Tier A/B source quality; discovery candidate requiring external demand data,CONTENT REVIEW
225,business,https://ovidhan.net/word/business.html,POOL B — HIGH-QUALITY DISCOVERY,0,0,0,0,A,7,REVIEW,LEGACY,LOW CONFIDENCE,4,bangla;definition;part_of_speech;example,0,0,35.3,Tier A/B source quality; discovery candidate requiring external demand data,CONTENT REVIEW
226,businesses,https://ovidhan.net/word/businesses.html,POOL B — HIGH-QUALITY DISCOVERY,0,0,0,0,A,7,REVIEW,LEGACY,LOW CONFIDENCE,4,bangla;definition;part_of_speech;example,0,0,35.3,Tier A/B source quality; discovery candidate requiring external demand data,CONTENT REVIEW
227,busy,https://ovidhan.net/word/busy.html,POOL B — HIGH-QUALITY DISCOVERY,0,0,0,0,A,7,REVIEW,LEGACY,LOW CONFIDENCE,4,bangla;definition;part_of_speech;example,0,0,35.3,Tier A/B source quality; discovery candidate requiring external demand data,CONTENT REVIEW
228,but,https://ovidhan.net/word/but.html,POOL B — HIGH-QUALITY DISCOVERY,0,0,0,0,A,7,REVIEW,LEGACY,LOW CONFIDENCE,4,bangla;definition;part_of_speech;example,0,0,35.3,Tier A/B source quality; discovery candidate requiring external demand data,CONTENT REVIEW
229,butt,https://ovidhan.net/word/butt.html,POOL B — HIGH-QUALITY DISCOVERY,0,0,0,0,A,7,REVIEW,LEGACY,LOW CONFIDENCE,4,bangla;definition;part_of_speech;example,0,0,35.3,Tier A/B source quality; discovery candidate requiring external demand data,CONTENT REVIEW
230,button,https://ovidhan.net/word/button.html,POOL B — HIGH-QUALITY DISCOVERY,0,0,0,0,A,7,REVIEW,LEGACY,LOW CONFIDENCE,4,bangla;definition;part_of_speech;example,0,0,35.3,Tier A/B source quality; discovery candidate requiring external demand data,CONTENT REVIEW
231,buttons,https://ovidhan.net/word/buttons.html,POOL B — HIGH-QUALITY DISCOVERY,0,0,0,0,A,7,REVIEW,LEGACY,LOW CONFIDENCE,4,bangla;definition;part_of_speech;example,0,0,35.3,Tier A/B source quality; discovery candidate requiring external demand data,CONTENT REVIEW
232,buy,https://ovidhan.net/word/buy.html,POOL B — HIGH-QUALITY DISCOVERY,0,0,0,0,A,7,REVIEW,LEGACY,LOW CONFIDENCE,4,bangla;definition;part_of_speech;example,0,0,35.3,Tier A/B source quality; discovery candidate requiring external demand data,CONTENT REVIEW
233,buyer,https://ovidhan.net/word/buyer.html,POOL B — HIGH-QUALITY DISCOVERY,0,0,0,0,A,7,REVIEW,LEGACY,LOW CONFIDENCE,4,bangla;definition;part_of_speech;example,0,0,35.3,Tier A/B source quality; discovery candidate requiring external demand data,CONTENT REVIEW
234,buyers,https://ovidhan.net/word/buyers.html,POOL B — HIGH-QUALITY DISCOVERY,0,0,0,0,A,7,REVIEW,LEGACY,LOW CONFIDENCE,4,bangla;definition;part_of_speech;example,0,0,35.3,Tier A/B source quality; discovery candidate requiring external demand data,CONTENT REVIEW
235,buying,https://ovidhan.net/word/buying.html,POOL B — HIGH-QUALITY DISCOVERY,0,0,0,0,A,7,REVIEW,LEGACY,LOW CONFIDENCE,4,bangla;definition;part_of_speech;example,0,0,35.3,Tier A/B source quality; discovery candidate requiring external demand data,CONTENT REVIEW
236,bytes,https://ovidhan.net/word/bytes.html,POOL B — HIGH-QUALITY DISCOVERY,0,0,0,0,A,7,REVIEW,LEGACY,LOW CONFIDENCE,4,bangla;definition;part_of_speech;example,0,0,35.3,Tier A/B source quality; discovery candidate requiring external demand data,CONTENT REVIEW
237,c,https://ovidhan.net/word/c.html,POOL B — HIGH-QUALITY DISCOVERY,0,0,0,0,A,7,REVIEW,LEGACY,LOW CONFIDENCE,4,bangla;definition;part_of_speech;example,0,0,35.3,Tier A/B source quality; discovery candidate requiring external demand data,CONTENT REVIEW
238,cabinet,https://ovidhan.net/word/cabinet.html,POOL B — HIGH-QUALITY DISCOVERY,0,0,0,0,A,7,REVIEW,LEGACY,LOW CONFIDENCE,4,bangla;definition;part_of_speech;example,0,0,35.3,Tier A/B source quality; discovery candidate requiring external demand data,CONTENT REVIEW
239,cable,https://ovidhan.net/word/cable.html,POOL B — HIGH-QUALITY DISCOVERY,0,0,0,0,A,7,REVIEW,LEGACY,LOW CONFIDENCE,4,bangla;definition;part_of_speech;example,0,0,35.3,Tier A/B source quality; discovery candidate requiring external demand data,CONTENT REVIEW
240,cables,https://ovidhan.net/word/cables.html,POOL B — HIGH-QUALITY DISCOVERY,0,0,0,0,A,7,REVIEW,LEGACY,LOW CONFIDENCE,4,bangla;definition;part_of_speech;example,0,0,35.3,Tier A/B source quality; discovery candidate requiring external demand data,CONTENT REVIEW
241,cache,https://ovidhan.net/word/cache.html,POOL B — HIGH-QUALITY DISCOVERY,0,0,0,0,A,7,REVIEW,LEGACY,LOW CONFIDENCE,4,bangla;definition;part_of_speech;example,0,0,35.3,Tier A/B source quality; discovery candidate requiring external demand data,CONTENT REVIEW
242,cafe,https://ovidhan.net/word/cafe.html,POOL B — HIGH-QUALITY DISCOVERY,0,0,0,0,A,7,REVIEW,LEGACY,LOW CONFIDENCE,4,bangla;definition;part_of_speech;example,0,0,35.3,Tier A/B source quality; discovery candidate requiring external demand data,CONTENT REVIEW
243,cake,https://ovidhan.net/word/cake.html,POOL B — HIGH-QUALITY DISCOVERY,0,0,0,0,A,7,REVIEW,LEGACY,LOW CONFIDENCE,4,bangla;definition;part_of_speech;example,0,0,35.3,Tier A/B source quality; discovery candidate requiring external demand data,CONTENT REVIEW
244,calculate,https://ovidhan.net/word/calculate.html,POOL B — HIGH-QUALITY DISCOVERY,0,0,0,0,A,7,REVIEW,LEGACY,LOW CONFIDENCE,4,bangla;definition;part_of_speech;example,0,0,35.3,Tier A/B source quality; discovery candidate requiring external demand data,CONTENT REVIEW
245,calculated,https://ovidhan.net/word/calculated.html,POOL B — HIGH-QUALITY DISCOVERY,0,0,0,0,A,7,REVIEW,LEGACY,LOW CONFIDENCE,4,bangla;definition;part_of_speech;example,0,0,35.3,Tier A/B source quality; discovery candidate requiring external demand data,CONTENT REVIEW
246,calculator,https://ovidhan.net/word/calculator.html,POOL B — HIGH-QUALITY DISCOVERY,0,0,0,0,A,7,REVIEW,LEGACY,LOW CONFIDENCE,4,bangla;definition;part_of_speech;example,0,0,35.3,Tier A/B source quality; discovery candidate requiring external demand data,CONTENT REVIEW
247,calendar,https://ovidhan.net/word/calendar.html,POOL B — HIGH-QUALITY DISCOVERY,0,0,0,0,A,7,REVIEW,LEGACY,LOW CONFIDENCE,4,bangla;definition;part_of_speech;example,0,0,35.3,Tier A/B source quality; discovery candidate requiring external demand data,CONTENT REVIEW
248,california,https://ovidhan.net/word/california.html,POOL B — HIGH-QUALITY DISCOVERY,0,0,0,0,A,7,REVIEW,LEGACY,LOW CONFIDENCE,4,bangla;definition;part_of_speech;example,0,0,35.3,Tier A/B source quality; discovery candidate requiring external demand data,CONTENT REVIEW
249,call,https://ovidhan.net/word/call.html,POOL B — HIGH-QUALITY DISCOVERY,0,0,0,0,A,7,REVIEW,LEGACY,LOW CONFIDENCE,4,bangla;definition;part_of_speech;example,0,0,35.3,Tier A/B source quality; discovery candidate requiring external demand data,CONTENT REVIEW
250,called,https://ovidhan.net/word/called.html,POOL B — HIGH-QUALITY DISCOVERY,0,0,0,0,A,7,REVIEW,LEGACY,LOW CONFIDENCE,4,bangla;definition;part_of_speech;example,0,0,35.3,Tier A/B source quality; discovery candidate requiring external demand data,CONTENT REVIEW
251,calling,https://ovidhan.net/word/calling.html,POOL B — HIGH-QUALITY DISCOVERY,0,0,0,0,A,7,REVIEW,LEGACY,LOW CONFIDENCE,4,bangla;definition;part_of_speech;example,0,0,35.3,Tier A/B source quality; discovery candidate requiring external demand data,CONTENT REVIEW
252,calls,https://ovidhan.net/word/calls.html,POOL B — HIGH-QUALITY DISCOVERY,0,0,0,0,A,7,REVIEW,LEGACY,LOW CONFIDENCE,4,bangla;definition;part_of_speech;example,0,0,35.3,Tier A/B source quality; discovery candidate requiring external demand data,CONTENT REVIEW
253,cam,https://ovidhan.net/word/cam.html,POOL B — HIGH-QUALITY DISCOVERY,0,0,0,0,A,7,REVIEW,LEGACY,LOW CONFIDENCE,4,bangla;definition;part_of_speech;example,0,0,35.3,Tier A/B source quality; discovery candidate requiring external demand data,CONTENT REVIEW
254,cambridge,https://ovidhan.net/word/cambridge.html,POOL B — HIGH-QUALITY DISCOVERY,0,0,0,0,A,7,REVIEW,LEGACY,LOW CONFIDENCE,4,bangla;definition;part_of_speech;example,0,0,35.3,Tier A/B source quality; discovery candidate requiring external demand data,CONTENT REVIEW
255,camcorder,https://ovidhan.net/word/camcorder.html,POOL B — HIGH-QUALITY DISCOVERY,0,0,0,0,A,7,REVIEW,LEGACY,LOW CONFIDENCE,4,bangla;definition;part_of_speech;example,0,0,35.3,Tier A/B source quality; discovery candidate requiring external demand data,CONTENT REVIEW
256,came,https://ovidhan.net/word/came.html,POOL B — HIGH-QUALITY DISCOVERY,0,0,0,0,A,7,REVIEW,LEGACY,LOW CONFIDENCE,4,bangla;definition;part_of_speech;example,0,0,35.3,Tier A/B source quality; discovery candidate requiring external demand data,CONTENT REVIEW
257,camera,https://ovidhan.net/word/camera.html,POOL B — HIGH-QUALITY DISCOVERY,0,0,0,0,A,7,REVIEW,LEGACY,LOW CONFIDENCE,4,bangla;definition;part_of_speech;example,0,0,35.3,Tier A/B source quality; discovery candidate requiring external demand data,CONTENT REVIEW
258,cameras,https://ovidhan.net/word/cameras.html,POOL B — HIGH-QUALITY DISCOVERY,0,0,0,0,A,7,REVIEW,LEGACY,LOW CONFIDENCE,4,bangla;definition;part_of_speech;example,0,0,35.3,Tier A/B source quality; discovery candidate requiring external demand data,CONTENT REVIEW
259,camp,https://ovidhan.net/word/camp.html,POOL B — HIGH-QUALITY DISCOVERY,0,0,0,0,A,7,REVIEW,LEGACY,LOW CONFIDENCE,4,bangla;definition;part_of_speech;example,0,0,35.3,Tier A/B source quality; discovery candidate requiring external demand data,CONTENT REVIEW
260,campaign,https://ovidhan.net/word/campaign.html,POOL B — HIGH-QUALITY DISCOVERY,0,0,0,0,A,7,REVIEW,LEGACY,LOW CONFIDENCE,4,bangla;definition;part_of_speech;example,0,0,35.3,Tier A/B source quality; discovery candidate requiring external demand data,CONTENT REVIEW
261,campbell,https://ovidhan.net/word/campbell.html,POOL B — HIGH-QUALITY DISCOVERY,0,0,0,0,A,7,REVIEW,LEGACY,LOW CONFIDENCE,4,bangla;definition;part_of_speech;example,0,0,35.3,Tier A/B source quality; discovery candidate requiring external demand data,CONTENT REVIEW
262,camping,https://ovidhan.net/word/camping.html,POOL B — HIGH-QUALITY DISCOVERY,0,0,0,0,A,7,REVIEW,LEGACY,LOW CONFIDENCE,4,bangla;definition;part_of_speech;example,0,0,35.3,Tier A/B source quality; discovery candidate requiring external demand data,CONTENT REVIEW
263,campus,https://ovidhan.net/word/campus.html,POOL B — HIGH-QUALITY DISCOVERY,0,0,0,0,A,7,REVIEW,LEGACY,LOW CONFIDENCE,4,bangla;definition;part_of_speech;example,0,0,35.3,Tier A/B source quality; discovery candidate requiring external demand data,CONTENT REVIEW
264,can,https://ovidhan.net/word/can.html,POOL B — HIGH-QUALITY DISCOVERY,0,0,0,0,A,7,REVIEW,LEGACY,LOW CONFIDENCE,4,bangla;definition;part_of_speech;example,0,0,35.3,Tier A/B source quality; discovery candidate requiring external demand data,CONTENT REVIEW
265,canada,https://ovidhan.net/word/canada.html,POOL B — HIGH-QUALITY DISCOVERY,0,0,0,0,A,7,REVIEW,LEGACY,LOW CONFIDENCE,4,bangla;definition;part_of_speech;example,0,0,35.3,Tier A/B source quality; discovery candidate requiring external demand data,CONTENT REVIEW
266,canadian,https://ovidhan.net/word/canadian.html,POOL B — HIGH-QUALITY DISCOVERY,0,0,0,0,A,7,REVIEW,LEGACY,LOW CONFIDENCE,4,bangla;definition;part_of_speech;example,0,0,35.3,Tier A/B source quality; discovery candidate requiring external demand data,CONTENT REVIEW
267,cancel,https://ovidhan.net/word/cancel.html,POOL B — HIGH-QUALITY DISCOVERY,0,0,0,0,A,7,REVIEW,LEGACY,LOW CONFIDENCE,4,bangla;definition;part_of_speech;example,0,0,35.3,Tier A/B source quality; discovery candidate requiring external demand data,CONTENT REVIEW
268,cancer,https://ovidhan.net/word/cancer.html,POOL B — HIGH-QUALITY DISCOVERY,0,0,0,0,A,7,REVIEW,LEGACY,LOW CONFIDENCE,4,bangla;definition;part_of_speech;example,0,0,35.3,Tier A/B source quality; discovery candidate requiring external demand data,CONTENT REVIEW
269,candidate,https://ovidhan.net/word/candidate.html,POOL B — HIGH-QUALITY DISCOVERY,0,0,0,0,A,7,REVIEW,LEGACY,LOW CONFIDENCE,4,bangla;definition;part_of_speech;example,0,0,35.3,Tier A/B source quality; discovery candidate requiring external demand data,CONTENT REVIEW
270,candidates,https://ovidhan.net/word/candidates.html,POOL B — HIGH-QUALITY DISCOVERY,0,0,0,0,A,7,REVIEW,LEGACY,LOW CONFIDENCE,4,bangla;definition;part_of_speech;example,0,0,35.3,Tier A/B source quality; discovery candidate requiring external demand data,CONTENT REVIEW
271,candy,https://ovidhan.net/word/candy.html,POOL B — HIGH-QUALITY DISCOVERY,0,0,0,0,A,7,REVIEW,LEGACY,LOW CONFIDENCE,4,bangla;definition;part_of_speech;example,0,0,35.3,Tier A/B source quality; discovery candidate requiring external demand data,CONTENT REVIEW
272,canon,https://ovidhan.net/word/canon.html,POOL B — HIGH-QUALITY DISCOVERY,0,0,0,0,A,7,REVIEW,LEGACY,LOW CONFIDENCE,4,bangla;definition;part_of_speech;example,0,0,35.3,Tier A/B source quality; discovery candidate requiring external demand data,CONTENT REVIEW
273,cap,https://ovidhan.net/word/cap.html,POOL B — HIGH-QUALITY DISCOVERY,0,0,0,0,A,7,REVIEW,LEGACY,LOW CONFIDENCE,4,bangla;definition;part_of_speech;example,0,0,35.3,Tier A/B source quality; discovery candidate requiring external demand data,CONTENT REVIEW
274,capabilities,https://ovidhan.net/word/capabilities.html,POOL B — HIGH-QUALITY DISCOVERY,0,0,0,0,A,7,REVIEW,LEGACY,LOW CONFIDENCE,4,bangla;definition;part_of_speech;example,0,0,35.3,Tier A/B source quality; discovery candidate requiring external demand data,CONTENT REVIEW
275,capability,https://ovidhan.net/word/capability.html,POOL B — HIGH-QUALITY DISCOVERY,0,0,0,0,A,7,REVIEW,LEGACY,LOW CONFIDENCE,4,bangla;definition;part_of_speech;example,0,0,35.3,Tier A/B source quality; discovery candidate requiring external demand data,CONTENT REVIEW
276,capable,https://ovidhan.net/word/capable.html,POOL B — HIGH-QUALITY DISCOVERY,0,0,0,0,A,7,REVIEW,LEGACY,LOW CONFIDENCE,4,bangla;definition;part_of_speech;example,0,0,35.3,Tier A/B source quality; discovery candidate requiring external demand data,CONTENT REVIEW
277,capacity,https://ovidhan.net/word/capacity.html,POOL B — HIGH-QUALITY DISCOVERY,0,0,0,0,A,7,REVIEW,LEGACY,LOW CONFIDENCE,4,bangla;definition;part_of_speech;example,0,0,35.3,Tier A/B source quality; discovery candidate requiring external demand data,CONTENT REVIEW
278,cape,https://ovidhan.net/word/cape.html,POOL B — HIGH-QUALITY DISCOVERY,0,0,0,0,A,7,REVIEW,LEGACY,LOW CONFIDENCE,4,bangla;definition;part_of_speech;example,0,0,35.3,Tier A/B source quality; discovery candidate requiring external demand data,CONTENT REVIEW
279,capital,https://ovidhan.net/word/capital.html,POOL B — HIGH-QUALITY DISCOVERY,0,0,0,0,A,7,REVIEW,LEGACY,LOW CONFIDENCE,4,bangla;definition;part_of_speech;example,0,0,35.3,Tier A/B source quality; discovery candidate requiring external demand data,CONTENT REVIEW
280,captain,https://ovidhan.net/word/captain.html,POOL B — HIGH-QUALITY DISCOVERY,0,0,0,0,A,7,REVIEW,LEGACY,LOW CONFIDENCE,4,bangla;definition;part_of_speech;example,0,0,35.3,Tier A/B source quality; discovery candidate requiring external demand data,CONTENT REVIEW
281,capture,https://ovidhan.net/word/capture.html,POOL B — HIGH-QUALITY DISCOVERY,0,0,0,0,A,7,REVIEW,LEGACY,LOW CONFIDENCE,4,bangla;definition;part_of_speech;example,0,0,35.3,Tier A/B source quality; discovery candidate requiring external demand data,CONTENT REVIEW
282,car,https://ovidhan.net/word/car.html,POOL B — HIGH-QUALITY DISCOVERY,0,0,0,0,A,7,REVIEW,LEGACY,LOW CONFIDENCE,4,bangla;definition;part_of_speech;example,0,0,35.3,Tier A/B source quality; discovery candidate requiring external demand data,CONTENT REVIEW
283,carbon,https://ovidhan.net/word/carbon.html,POOL B — HIGH-QUALITY DISCOVERY,0,0,0,0,A,7,REVIEW,LEGACY,LOW CONFIDENCE,4,bangla;definition;part_of_speech;example,0,0,35.3,Tier A/B source quality; discovery candidate requiring external demand data,CONTENT REVIEW
284,card,https://ovidhan.net/word/card.html,POOL B — HIGH-QUALITY DISCOVERY,0,0,0,0,A,7,REVIEW,LEGACY,LOW CONFIDENCE,4,bangla;definition;part_of_speech;example,0,0,35.3,Tier A/B source quality; discovery candidate requiring external demand data,CONTENT REVIEW
285,cards,https://ovidhan.net/word/cards.html,POOL B — HIGH-QUALITY DISCOVERY,0,0,0,0,A,7,REVIEW,LEGACY,LOW CONFIDENCE,4,bangla;definition;part_of_speech;example,0,0,35.3,Tier A/B source quality; discovery candidate requiring external demand data,CONTENT REVIEW
286,care,https://ovidhan.net/word/care.html,POOL B — HIGH-QUALITY DISCOVERY,0,0,0,0,A,7,REVIEW,LEGACY,LOW CONFIDENCE,4,bangla;definition;part_of_speech;example,0,0,35.3,Tier A/B source quality; discovery candidate requiring external demand data,CONTENT REVIEW
287,career,https://ovidhan.net/word/career.html,POOL B — HIGH-QUALITY DISCOVERY,0,0,0,0,A,7,REVIEW,LEGACY,LOW CONFIDENCE,4,bangla;definition;part_of_speech;example,0,0,35.3,Tier A/B source quality; discovery candidate requiring external demand data,CONTENT REVIEW
288,careers,https://ovidhan.net/word/careers.html,POOL B — HIGH-QUALITY DISCOVERY,0,0,0,0,A,7,REVIEW,LEGACY,LOW CONFIDENCE,4,bangla;definition;part_of_speech;example,0,0,35.3,Tier A/B source quality; discovery candidate requiring external demand data,CONTENT REVIEW
289,carefully,https://ovidhan.net/word/carefully.html,POOL B — HIGH-QUALITY DISCOVERY,0,0,0,0,A,7,REVIEW,LEGACY,LOW CONFIDENCE,4,bangla;definition;part_of_speech;example,0,0,35.3,Tier A/B source quality; discovery candidate requiring external demand data,CONTENT REVIEW
290,caribbean,https://ovidhan.net/word/caribbean.html,POOL B — HIGH-QUALITY DISCOVERY,0,0,0,0,A,7,REVIEW,LEGACY,LOW CONFIDENCE,4,bangla;definition;part_of_speech;example,0,0,35.3,Tier A/B source quality; discovery candidate requiring external demand data,CONTENT REVIEW
291,carolina,https://ovidhan.net/word/carolina.html,POOL B — HIGH-QUALITY DISCOVERY,0,0,0,0,A,7,REVIEW,LEGACY,LOW CONFIDENCE,4,bangla;definition;part_of_speech;example,0,0,35.3,Tier A/B source quality; discovery candidate requiring external demand data,CONTENT REVIEW
292,carried,https://ovidhan.net/word/carried.html,POOL B — HIGH-QUALITY DISCOVERY,0,0,0,0,A,7,REVIEW,LEGACY,LOW CONFIDENCE,4,bangla;definition;part_of_speech;example,0,0,35.3,Tier A/B source quality; discovery candidate requiring external demand data,CONTENT REVIEW
293,carrier,https://ovidhan.net/word/carrier.html,POOL B — HIGH-QUALITY DISCOVERY,0,0,0,0,A,7,REVIEW,LEGACY,LOW CONFIDENCE,4,bangla;definition;part_of_speech;example,0,0,35.3,Tier A/B source quality; discovery candidate requiring external demand data,CONTENT REVIEW
294,carry,https://ovidhan.net/word/carry.html,POOL B — HIGH-QUALITY DISCOVERY,0,0,0,0,A,7,REVIEW,LEGACY,LOW CONFIDENCE,4,bangla;definition;part_of_speech;example,0,0,35.3,Tier A/B source quality; discovery candidate requiring external demand data,CONTENT REVIEW
295,carrying,https://ovidhan.net/word/carrying.html,POOL B — HIGH-QUALITY DISCOVERY,0,0,0,0,A,7,REVIEW,LEGACY,LOW CONFIDENCE,4,bangla;definition;part_of_speech;example,0,0,35.3,Tier A/B source quality; discovery candidate requiring external demand data,CONTENT REVIEW
296,cars,https://ovidhan.net/word/cars.html,POOL B — HIGH-QUALITY DISCOVERY,0,0,0,0,A,7,REVIEW,LEGACY,LOW CONFIDENCE,4,bangla;definition;part_of_speech;example,0,0,35.3,Tier A/B source quality; discovery candidate requiring external demand data,CONTENT REVIEW
297,cart,https://ovidhan.net/word/cart.html,POOL B — HIGH-QUALITY DISCOVERY,0,0,0,0,A,7,REVIEW,LEGACY,LOW CONFIDENCE,4,bangla;definition;part_of_speech;example,0,0,35.3,Tier A/B source quality; discovery candidate requiring external demand data,CONTENT REVIEW
298,cartoon,https://ovidhan.net/word/cartoon.html,POOL B — HIGH-QUALITY DISCOVERY,0,0,0,0,A,7,REVIEW,LEGACY,LOW CONFIDENCE,4,bangla;definition;part_of_speech;example,0,0,35.3,Tier A/B source quality; discovery candidate requiring external demand data,CONTENT REVIEW
299,cartoons,https://ovidhan.net/word/cartoons.html,POOL B — HIGH-QUALITY DISCOVERY,0,0,0,0,A,7,REVIEW,LEGACY,LOW CONFIDENCE,4,bangla;definition;part_of_speech;example,0,0,35.3,Tier A/B source quality; discovery candidate requiring external demand data,CONTENT REVIEW
300,cartridge,https://ovidhan.net/word/cartridge.html,POOL B — HIGH-QUALITY DISCOVERY,0,0,0,0,A,7,REVIEW,LEGACY,LOW CONFIDENCE,4,bangla;definition;part_of_speech;example,0,0,35.3,Tier A/B source quality; discovery candidate requiring external demand data,CONTENT REVIEW
301,case,https://ovidhan.net/word/case.html,POOL B — HIGH-QUALITY DISCOVERY,0,0,0,0,A,7,REVIEW,LEGACY,LOW CONFIDENCE,4,bangla;definition;part_of_speech;example,0,0,35.3,Tier A/B source quality; discovery candidate requiring external demand data,CONTENT REVIEW
302,cases,https://ovidhan.net/word/cases.html,POOL B — HIGH-QUALITY DISCOVERY,0,0,0,0,A,7,REVIEW,LEGACY,LOW CONFIDENCE,4,bangla;definition;part_of_speech;example,0,0,35.3,Tier A/B source quality; discovery candidate requiring external demand data,CONTENT REVIEW
303,cash,https://ovidhan.net/word/cash.html,POOL B — HIGH-QUALITY DISCOVERY,0,0,0,0,A,7,REVIEW,LEGACY,LOW CONFIDENCE,4,bangla;definition;part_of_speech;example,0,0,35.3,Tier A/B source quality; discovery candidate requiring external demand data,CONTENT REVIEW
304,casino,https://ovidhan.net/word/casino.html,POOL B — HIGH-QUALITY DISCOVERY,0,0,0,0,A,7,REVIEW,LEGACY,LOW CONFIDENCE,4,bangla;definition;part_of_speech;example,0,0,35.3,Tier A/B source quality; discovery candidate requiring external demand data,CONTENT REVIEW
305,casinos,https://ovidhan.net/word/casinos.html,POOL B — HIGH-QUALITY DISCOVERY,0,0,0,0,A,7,REVIEW,LEGACY,LOW CONFIDENCE,4,bangla;definition;part_of_speech;example,0,0,35.3,Tier A/B source quality; discovery candidate requiring external demand data,CONTENT REVIEW
306,cast,https://ovidhan.net/word/cast.html,POOL B — HIGH-QUALITY DISCOVERY,0,0,0,0,A,7,REVIEW,LEGACY,LOW CONFIDENCE,4,bangla;definition;part_of_speech;example,0,0,35.3,Tier A/B source quality; discovery candidate requiring external demand data,CONTENT REVIEW
307,castle,https://ovidhan.net/word/castle.html,POOL B — HIGH-QUALITY DISCOVERY,0,0,0,0,A,7,REVIEW,LEGACY,LOW CONFIDENCE,4,bangla;definition;part_of_speech;example,0,0,35.3,Tier A/B source quality; discovery candidate requiring external demand data,CONTENT REVIEW
308,casual,https://ovidhan.net/word/casual.html,POOL B — HIGH-QUALITY DISCOVERY,0,0,0,0,A,7,REVIEW,LEGACY,LOW CONFIDENCE,4,bangla;definition;part_of_speech;example,0,0,35.3,Tier A/B source quality; discovery candidate requiring external demand data,CONTENT REVIEW
309,cat,https://ovidhan.net/word/cat.html,POOL B — HIGH-QUALITY DISCOVERY,0,0,0,0,A,7,REVIEW,LEGACY,LOW CONFIDENCE,4,bangla;definition;part_of_speech;example,0,0,35.3,Tier A/B source quality; discovery candidate requiring external demand data,CONTENT REVIEW
310,catalog,https://ovidhan.net/word/catalog.html,POOL B — HIGH-QUALITY DISCOVERY,0,0,0,0,A,7,REVIEW,LEGACY,LOW CONFIDENCE,4,bangla;definition;part_of_speech;example,0,0,35.3,Tier A/B source quality; discovery candidate requiring external demand data,CONTENT REVIEW
311,catalogue,https://ovidhan.net/word/catalogue.html,POOL B — HIGH-QUALITY DISCOVERY,0,0,0,0,A,7,REVIEW,LEGACY,LOW CONFIDENCE,4,bangla;definition;part_of_speech;example,0,0,35.3,Tier A/B source quality; discovery candidate requiring external demand data,CONTENT REVIEW
312,catch,https://ovidhan.net/word/catch.html,POOL B — HIGH-QUALITY DISCOVERY,0,0,0,0,A,7,REVIEW,LEGACY,LOW CONFIDENCE,4,bangla;definition;part_of_speech;example,0,0,35.3,Tier A/B source quality; discovery candidate requiring external demand data,CONTENT REVIEW
313,categories,https://ovidhan.net/word/categories.html,POOL B — HIGH-QUALITY DISCOVERY,0,0,0,0,A,7,REVIEW,LEGACY,LOW CONFIDENCE,4,bangla;definition;part_of_speech;example,0,0,35.3,Tier A/B source quality; discovery candidate requiring external demand data,CONTENT REVIEW
314,category,https://ovidhan.net/word/category.html,POOL B — HIGH-QUALITY DISCOVERY,0,0,0,0,A,7,REVIEW,LEGACY,LOW CONFIDENCE,4,bangla;definition;part_of_speech;example,0,0,35.3,Tier A/B source quality; discovery candidate requiring external demand data,CONTENT REVIEW
315,catering,https://ovidhan.net/word/catering.html,POOL B — HIGH-QUALITY DISCOVERY,0,0,0,0,A,7,REVIEW,LEGACY,LOW CONFIDENCE,4,bangla;definition;part_of_speech;example,0,0,35.3,Tier A/B source quality; discovery candidate requiring external demand data,CONTENT REVIEW
316,catholic,https://ovidhan.net/word/catholic.html,POOL B — HIGH-QUALITY DISCOVERY,0,0,0,0,A,7,REVIEW,LEGACY,LOW CONFIDENCE,4,bangla;definition;part_of_speech;example,0,0,35.3,Tier A/B source quality; discovery candidate requiring external demand data,CONTENT REVIEW
317,cats,https://ovidhan.net/word/cats.html,POOL B — HIGH-QUALITY DISCOVERY,0,0,0,0,A,7,REVIEW,LEGACY,LOW CONFIDENCE,4,bangla;definition;part_of_speech;example,0,0,35.3,Tier A/B source quality; discovery candidate requiring external demand data,CONTENT REVIEW
318,caught,https://ovidhan.net/word/caught.html,POOL B — HIGH-QUALITY DISCOVERY,0,0,0,0,A,7,REVIEW,LEGACY,LOW CONFIDENCE,4,bangla;definition;part_of_speech;example,0,0,35.3,Tier A/B source quality; discovery candidate requiring external demand data,CONTENT REVIEW
319,cause,https://ovidhan.net/word/cause.html,POOL B — HIGH-QUALITY DISCOVERY,0,0,0,0,A,7,REVIEW,LEGACY,LOW CONFIDENCE,4,bangla;definition;part_of_speech;example,0,0,35.3,Tier A/B source quality; discovery candidate requiring external demand data,CONTENT REVIEW
320,caused,https://ovidhan.net/word/caused.html,POOL B — HIGH-QUALITY DISCOVERY,0,0,0,0,A,7,REVIEW,LEGACY,LOW CONFIDENCE,4,bangla;definition;part_of_speech;example,0,0,35.3,Tier A/B source quality; discovery candidate requiring external demand data,CONTENT REVIEW
321,causes,https://ovidhan.net/word/causes.html,POOL B — HIGH-QUALITY DISCOVERY,0,0,0,0,A,7,REVIEW,LEGACY,LOW CONFIDENCE,4,bangla;definition;part_of_speech;example,0,0,35.3,Tier A/B source quality; discovery candidate requiring external demand data,CONTENT REVIEW
322,cd,https://ovidhan.net/word/cd.html,POOL B — HIGH-QUALITY DISCOVERY,0,0,0,0,A,7,REVIEW,LEGACY,LOW CONFIDENCE,4,bangla;definition;part_of_speech;example,0,0,35.3,Tier A/B source quality; discovery candidate requiring external demand data,CONTENT REVIEW
323,cds,https://ovidhan.net/word/cds.html,POOL B — HIGH-QUALITY DISCOVERY,0,0,0,0,A,7,REVIEW,LEGACY,LOW CONFIDENCE,4,bangla;definition;part_of_speech;example,0,0,35.3,Tier A/B source quality; discovery candidate requiring external demand data,CONTENT REVIEW
324,celebrity,https://ovidhan.net/word/celebrity.html,POOL B — HIGH-QUALITY DISCOVERY,0,0,0,0,A,7,REVIEW,LEGACY,LOW CONFIDENCE,4,bangla;definition;part_of_speech;example,0,0,35.3,Tier A/B source quality; discovery candidate requiring external demand data,CONTENT REVIEW
325,cell,https://ovidhan.net/word/cell.html,POOL B — HIGH-QUALITY DISCOVERY,0,0,0,0,A,7,REVIEW,LEGACY,LOW CONFIDENCE,4,bangla;definition;part_of_speech;example,0,0,35.3,Tier A/B source quality; discovery candidate requiring external demand data,CONTENT REVIEW
326,cells,https://ovidhan.net/word/cells.html,POOL B — HIGH-QUALITY DISCOVERY,0,0,0,0,A,7,REVIEW,LEGACY,LOW CONFIDENCE,4,bangla;definition;part_of_speech;example,0,0,35.3,Tier A/B source quality; discovery candidate requiring external demand data,CONTENT REVIEW
327,cellular,https://ovidhan.net/word/cellular.html,POOL B — HIGH-QUALITY DISCOVERY,0,0,0,0,A,7,REVIEW,LEGACY,LOW CONFIDENCE,4,bangla;definition;part_of_speech;example,0,0,35.3,Tier A/B source quality; discovery candidate requiring external demand data,CONTENT REVIEW
328,census,https://ovidhan.net/word/census.html,POOL B — HIGH-QUALITY DISCOVERY,0,0,0,0,A,7,REVIEW,LEGACY,LOW CONFIDENCE,4,bangla;definition;part_of_speech;example,0,0,35.3,Tier A/B source quality; discovery candidate requiring external demand data,CONTENT REVIEW
329,cent,https://ovidhan.net/word/cent.html,POOL B — HIGH-QUALITY DISCOVERY,0,0,0,0,A,7,REVIEW,LEGACY,LOW CONFIDENCE,4,bangla;definition;part_of_speech;example,0,0,35.3,Tier A/B source quality; discovery candidate requiring external demand data,CONTENT REVIEW
330,center,https://ovidhan.net/word/center.html,POOL B — HIGH-QUALITY DISCOVERY,0,0,0,0,A,7,REVIEW,LEGACY,LOW CONFIDENCE,4,bangla;definition;part_of_speech;example,0,0,35.3,Tier A/B source quality; discovery candidate requiring external demand data,CONTENT REVIEW
331,centers,https://ovidhan.net/word/centers.html,POOL B — HIGH-QUALITY DISCOVERY,0,0,0,0,A,7,REVIEW,LEGACY,LOW CONFIDENCE,4,bangla;definition;part_of_speech;example,0,0,35.3,Tier A/B source quality; discovery candidate requiring external demand data,CONTENT REVIEW
332,central,https://ovidhan.net/word/central.html,POOL B — HIGH-QUALITY DISCOVERY,0,0,0,0,A,7,REVIEW,LEGACY,LOW CONFIDENCE,4,bangla;definition;part_of_speech;example,0,0,35.3,Tier A/B source quality; discovery candidate requiring external demand data,CONTENT REVIEW
333,centre,https://ovidhan.net/word/centre.html,POOL B — HIGH-QUALITY DISCOVERY,0,0,0,0,A,7,REVIEW,LEGACY,LOW CONFIDENCE,4,bangla;definition;part_of_speech;example,0,0,35.3,Tier A/B source quality; discovery candidate requiring external demand data,CONTENT REVIEW
334,centres,https://ovidhan.net/word/centres.html,POOL B — HIGH-QUALITY DISCOVERY,0,0,0,0,A,7,REVIEW,LEGACY,LOW CONFIDENCE,4,bangla;definition;part_of_speech;example,0,0,35.3,Tier A/B source quality; discovery candidate requiring external demand data,CONTENT REVIEW
335,century,https://ovidhan.net/word/century.html,POOL B — HIGH-QUALITY DISCOVERY,0,0,0,0,A,7,REVIEW,LEGACY,LOW CONFIDENCE,4,bangla;definition;part_of_speech;example,0,0,35.3,Tier A/B source quality; discovery candidate requiring external demand data,CONTENT REVIEW
336,ceo,https://ovidhan.net/word/ceo.html,POOL B — HIGH-QUALITY DISCOVERY,0,0,0,0,A,7,REVIEW,LEGACY,LOW CONFIDENCE,4,bangla;definition;part_of_speech;example,0,0,35.3,Tier A/B source quality; discovery candidate requiring external demand data,CONTENT REVIEW
337,certain,https://ovidhan.net/word/certain.html,POOL B — HIGH-QUALITY DISCOVERY,0,0,0,0,A,7,REVIEW,LEGACY,LOW CONFIDENCE,4,bangla;definition;part_of_speech;example,0,0,35.3,Tier A/B source quality; discovery candidate requiring external demand data,CONTENT REVIEW
338,certainly,https://ovidhan.net/word/certainly.html,POOL B — HIGH-QUALITY DISCOVERY,0,0,0,0,A,7,REVIEW,LEGACY,LOW CONFIDENCE,4,bangla;definition;part_of_speech;example,0,0,35.3,Tier A/B source quality; discovery candidate requiring external demand data,CONTENT REVIEW
339,certificate,https://ovidhan.net/word/certificate.html,POOL B — HIGH-QUALITY DISCOVERY,0,0,0,0,A,7,REVIEW,LEGACY,LOW CONFIDENCE,4,bangla;definition;part_of_speech;example,0,0,35.3,Tier A/B source quality; discovery candidate requiring external demand data,CONTENT REVIEW
340,certificates,https://ovidhan.net/word/certificates.html,POOL B — HIGH-QUALITY DISCOVERY,0,0,0,0,A,7,REVIEW,LEGACY,LOW CONFIDENCE,4,bangla;definition;part_of_speech;example,0,0,35.3,Tier A/B source quality; discovery candidate requiring external demand data,CONTENT REVIEW
341,certification,https://ovidhan.net/word/certification.html,POOL B — HIGH-QUALITY DISCOVERY,0,0,0,0,A,7,REVIEW,LEGACY,LOW CONFIDENCE,4,bangla;definition;part_of_speech;example,0,0,35.3,Tier A/B source quality; discovery candidate requiring external demand data,CONTENT REVIEW
342,certified,https://ovidhan.net/word/certified.html,POOL B — HIGH-QUALITY DISCOVERY,0,0,0,0,A,7,REVIEW,LEGACY,LOW CONFIDENCE,4,bangla;definition;part_of_speech;example,0,0,35.3,Tier A/B source quality; discovery candidate requiring external demand data,CONTENT REVIEW
343,chain,https://ovidhan.net/word/chain.html,POOL B — HIGH-QUALITY DISCOVERY,0,0,0,0,A,7,REVIEW,LEGACY,LOW CONFIDENCE,4,bangla;definition;part_of_speech;example,0,0,35.3,Tier A/B source quality; discovery candidate requiring external demand data,CONTENT REVIEW
344,chair,https://ovidhan.net/word/chair.html,POOL B — HIGH-QUALITY DISCOVERY,0,0,0,0,A,7,REVIEW,LEGACY,LOW CONFIDENCE,4,bangla;definition;part_of_speech;example,0,0,35.3,Tier A/B source quality; discovery candidate requiring external demand data,CONTENT REVIEW
345,chairman,https://ovidhan.net/word/chairman.html,POOL B — HIGH-QUALITY DISCOVERY,0,0,0,0,A,7,REVIEW,LEGACY,LOW CONFIDENCE,4,bangla;definition;part_of_speech;example,0,0,35.3,Tier A/B source quality; discovery candidate requiring external demand data,CONTENT REVIEW
346,chairs,https://ovidhan.net/word/chairs.html,POOL B — HIGH-QUALITY DISCOVERY,0,0,0,0,A,7,REVIEW,LEGACY,LOW CONFIDENCE,4,bangla;definition;part_of_speech;example,0,0,35.3,Tier A/B source quality; discovery candidate requiring external demand data,CONTENT REVIEW
347,challenge,https://ovidhan.net/word/challenge.html,POOL B — HIGH-QUALITY DISCOVERY,0,0,0,0,A,7,REVIEW,LEGACY,LOW CONFIDENCE,4,bangla;definition;part_of_speech;example,0,0,35.3,Tier A/B source quality; discovery candidate requiring external demand data,CONTENT REVIEW
348,challenges,https://ovidhan.net/word/challenges.html,POOL B — HIGH-QUALITY DISCOVERY,0,0,0,0,A,7,REVIEW,LEGACY,LOW CONFIDENCE,4,bangla;definition;part_of_speech;example,0,0,35.3,Tier A/B source quality; discovery candidate requiring external demand data,CONTENT REVIEW
349,chamber,https://ovidhan.net/word/chamber.html,POOL B — HIGH-QUALITY DISCOVERY,0,0,0,0,A,7,REVIEW,LEGACY,LOW CONFIDENCE,4,bangla;definition;part_of_speech;example,0,0,35.3,Tier A/B source quality; discovery candidate requiring external demand data,CONTENT REVIEW
350,champion,https://ovidhan.net/word/champion.html,POOL B — HIGH-QUALITY DISCOVERY,0,0,0,0,A,7,REVIEW,LEGACY,LOW CONFIDENCE,4,bangla;definition;part_of_speech;example,0,0,35.3,Tier A/B source quality; discovery candidate requiring external demand data,CONTENT REVIEW
351,championship,https://ovidhan.net/word/championship.html,POOL B — HIGH-QUALITY DISCOVERY,0,0,0,0,A,7,REVIEW,LEGACY,LOW CONFIDENCE,4,bangla;definition;part_of_speech;example,0,0,35.3,Tier A/B source quality; discovery candidate requiring external demand data,CONTENT REVIEW
352,chance,https://ovidhan.net/word/chance.html,POOL B — HIGH-QUALITY DISCOVERY,0,0,0,0,A,7,REVIEW,LEGACY,LOW CONFIDENCE,4,bangla;definition;part_of_speech;example,0,0,35.3,Tier A/B source quality; discovery candidate requiring external demand data,CONTENT REVIEW
353,change,https://ovidhan.net/word/change.html,POOL B — HIGH-QUALITY DISCOVERY,0,0,0,0,A,7,REVIEW,LEGACY,LOW CONFIDENCE,4,bangla;definition;part_of_speech;example,0,0,35.3,Tier A/B source quality; discovery candidate requiring external demand data,CONTENT REVIEW
354,changed,https://ovidhan.net/word/changed.html,POOL B — HIGH-QUALITY DISCOVERY,0,0,0,0,A,7,REVIEW,LEGACY,LOW CONFIDENCE,4,bangla;definition;part_of_speech;example,0,0,35.3,Tier A/B source quality; discovery candidate requiring external demand data,CONTENT REVIEW
355,changes,https://ovidhan.net/word/changes.html,POOL B — HIGH-QUALITY DISCOVERY,0,0,0,0,A,7,REVIEW,LEGACY,LOW CONFIDENCE,4,bangla;definition;part_of_speech;example,0,0,35.3,Tier A/B source quality; discovery candidate requiring external demand data,CONTENT REVIEW
356,changing,https://ovidhan.net/word/changing.html,POOL B — HIGH-QUALITY DISCOVERY,0,0,0,0,A,7,REVIEW,LEGACY,LOW CONFIDENCE,4,bangla;definition;part_of_speech;example,0,0,35.3,Tier A/B source quality; discovery candidate requiring external demand data,CONTENT REVIEW
357,channel,https://ovidhan.net/word/channel.html,POOL B — HIGH-QUALITY DISCOVERY,0,0,0,0,A,7,REVIEW,LEGACY,LOW CONFIDENCE,4,bangla;definition;part_of_speech;example,0,0,35.3,Tier A/B source quality; discovery candidate requiring external demand data,CONTENT REVIEW
358,channels,https://ovidhan.net/word/channels.html,POOL B — HIGH-QUALITY DISCOVERY,0,0,0,0,A,7,REVIEW,LEGACY,LOW CONFIDENCE,4,bangla;definition;part_of_speech;example,0,0,35.3,Tier A/B source quality; discovery candidate requiring external demand data,CONTENT REVIEW
359,chapter,https://ovidhan.net/word/chapter.html,POOL B — HIGH-QUALITY DISCOVERY,0,0,0,0,A,7,REVIEW,LEGACY,LOW CONFIDENCE,4,bangla;definition;part_of_speech;example,0,0,35.3,Tier A/B source quality; discovery candidate requiring external demand data,CONTENT REVIEW
360,char,https://ovidhan.net/word/char.html,POOL B — HIGH-QUALITY DISCOVERY,0,0,0,0,A,7,REVIEW,LEGACY,LOW CONFIDENCE,4,bangla;definition;part_of_speech;example,0,0,35.3,Tier A/B source quality; discovery candidate requiring external demand data,CONTENT REVIEW
361,character,https://ovidhan.net/word/character.html,POOL B — HIGH-QUALITY DISCOVERY,0,0,0,0,A,7,REVIEW,LEGACY,LOW CONFIDENCE,4,bangla;definition;part_of_speech;example,0,0,35.3,Tier A/B source quality; discovery candidate requiring external demand data,CONTENT REVIEW
362,characteristics,https://ovidhan.net/word/characteristics.html,POOL B — HIGH-QUALITY DISCOVERY,0,0,0,0,A,7,REVIEW,LEGACY,LOW CONFIDENCE,4,bangla;definition;part_of_speech;example,0,0,35.3,Tier A/B source quality; discovery candidate requiring external demand data,CONTENT REVIEW
363,characters,https://ovidhan.net/word/characters.html,POOL B — HIGH-QUALITY DISCOVERY,0,0,0,0,A,7,REVIEW,LEGACY,LOW CONFIDENCE,4,bangla;definition;part_of_speech;example,0,0,35.3,Tier A/B source quality; discovery candidate requiring external demand data,CONTENT REVIEW
364,charge,https://ovidhan.net/word/charge.html,POOL B — HIGH-QUALITY DISCOVERY,0,0,0,0,A,7,REVIEW,LEGACY,LOW CONFIDENCE,4,bangla;definition;part_of_speech;example,0,0,35.3,Tier A/B source quality; discovery candidate requiring external demand data,CONTENT REVIEW
365,charged,https://ovidhan.net/word/charged.html,POOL B — HIGH-QUALITY DISCOVERY,0,0,0,0,A,7,REVIEW,LEGACY,LOW CONFIDENCE,4,bangla;definition;part_of_speech;example,0,0,35.3,Tier A/B source quality; discovery candidate requiring external demand data,CONTENT REVIEW
366,charger,https://ovidhan.net/word/charger.html,POOL B — HIGH-QUALITY DISCOVERY,0,0,0,0,A,7,REVIEW,LEGACY,LOW CONFIDENCE,4,bangla;definition;part_of_speech;example,0,0,35.3,Tier A/B source quality; discovery candidate requiring external demand data,CONTENT REVIEW
367,charges,https://ovidhan.net/word/charges.html,POOL B — HIGH-QUALITY DISCOVERY,0,0,0,0,A,7,REVIEW,LEGACY,LOW CONFIDENCE,4,bangla;definition;part_of_speech;example,0,0,35.3,Tier A/B source quality; discovery candidate requiring external demand data,CONTENT REVIEW
368,charity,https://ovidhan.net/word/charity.html,POOL B — HIGH-QUALITY DISCOVERY,0,0,0,0,A,7,REVIEW,LEGACY,LOW CONFIDENCE,4,bangla;definition;part_of_speech;example,0,0,35.3,Tier A/B source quality; discovery candidate requiring external demand data,CONTENT REVIEW
369,charles,https://ovidhan.net/word/charles.html,POOL B — HIGH-QUALITY DISCOVERY,0,0,0,0,A,7,REVIEW,LEGACY,LOW CONFIDENCE,4,bangla;definition;part_of_speech;example,0,0,35.3,Tier A/B source quality; discovery candidate requiring external demand data,CONTENT REVIEW
370,charlotte,https://ovidhan.net/word/charlotte.html,POOL B — HIGH-QUALITY DISCOVERY,0,0,0,0,A,7,REVIEW,LEGACY,LOW CONFIDENCE,4,bangla;definition;part_of_speech;example,0,0,35.3,Tier A/B source quality; discovery candidate requiring external demand data,CONTENT REVIEW
371,chart,https://ovidhan.net/word/chart.html,POOL B — HIGH-QUALITY DISCOVERY,0,0,0,0,A,7,REVIEW,LEGACY,LOW CONFIDENCE,4,bangla;definition;part_of_speech;example,0,0,35.3,Tier A/B source quality; discovery candidate requiring external demand data,CONTENT REVIEW
372,charter,https://ovidhan.net/word/charter.html,POOL B — HIGH-QUALITY DISCOVERY,0,0,0,0,A,7,REVIEW,LEGACY,LOW CONFIDENCE,4,bangla;definition;part_of_speech;example,0,0,35.3,Tier A/B source quality; discovery candidate requiring external demand data,CONTENT REVIEW
373,charts,https://ovidhan.net/word/charts.html,POOL B — HIGH-QUALITY DISCOVERY,0,0,0,0,A,7,REVIEW,LEGACY,LOW CONFIDENCE,4,bangla;definition;part_of_speech;example,0,0,35.3,Tier A/B source quality; discovery candidate requiring external demand data,CONTENT REVIEW
374,chat,https://ovidhan.net/word/chat.html,POOL B — HIGH-QUALITY DISCOVERY,0,0,0,0,A,7,REVIEW,LEGACY,LOW CONFIDENCE,4,bangla;definition;part_of_speech;example,0,0,35.3,Tier A/B source quality; discovery candidate requiring external demand data,CONTENT REVIEW
375,cheap,https://ovidhan.net/word/cheap.html,POOL B — HIGH-QUALITY DISCOVERY,0,0,0,0,A,7,REVIEW,LEGACY,LOW CONFIDENCE,4,bangla;definition;part_of_speech;example,0,0,35.3,Tier A/B source quality; discovery candidate requiring external demand data,CONTENT REVIEW
376,cheats,https://ovidhan.net/word/cheats.html,POOL B — HIGH-QUALITY DISCOVERY,0,0,0,0,A,7,REVIEW,LEGACY,LOW CONFIDENCE,4,bangla;definition;part_of_speech;example,0,0,35.3,Tier A/B source quality; discovery candidate requiring external demand data,CONTENT REVIEW
377,check,https://ovidhan.net/word/check.html,POOL B — HIGH-QUALITY DISCOVERY,0,0,0,0,A,7,REVIEW,LEGACY,LOW CONFIDENCE,4,bangla;definition;part_of_speech;example,0,0,35.3,Tier A/B source quality; discovery candidate requiring external demand data,CONTENT REVIEW
378,checked,https://ovidhan.net/word/checked.html,POOL B — HIGH-QUALITY DISCOVERY,0,0,0,0,A,7,REVIEW,LEGACY,LOW CONFIDENCE,4,bangla;definition;part_of_speech;example,0,0,35.3,Tier A/B source quality; discovery candidate requiring external demand data,CONTENT REVIEW
379,checking,https://ovidhan.net/word/checking.html,POOL B — HIGH-QUALITY DISCOVERY,0,0,0,0,A,7,REVIEW,LEGACY,LOW CONFIDENCE,4,bangla;definition;part_of_speech;example,0,0,35.3,Tier A/B source quality; discovery candidate requiring external demand data,CONTENT REVIEW
380,checkout,https://ovidhan.net/word/checkout.html,POOL B — HIGH-QUALITY DISCOVERY,0,0,0,0,A,7,REVIEW,LEGACY,LOW CONFIDENCE,4,bangla;definition;part_of_speech;example,0,0,35.3,Tier A/B source quality; discovery candidate requiring external demand data,CONTENT REVIEW
381,checks,https://ovidhan.net/word/checks.html,POOL B — HIGH-QUALITY DISCOVERY,0,0,0,0,A,7,REVIEW,LEGACY,LOW CONFIDENCE,4,bangla;definition;part_of_speech;example,0,0,35.3,Tier A/B source quality; discovery candidate requiring external demand data,CONTENT REVIEW
382,cheese,https://ovidhan.net/word/cheese.html,POOL B — HIGH-QUALITY DISCOVERY,0,0,0,0,A,7,REVIEW,LEGACY,LOW CONFIDENCE,4,bangla;definition;part_of_speech;example,0,0,35.3,Tier A/B source quality; discovery candidate requiring external demand data,CONTENT REVIEW
383,chemical,https://ovidhan.net/word/chemical.html,POOL B — HIGH-QUALITY DISCOVERY,0,0,0,0,A,7,REVIEW,LEGACY,LOW CONFIDENCE,4,bangla;definition;part_of_speech;example,0,0,35.3,Tier A/B source quality; discovery candidate requiring external demand data,CONTENT REVIEW
384,chemicals,https://ovidhan.net/word/chemicals.html,POOL B — HIGH-QUALITY DISCOVERY,0,0,0,0,A,7,REVIEW,LEGACY,LOW CONFIDENCE,4,bangla;definition;part_of_speech;example,0,0,35.3,Tier A/B source quality; discovery candidate requiring external demand data,CONTENT REVIEW
385,chemistry,https://ovidhan.net/word/chemistry.html,POOL B — HIGH-QUALITY DISCOVERY,0,0,0,0,A,7,REVIEW,LEGACY,LOW CONFIDENCE,4,bangla;definition;part_of_speech;example,0,0,35.3,Tier A/B source quality; discovery candidate requiring external demand data,CONTENT REVIEW
386,chest,https://ovidhan.net/word/chest.html,POOL B — HIGH-QUALITY DISCOVERY,0,0,0,0,A,7,REVIEW,LEGACY,LOW CONFIDENCE,4,bangla;definition;part_of_speech;example,0,0,35.3,Tier A/B source quality; discovery candidate requiring external demand data,CONTENT REVIEW
387,chicago,https://ovidhan.net/word/chicago.html,POOL B — HIGH-QUALITY DISCOVERY,0,0,0,0,A,7,REVIEW,LEGACY,LOW CONFIDENCE,4,bangla;definition;part_of_speech;example,0,0,35.3,Tier A/B source quality; discovery candidate requiring external demand data,CONTENT REVIEW
388,chicken,https://ovidhan.net/word/chicken.html,POOL B — HIGH-QUALITY DISCOVERY,0,0,0,0,A,7,REVIEW,LEGACY,LOW CONFIDENCE,4,bangla;definition;part_of_speech;example,0,0,35.3,Tier A/B source quality; discovery candidate requiring external demand data,CONTENT REVIEW
389,chief,https://ovidhan.net/word/chief.html,POOL B — HIGH-QUALITY DISCOVERY,0,0,0,0,A,7,REVIEW,LEGACY,LOW CONFIDENCE,4,bangla;definition;part_of_speech;example,0,0,35.3,Tier A/B source quality; discovery candidate requiring external demand data,CONTENT REVIEW
390,child,https://ovidhan.net/word/child.html,POOL B — HIGH-QUALITY DISCOVERY,0,0,0,0,A,7,REVIEW,LEGACY,LOW CONFIDENCE,4,bangla;definition;part_of_speech;example,0,0,35.3,Tier A/B source quality; discovery candidate requiring external demand data,CONTENT REVIEW
391,children,https://ovidhan.net/word/children.html,POOL B — HIGH-QUALITY DISCOVERY,0,0,0,0,A,7,REVIEW,LEGACY,LOW CONFIDENCE,4,bangla;definition;part_of_speech;example,0,0,35.3,Tier A/B source quality; discovery candidate requiring external demand data,CONTENT REVIEW
392,chile,https://ovidhan.net/word/chile.html,POOL B — HIGH-QUALITY DISCOVERY,0,0,0,0,A,7,REVIEW,LEGACY,LOW CONFIDENCE,4,bangla;definition;part_of_speech;example,0,0,35.3,Tier A/B source quality; discovery candidate requiring external demand data,CONTENT REVIEW
393,china,https://ovidhan.net/word/china.html,POOL B — HIGH-QUALITY DISCOVERY,0,0,0,0,A,7,REVIEW,LEGACY,LOW CONFIDENCE,4,bangla;definition;part_of_speech;example,0,0,35.3,Tier A/B source quality; discovery candidate requiring external demand data,CONTENT REVIEW
394,chinese,https://ovidhan.net/word/chinese.html,POOL B — HIGH-QUALITY DISCOVERY,0,0,0,0,A,7,REVIEW,LEGACY,LOW CONFIDENCE,4,bangla;definition;part_of_speech;example,0,0,35.3,Tier A/B source quality; discovery candidate requiring external demand data,CONTENT REVIEW
395,chip,https://ovidhan.net/word/chip.html,POOL B — HIGH-QUALITY DISCOVERY,0,0,0,0,A,7,REVIEW,LEGACY,LOW CONFIDENCE,4,bangla;definition;part_of_speech;example,0,0,35.3,Tier A/B source quality; discovery candidate requiring external demand data,CONTENT REVIEW
396,chips,https://ovidhan.net/word/chips.html,POOL B — HIGH-QUALITY DISCOVERY,0,0,0,0,A,7,REVIEW,LEGACY,LOW CONFIDENCE,4,bangla;definition;part_of_speech;example,0,0,35.3,Tier A/B source quality; discovery candidate requiring external demand data,CONTENT REVIEW
397,chocolate,https://ovidhan.net/word/chocolate.html,POOL B — HIGH-QUALITY DISCOVERY,0,0,0,0,A,7,REVIEW,LEGACY,LOW CONFIDENCE,4,bangla;definition;part_of_speech;example,0,0,35.3,Tier A/B source quality; discovery candidate requiring external demand data,CONTENT REVIEW
398,choice,https://ovidhan.net/word/choice.html,POOL B — HIGH-QUALITY DISCOVERY,0,0,0,0,A,7,REVIEW,LEGACY,LOW CONFIDENCE,4,bangla;definition;part_of_speech;example,0,0,35.3,Tier A/B source quality; discovery candidate requiring external demand data,CONTENT REVIEW
399,choices,https://ovidhan.net/word/choices.html,POOL B — HIGH-QUALITY DISCOVERY,0,0,0,0,A,7,REVIEW,LEGACY,LOW CONFIDENCE,4,bangla;definition;part_of_speech;example,0,0,35.3,Tier A/B source quality; discovery candidate requiring external demand data,CONTENT REVIEW
400,choose,https://ovidhan.net/word/choose.html,POOL B — HIGH-QUALITY DISCOVERY,0,0,0,0,A,7,REVIEW,LEGACY,LOW CONFIDENCE,4,bangla;definition;part_of_speech;example,0,0,35.3,Tier A/B source quality; discovery candidate requiring external demand data,CONTENT REVIEW
401,chosen,https://ovidhan.net/word/chosen.html,POOL B — HIGH-QUALITY DISCOVERY,0,0,0,0,A,7,REVIEW,LEGACY,LOW CONFIDENCE,4,bangla;definition;part_of_speech;example,0,0,35.3,Tier A/B source quality; discovery candidate requiring external demand data,CONTENT REVIEW
402,christ,https://ovidhan.net/word/christ.html,POOL B — HIGH-QUALITY DISCOVERY,0,0,0,0,A,7,REVIEW,LEGACY,LOW CONFIDENCE,4,bangla;definition;part_of_speech;example,0,0,35.3,Tier A/B source quality; discovery candidate requiring external demand data,CONTENT REVIEW
403,christian,https://ovidhan.net/word/christian.html,POOL B — HIGH-QUALITY DISCOVERY,0,0,0,0,A,7,REVIEW,LEGACY,LOW CONFIDENCE,4,bangla;definition;part_of_speech;example,0,0,35.3,Tier A/B source quality; discovery candidate requiring external demand data,CONTENT REVIEW
404,christmas,https://ovidhan.net/word/christmas.html,POOL B — HIGH-QUALITY DISCOVERY,0,0,0,0,A,7,REVIEW,LEGACY,LOW CONFIDENCE,4,bangla;definition;part_of_speech;example,0,0,35.3,Tier A/B source quality; discovery candidate requiring external demand data,CONTENT REVIEW
405,christopher,https://ovidhan.net/word/christopher.html,POOL B — HIGH-QUALITY DISCOVERY,0,0,0,0,A,7,REVIEW,LEGACY,LOW CONFIDENCE,4,bangla;definition;part_of_speech;example,0,0,35.3,Tier A/B source quality; discovery candidate requiring external demand data,CONTENT REVIEW
406,chronic,https://ovidhan.net/word/chronic.html,POOL B — HIGH-QUALITY DISCOVERY,0,0,0,0,A,7,REVIEW,LEGACY,LOW CONFIDENCE,4,bangla;definition;part_of_speech;example,0,0,35.3,Tier A/B source quality; discovery candidate requiring external demand data,CONTENT REVIEW
407,church,https://ovidhan.net/word/church.html,POOL B — HIGH-QUALITY DISCOVERY,0,0,0,0,A,7,REVIEW,LEGACY,LOW CONFIDENCE,4,bangla;definition;part_of_speech;example,0,0,35.3,Tier A/B source quality; discovery candidate requiring external demand data,CONTENT REVIEW
408,churches,https://ovidhan.net/word/churches.html,POOL B — HIGH-QUALITY DISCOVERY,0,0,0,0,A,7,REVIEW,LEGACY,LOW CONFIDENCE,4,bangla;definition;part_of_speech;example,0,0,35.3,Tier A/B source quality; discovery candidate requiring external demand data,CONTENT REVIEW
409,cincinnati,https://ovidhan.net/word/cincinnati.html,POOL B — HIGH-QUALITY DISCOVERY,0,0,0,0,A,7,REVIEW,LEGACY,LOW CONFIDENCE,4,bangla;definition;part_of_speech;example,0,0,35.3,Tier A/B source quality; discovery candidate requiring external demand data,CONTENT REVIEW
410,cinema,https://ovidhan.net/word/cinema.html,POOL B — HIGH-QUALITY DISCOVERY,0,0,0,0,A,7,REVIEW,LEGACY,LOW CONFIDENCE,4,bangla;definition;part_of_speech;example,0,0,35.3,Tier A/B source quality; discovery candidate requiring external demand data,CONTENT REVIEW
411,circle,https://ovidhan.net/word/circle.html,POOL B — HIGH-QUALITY DISCOVERY,0,0,0,0,A,7,REVIEW,LEGACY,LOW CONFIDENCE,4,bangla;definition;part_of_speech;example,0,0,35.3,Tier A/B source quality; discovery candidate requiring external demand data,CONTENT REVIEW
412,circuit,https://ovidhan.net/word/circuit.html,POOL B — HIGH-QUALITY DISCOVERY,0,0,0,0,A,7,REVIEW,LEGACY,LOW CONFIDENCE,4,bangla;definition;part_of_speech;example,0,0,35.3,Tier A/B source quality; discovery candidate requiring external demand data,CONTENT REVIEW
413,circumstances,https://ovidhan.net/word/circumstances.html,POOL B — HIGH-QUALITY DISCOVERY,0,0,0,0,A,7,REVIEW,LEGACY,LOW CONFIDENCE,4,bangla;definition;part_of_speech;example,0,0,35.3,Tier A/B source quality; discovery candidate requiring external demand data,CONTENT REVIEW
414,cisco,https://ovidhan.net/word/cisco.html,POOL B — HIGH-QUALITY DISCOVERY,0,0,0,0,A,7,REVIEW,LEGACY,LOW CONFIDENCE,4,bangla;definition;part_of_speech;example,0,0,35.3,Tier A/B source quality; discovery candidate requiring external demand data,CONTENT REVIEW
415,cities,https://ovidhan.net/word/cities.html,POOL B — HIGH-QUALITY DISCOVERY,0,0,0,0,A,7,REVIEW,LEGACY,LOW CONFIDENCE,4,bangla;definition;part_of_speech;example,0,0,35.3,Tier A/B source quality; discovery candidate requiring external demand data,CONTENT REVIEW
416,citizen,https://ovidhan.net/word/citizen.html,POOL B — HIGH-QUALITY DISCOVERY,0,0,0,0,A,7,REVIEW,LEGACY,LOW CONFIDENCE,4,bangla;definition;part_of_speech;example,0,0,35.3,Tier A/B source quality; discovery candidate requiring external demand data,CONTENT REVIEW
417,citizens,https://ovidhan.net/word/citizens.html,POOL B — HIGH-QUALITY DISCOVERY,0,0,0,0,A,7,REVIEW,LEGACY,LOW CONFIDENCE,4,bangla;definition;part_of_speech;example,0,0,35.3,Tier A/B source quality; discovery candidate requiring external demand data,CONTENT REVIEW
418,city,https://ovidhan.net/word/city.html,POOL B — HIGH-QUALITY DISCOVERY,0,0,0,0,A,7,REVIEW,LEGACY,LOW CONFIDENCE,4,bangla;definition;part_of_speech;example,0,0,35.3,Tier A/B source quality; discovery candidate requiring external demand data,CONTENT REVIEW
419,civil,https://ovidhan.net/word/civil.html,POOL B — HIGH-QUALITY DISCOVERY,0,0,0,0,A,7,REVIEW,LEGACY,LOW CONFIDENCE,4,bangla;definition;part_of_speech;example,0,0,35.3,Tier A/B source quality; discovery candidate requiring external demand data,CONTENT REVIEW
420,claim,https://ovidhan.net/word/claim.html,POOL B — HIGH-QUALITY DISCOVERY,0,0,0,0,A,7,REVIEW,LEGACY,LOW CONFIDENCE,4,bangla;definition;part_of_speech;example,0,0,35.3,Tier A/B source quality; discovery candidate requiring external demand data,CONTENT REVIEW
421,claims,https://ovidhan.net/word/claims.html,POOL B — HIGH-QUALITY DISCOVERY,0,0,0,0,A,7,REVIEW,LEGACY,LOW CONFIDENCE,4,bangla;definition;part_of_speech;example,0,0,35.3,Tier A/B source quality; discovery candidate requiring external demand data,CONTENT REVIEW
422,clark,https://ovidhan.net/word/clark.html,POOL B — HIGH-QUALITY DISCOVERY,0,0,0,0,A,7,REVIEW,LEGACY,LOW CONFIDENCE,4,bangla;definition;part_of_speech;example,0,0,35.3,Tier A/B source quality; discovery candidate requiring external demand data,CONTENT REVIEW
423,class,https://ovidhan.net/word/class.html,POOL B — HIGH-QUALITY DISCOVERY,0,0,0,0,A,7,REVIEW,LEGACY,LOW CONFIDENCE,4,bangla;definition;part_of_speech;example,0,0,35.3,Tier A/B source quality; discovery candidate requiring external demand data,CONTENT REVIEW
424,classes,https://ovidhan.net/word/classes.html,POOL B — HIGH-QUALITY DISCOVERY,0,0,0,0,A,7,REVIEW,LEGACY,LOW CONFIDENCE,4,bangla;definition;part_of_speech;example,0,0,35.3,Tier A/B source quality; discovery candidate requiring external demand data,CONTENT REVIEW
425,classic,https://ovidhan.net/word/classic.html,POOL B — HIGH-QUALITY DISCOVERY,0,0,0,0,A,7,REVIEW,LEGACY,LOW CONFIDENCE,4,bangla;definition;part_of_speech;example,0,0,35.3,Tier A/B source quality; discovery candidate requiring external demand data,CONTENT REVIEW
426,classical,https://ovidhan.net/word/classical.html,POOL B — HIGH-QUALITY DISCOVERY,0,0,0,0,A,7,REVIEW,LEGACY,LOW CONFIDENCE,4,bangla;definition;part_of_speech;example,0,0,35.3,Tier A/B source quality; discovery candidate requiring external demand data,CONTENT REVIEW
427,classics,https://ovidhan.net/word/classics.html,POOL B — HIGH-QUALITY DISCOVERY,0,0,0,0,A,7,REVIEW,LEGACY,LOW CONFIDENCE,4,bangla;definition;part_of_speech;example,0,0,35.3,Tier A/B source quality; discovery candidate requiring external demand data,CONTENT REVIEW
428,classification,https://ovidhan.net/word/classification.html,POOL B — HIGH-QUALITY DISCOVERY,0,0,0,0,A,7,REVIEW,LEGACY,LOW CONFIDENCE,4,bangla;definition;part_of_speech;example,0,0,35.3,Tier A/B source quality; discovery candidate requiring external demand data,CONTENT REVIEW
429,classified,https://ovidhan.net/word/classified.html,POOL B — HIGH-QUALITY DISCOVERY,0,0,0,0,A,7,REVIEW,LEGACY,LOW CONFIDENCE,4,bangla;definition;part_of_speech;example,0,0,35.3,Tier A/B source quality; discovery candidate requiring external demand data,CONTENT REVIEW
430,classifieds,https://ovidhan.net/word/classifieds.html,POOL B — HIGH-QUALITY DISCOVERY,0,0,0,0,A,7,REVIEW,LEGACY,LOW CONFIDENCE,4,bangla;definition;part_of_speech;example,0,0,35.3,Tier A/B source quality; discovery candidate requiring external demand data,CONTENT REVIEW
431,classroom,https://ovidhan.net/word/classroom.html,POOL B — HIGH-QUALITY DISCOVERY,0,0,0,0,A,7,REVIEW,LEGACY,LOW CONFIDENCE,4,bangla;definition;part_of_speech;example,0,0,35.3,Tier A/B source quality; discovery candidate requiring external demand data,CONTENT REVIEW
432,clause,https://ovidhan.net/word/clause.html,POOL B — HIGH-QUALITY DISCOVERY,0,0,0,0,A,7,REVIEW,LEGACY,LOW CONFIDENCE,4,bangla;definition;part_of_speech;example,0,0,35.3,Tier A/B source quality; discovery candidate requiring external demand data,CONTENT REVIEW
433,clay,https://ovidhan.net/word/clay.html,POOL B — HIGH-QUALITY DISCOVERY,0,0,0,0,A,7,REVIEW,LEGACY,LOW CONFIDENCE,4,bangla;definition;part_of_speech;example,0,0,35.3,Tier A/B source quality; discovery candidate requiring external demand data,CONTENT REVIEW
434,clean,https://ovidhan.net/word/clean.html,POOL B — HIGH-QUALITY DISCOVERY,0,0,0,0,A,7,REVIEW,LEGACY,LOW CONFIDENCE,4,bangla;definition;part_of_speech;example,0,0,35.3,Tier A/B source quality; discovery candidate requiring external demand data,CONTENT REVIEW
435,cleaning,https://ovidhan.net/word/cleaning.html,POOL B — HIGH-QUALITY DISCOVERY,0,0,0,0,A,7,REVIEW,LEGACY,LOW CONFIDENCE,4,bangla;definition;part_of_speech;example,0,0,35.3,Tier A/B source quality; discovery candidate requiring external demand data,CONTENT REVIEW
436,clear,https://ovidhan.net/word/clear.html,POOL B — HIGH-QUALITY DISCOVERY,0,0,0,0,A,7,REVIEW,LEGACY,LOW CONFIDENCE,4,bangla;definition;part_of_speech;example,0,0,35.3,Tier A/B source quality; discovery candidate requiring external demand data,CONTENT REVIEW
437,clearance,https://ovidhan.net/word/clearance.html,POOL B — HIGH-QUALITY DISCOVERY,0,0,0,0,A,7,REVIEW,LEGACY,LOW CONFIDENCE,4,bangla;definition;part_of_speech;example,0,0,35.3,Tier A/B source quality; discovery candidate requiring external demand data,CONTENT REVIEW
438,clearly,https://ovidhan.net/word/clearly.html,POOL B — HIGH-QUALITY DISCOVERY,0,0,0,0,A,7,REVIEW,LEGACY,LOW CONFIDENCE,4,bangla;definition;part_of_speech;example,0,0,35.3,Tier A/B source quality; discovery candidate requiring external demand data,CONTENT REVIEW
439,cleveland,https://ovidhan.net/word/cleveland.html,POOL B — HIGH-QUALITY DISCOVERY,0,0,0,0,A,7,REVIEW,LEGACY,LOW CONFIDENCE,4,bangla;definition;part_of_speech;example,0,0,35.3,Tier A/B source quality; discovery candidate requiring external demand data,CONTENT REVIEW
440,click,https://ovidhan.net/word/click.html,POOL B — HIGH-QUALITY DISCOVERY,0,0,0,0,A,7,REVIEW,LEGACY,LOW CONFIDENCE,4,bangla;definition;part_of_speech;example,0,0,35.3,Tier A/B source quality; discovery candidate requiring external demand data,CONTENT REVIEW
441,clicking,https://ovidhan.net/word/clicking.html,POOL B — HIGH-QUALITY DISCOVERY,0,0,0,0,A,7,REVIEW,LEGACY,LOW CONFIDENCE,4,bangla;definition;part_of_speech;example,0,0,35.3,Tier A/B source quality; discovery candidate requiring external demand data,CONTENT REVIEW
442,client,https://ovidhan.net/word/client.html,POOL B — HIGH-QUALITY DISCOVERY,0,0,0,0,A,7,REVIEW,LEGACY,LOW CONFIDENCE,4,bangla;definition;part_of_speech;example,0,0,35.3,Tier A/B source quality; discovery candidate requiring external demand data,CONTENT REVIEW
443,clients,https://ovidhan.net/word/clients.html,POOL B — HIGH-QUALITY DISCOVERY,0,0,0,0,A,7,REVIEW,LEGACY,LOW CONFIDENCE,4,bangla;definition;part_of_speech;example,0,0,35.3,Tier A/B source quality; discovery candidate requiring external demand data,CONTENT REVIEW
444,climate,https://ovidhan.net/word/climate.html,POOL B — HIGH-QUALITY DISCOVERY,0,0,0,0,A,7,REVIEW,LEGACY,LOW CONFIDENCE,4,bangla;definition;part_of_speech;example,0,0,35.3,Tier A/B source quality; discovery candidate requiring external demand data,CONTENT REVIEW
445,clinic,https://ovidhan.net/word/clinic.html,POOL B — HIGH-QUALITY DISCOVERY,0,0,0,0,A,7,REVIEW,LEGACY,LOW CONFIDENCE,4,bangla;definition;part_of_speech;example,0,0,35.3,Tier A/B source quality; discovery candidate requiring external demand data,CONTENT REVIEW
446,clinical,https://ovidhan.net/word/clinical.html,POOL B — HIGH-QUALITY DISCOVERY,0,0,0,0,A,7,REVIEW,LEGACY,LOW CONFIDENCE,4,bangla;definition;part_of_speech;example,0,0,35.3,Tier A/B source quality; discovery candidate requiring external demand data,CONTENT REVIEW
447,clinton,https://ovidhan.net/word/clinton.html,POOL B — HIGH-QUALITY DISCOVERY,0,0,0,0,A,7,REVIEW,LEGACY,LOW CONFIDENCE,4,bangla;definition;part_of_speech;example,0,0,35.3,Tier A/B source quality; discovery candidate requiring external demand data,CONTENT REVIEW
448,clip,https://ovidhan.net/word/clip.html,POOL B — HIGH-QUALITY DISCOVERY,0,0,0,0,A,7,REVIEW,LEGACY,LOW CONFIDENCE,4,bangla;definition;part_of_speech;example,0,0,35.3,Tier A/B source quality; discovery candidate requiring external demand data,CONTENT REVIEW
449,clips,https://ovidhan.net/word/clips.html,POOL B — HIGH-QUALITY DISCOVERY,0,0,0,0,A,7,REVIEW,LEGACY,LOW CONFIDENCE,4,bangla;definition;part_of_speech;example,0,0,35.3,Tier A/B source quality; discovery candidate requiring external demand data,CONTENT REVIEW
450,clock,https://ovidhan.net/word/clock.html,POOL B — HIGH-QUALITY DISCOVERY,0,0,0,0,A,7,REVIEW,LEGACY,LOW CONFIDENCE,4,bangla;definition;part_of_speech;example,0,0,35.3,Tier A/B source quality; discovery candidate requiring external demand data,CONTENT REVIEW
451,close,https://ovidhan.net/word/close.html,POOL B — HIGH-QUALITY DISCOVERY,0,0,0,0,A,7,REVIEW,LEGACY,LOW CONFIDENCE,4,bangla;definition;part_of_speech;example,0,0,35.3,Tier A/B source quality; discovery candidate requiring external demand data,CONTENT REVIEW
452,closed,https://ovidhan.net/word/closed.html,POOL B — HIGH-QUALITY DISCOVERY,0,0,0,0,A,7,REVIEW,LEGACY,LOW CONFIDENCE,4,bangla;definition;part_of_speech;example,0,0,35.3,Tier A/B source quality; discovery candidate requiring external demand data,CONTENT REVIEW
453,closely,https://ovidhan.net/word/closely.html,POOL B — HIGH-QUALITY DISCOVERY,0,0,0,0,A,7,REVIEW,LEGACY,LOW CONFIDENCE,4,bangla;definition;part_of_speech;example,0,0,35.3,Tier A/B source quality; discovery candidate requiring external demand data,CONTENT REVIEW
454,closer,https://ovidhan.net/word/closer.html,POOL B — HIGH-QUALITY DISCOVERY,0,0,0,0,A,7,REVIEW,LEGACY,LOW CONFIDENCE,4,bangla;definition;part_of_speech;example,0,0,35.3,Tier A/B source quality; discovery candidate requiring external demand data,CONTENT REVIEW
455,closing,https://ovidhan.net/word/closing.html,POOL B — HIGH-QUALITY DISCOVERY,0,0,0,0,A,7,REVIEW,LEGACY,LOW CONFIDENCE,4,bangla;definition;part_of_speech;example,0,0,35.3,Tier A/B source quality; discovery candidate requiring external demand data,CONTENT REVIEW
456,clothes,https://ovidhan.net/word/clothes.html,POOL B — HIGH-QUALITY DISCOVERY,0,0,0,0,A,7,REVIEW,LEGACY,LOW CONFIDENCE,4,bangla;definition;part_of_speech;example,0,0,35.3,Tier A/B source quality; discovery candidate requiring external demand data,CONTENT REVIEW
457,clothing,https://ovidhan.net/word/clothing.html,POOL B — HIGH-QUALITY DISCOVERY,0,0,0,0,A,7,REVIEW,LEGACY,LOW CONFIDENCE,4,bangla;definition;part_of_speech;example,0,0,35.3,Tier A/B source quality; discovery candidate requiring external demand data,CONTENT REVIEW
458,cloudy,https://ovidhan.net/word/cloudy.html,POOL B — HIGH-QUALITY DISCOVERY,0,0,0,0,A,7,REVIEW,LEGACY,LOW CONFIDENCE,4,bangla;definition;part_of_speech;example,0,0,35.3,Tier A/B source quality; discovery candidate requiring external demand data,CONTENT REVIEW
459,club,https://ovidhan.net/word/club.html,POOL B — HIGH-QUALITY DISCOVERY,0,0,0,0,A,7,REVIEW,LEGACY,LOW CONFIDENCE,4,bangla;definition;part_of_speech;example,0,0,35.3,Tier A/B source quality; discovery candidate requiring external demand data,CONTENT REVIEW
460,clubs,https://ovidhan.net/word/clubs.html,POOL B — HIGH-QUALITY DISCOVERY,0,0,0,0,A,7,REVIEW,LEGACY,LOW CONFIDENCE,4,bangla;definition;part_of_speech;example,0,0,35.3,Tier A/B source quality; discovery candidate requiring external demand data,CONTENT REVIEW
461,cluster,https://ovidhan.net/word/cluster.html,POOL B — HIGH-QUALITY DISCOVERY,0,0,0,0,A,7,REVIEW,LEGACY,LOW CONFIDENCE,4,bangla;definition;part_of_speech;example,0,0,35.3,Tier A/B source quality; discovery candidate requiring external demand data,CONTENT REVIEW
462,cm,https://ovidhan.net/word/cm.html,POOL B — HIGH-QUALITY DISCOVERY,0,0,0,0,A,7,REVIEW,LEGACY,LOW CONFIDENCE,4,bangla;definition;part_of_speech;example,0,0,35.3,Tier A/B source quality; discovery candidate requiring external demand data,CONTENT REVIEW
463,co,https://ovidhan.net/word/co.html,POOL B — HIGH-QUALITY DISCOVERY,0,0,0,0,A,7,REVIEW,LEGACY,LOW CONFIDENCE,4,bangla;definition;part_of_speech;example,0,0,35.3,Tier A/B source quality; discovery candidate requiring external demand data,CONTENT REVIEW
464,coach,https://ovidhan.net/word/coach.html,POOL B — HIGH-QUALITY DISCOVERY,0,0,0,0,A,7,REVIEW,LEGACY,LOW CONFIDENCE,4,bangla;definition;part_of_speech;example,0,0,35.3,Tier A/B source quality; discovery candidate requiring external demand data,CONTENT REVIEW
465,coast,https://ovidhan.net/word/coast.html,POOL B — HIGH-QUALITY DISCOVERY,0,0,0,0,A,7,REVIEW,LEGACY,LOW CONFIDENCE,4,bangla;definition;part_of_speech;example,0,0,35.3,Tier A/B source quality; discovery candidate requiring external demand data,CONTENT REVIEW
466,coastal,https://ovidhan.net/word/coastal.html,POOL B — HIGH-QUALITY DISCOVERY,0,0,0,0,A,7,REVIEW,LEGACY,LOW CONFIDENCE,4,bangla;definition;part_of_speech;example,0,0,35.3,Tier A/B source quality; discovery candidate requiring external demand data,CONTENT REVIEW
467,cock,https://ovidhan.net/word/cock.html,POOL B — HIGH-QUALITY DISCOVERY,0,0,0,0,A,7,REVIEW,LEGACY,LOW CONFIDENCE,4,bangla;definition;part_of_speech;example,0,0,35.3,Tier A/B source quality; discovery candidate requiring external demand data,CONTENT REVIEW
468,code,https://ovidhan.net/word/code.html,POOL B — HIGH-QUALITY DISCOVERY,0,0,0,0,A,7,REVIEW,LEGACY,LOW CONFIDENCE,4,bangla;definition;part_of_speech;example,0,0,35.3,Tier A/B source quality; discovery candidate requiring external demand data,CONTENT REVIEW
469,codes,https://ovidhan.net/word/codes.html,POOL B — HIGH-QUALITY DISCOVERY,0,0,0,0,A,7,REVIEW,LEGACY,LOW CONFIDENCE,4,bangla;definition;part_of_speech;example,0,0,35.3,Tier A/B source quality; discovery candidate requiring external demand data,CONTENT REVIEW
470,coffee,https://ovidhan.net/word/coffee.html,POOL B — HIGH-QUALITY DISCOVERY,0,0,0,0,A,7,REVIEW,LEGACY,LOW CONFIDENCE,4,bangla;definition;part_of_speech;example,0,0,35.3,Tier A/B source quality; discovery candidate requiring external demand data,CONTENT REVIEW
471,coins,https://ovidhan.net/word/coins.html,POOL B — HIGH-QUALITY DISCOVERY,0,0,0,0,A,7,REVIEW,LEGACY,LOW CONFIDENCE,4,bangla;definition;part_of_speech;example,0,0,35.3,Tier A/B source quality; discovery candidate requiring external demand data,CONTENT REVIEW
472,cold,https://ovidhan.net/word/cold.html,POOL B — HIGH-QUALITY DISCOVERY,0,0,0,0,A,7,REVIEW,LEGACY,LOW CONFIDENCE,4,bangla;definition;part_of_speech;example,0,0,35.3,Tier A/B source quality; discovery candidate requiring external demand data,CONTENT REVIEW
473,collaboration,https://ovidhan.net/word/collaboration.html,POOL B — HIGH-QUALITY DISCOVERY,0,0,0,0,A,7,REVIEW,LEGACY,LOW CONFIDENCE,4,bangla;definition;part_of_speech;example,0,0,35.3,Tier A/B source quality; discovery candidate requiring external demand data,CONTENT REVIEW
474,collect,https://ovidhan.net/word/collect.html,POOL B — HIGH-QUALITY DISCOVERY,0,0,0,0,A,7,REVIEW,LEGACY,LOW CONFIDENCE,4,bangla;definition;part_of_speech;example,0,0,35.3,Tier A/B source quality; discovery candidate requiring external demand data,CONTENT REVIEW
475,collectables,https://ovidhan.net/word/collectables.html,POOL B — HIGH-QUALITY DISCOVERY,0,0,0,0,A,7,REVIEW,LEGACY,LOW CONFIDENCE,4,bangla;definition;part_of_speech;example,0,0,35.3,Tier A/B source quality; discovery candidate requiring external demand data,CONTENT REVIEW
476,collected,https://ovidhan.net/word/collected.html,POOL B — HIGH-QUALITY DISCOVERY,0,0,0,0,A,7,REVIEW,LEGACY,LOW CONFIDENCE,4,bangla;definition;part_of_speech;example,0,0,35.3,Tier A/B source quality; discovery candidate requiring external demand data,CONTENT REVIEW
477,collectibles,https://ovidhan.net/word/collectibles.html,POOL B — HIGH-QUALITY DISCOVERY,0,0,0,0,A,7,REVIEW,LEGACY,LOW CONFIDENCE,4,bangla;definition;part_of_speech;example,0,0,35.3,Tier A/B source quality; discovery candidate requiring external demand data,CONTENT REVIEW
478,collection,https://ovidhan.net/word/collection.html,POOL B — HIGH-QUALITY DISCOVERY,0,0,0,0,A,7,REVIEW,LEGACY,LOW CONFIDENCE,4,bangla;definition;part_of_speech;example,0,0,35.3,Tier A/B source quality; discovery candidate requiring external demand data,CONTENT REVIEW
479,collections,https://ovidhan.net/word/collections.html,POOL B — HIGH-QUALITY DISCOVERY,0,0,0,0,A,7,REVIEW,LEGACY,LOW CONFIDENCE,4,bangla;definition;part_of_speech;example,0,0,35.3,Tier A/B source quality; discovery candidate requiring external demand data,CONTENT REVIEW
480,college,https://ovidhan.net/word/college.html,POOL B — HIGH-QUALITY DISCOVERY,0,0,0,0,A,7,REVIEW,LEGACY,LOW CONFIDENCE,4,bangla;definition;part_of_speech;example,0,0,35.3,Tier A/B source quality; discovery candidate requiring external demand data,CONTENT REVIEW
481,colleges,https://ovidhan.net/word/colleges.html,POOL B — HIGH-QUALITY DISCOVERY,0,0,0,0,A,7,REVIEW,LEGACY,LOW CONFIDENCE,4,bangla;definition;part_of_speech;example,0,0,35.3,Tier A/B source quality; discovery candidate requiring external demand data,CONTENT REVIEW
482,color,https://ovidhan.net/word/color.html,POOL B — HIGH-QUALITY DISCOVERY,0,0,0,0,A,7,REVIEW,LEGACY,LOW CONFIDENCE,4,bangla;definition;part_of_speech;example,0,0,35.3,Tier A/B source quality; discovery candidate requiring external demand data,CONTENT REVIEW
483,colorado,https://ovidhan.net/word/colorado.html,POOL B — HIGH-QUALITY DISCOVERY,0,0,0,0,A,7,REVIEW,LEGACY,LOW CONFIDENCE,4,bangla;definition;part_of_speech;example,0,0,35.3,Tier A/B source quality; discovery candidate requiring external demand data,CONTENT REVIEW
484,colors,https://ovidhan.net/word/colors.html,POOL B — HIGH-QUALITY DISCOVERY,0,0,0,0,A,7,REVIEW,LEGACY,LOW CONFIDENCE,4,bangla;definition;part_of_speech;example,0,0,35.3,Tier A/B source quality; discovery candidate requiring external demand data,CONTENT REVIEW
485,columbia,https://ovidhan.net/word/columbia.html,POOL B — HIGH-QUALITY DISCOVERY,0,0,0,0,A,7,REVIEW,LEGACY,LOW CONFIDENCE,4,bangla;definition;part_of_speech;example,0,0,35.3,Tier A/B source quality; discovery candidate requiring external demand data,CONTENT REVIEW
486,columbus,https://ovidhan.net/word/columbus.html,POOL B — HIGH-QUALITY DISCOVERY,0,0,0,0,A,7,REVIEW,LEGACY,LOW CONFIDENCE,4,bangla;definition;part_of_speech;example,0,0,35.3,Tier A/B source quality; discovery candidate requiring external demand data,CONTENT REVIEW
487,column,https://ovidhan.net/word/column.html,POOL B — HIGH-QUALITY DISCOVERY,0,0,0,0,A,7,REVIEW,LEGACY,LOW CONFIDENCE,4,bangla;definition;part_of_speech;example,0,0,35.3,Tier A/B source quality; discovery candidate requiring external demand data,CONTENT REVIEW
488,columns,https://ovidhan.net/word/columns.html,POOL B — HIGH-QUALITY DISCOVERY,0,0,0,0,A,7,REVIEW,LEGACY,LOW CONFIDENCE,4,bangla;definition;part_of_speech;example,0,0,35.3,Tier A/B source quality; discovery candidate requiring external demand data,CONTENT REVIEW
489,combat,https://ovidhan.net/word/combat.html,POOL B — HIGH-QUALITY DISCOVERY,0,0,0,0,A,7,REVIEW,LEGACY,LOW CONFIDENCE,4,bangla;definition;part_of_speech;example,0,0,35.3,Tier A/B source quality; discovery candidate requiring external demand data,CONTENT REVIEW
490,combination,https://ovidhan.net/word/combination.html,POOL B — HIGH-QUALITY DISCOVERY,0,0,0,0,A,7,REVIEW,LEGACY,LOW CONFIDENCE,4,bangla;definition;part_of_speech;example,0,0,35.3,Tier A/B source quality; discovery candidate requiring external demand data,CONTENT REVIEW
491,combined,https://ovidhan.net/word/combined.html,POOL B — HIGH-QUALITY DISCOVERY,0,0,0,0,A,7,REVIEW,LEGACY,LOW CONFIDENCE,4,bangla;definition;part_of_speech;example,0,0,35.3,Tier A/B source quality; discovery candidate requiring external demand data,CONTENT REVIEW
492,come,https://ovidhan.net/word/come.html,POOL B — HIGH-QUALITY DISCOVERY,0,0,0,0,A,7,REVIEW,LEGACY,LOW CONFIDENCE,4,bangla;definition;part_of_speech;example,0,0,35.3,Tier A/B source quality; discovery candidate requiring external demand data,CONTENT REVIEW
493,comedy,https://ovidhan.net/word/comedy.html,POOL B — HIGH-QUALITY DISCOVERY,0,0,0,0,A,7,REVIEW,LEGACY,LOW CONFIDENCE,4,bangla;definition;part_of_speech;example,0,0,35.3,Tier A/B source quality; discovery candidate requiring external demand data,CONTENT REVIEW
494,comes,https://ovidhan.net/word/comes.html,POOL B — HIGH-QUALITY DISCOVERY,0,0,0,0,A,7,REVIEW,LEGACY,LOW CONFIDENCE,4,bangla;definition;part_of_speech;example,0,0,35.3,Tier A/B source quality; discovery candidate requiring external demand data,CONTENT REVIEW
495,comfort,https://ovidhan.net/word/comfort.html,POOL B — HIGH-QUALITY DISCOVERY,0,0,0,0,A,7,REVIEW,LEGACY,LOW CONFIDENCE,4,bangla;definition;part_of_speech;example,0,0,35.3,Tier A/B source quality; discovery candidate requiring external demand data,CONTENT REVIEW
496,comfortable,https://ovidhan.net/word/comfortable.html,POOL B — HIGH-QUALITY DISCOVERY,0,0,0,0,A,7,REVIEW,LEGACY,LOW CONFIDENCE,4,bangla;definition;part_of_speech;example,0,0,35.3,Tier A/B source quality; discovery candidate requiring external demand data,CONTENT REVIEW
497,comic,https://ovidhan.net/word/comic.html,POOL B — HIGH-QUALITY DISCOVERY,0,0,0,0,A,7,REVIEW,LEGACY,LOW CONFIDENCE,4,bangla;definition;part_of_speech;example,0,0,35.3,Tier A/B source quality; discovery candidate requiring external demand data,CONTENT REVIEW
498,comics,https://ovidhan.net/word/comics.html,POOL B — HIGH-QUALITY DISCOVERY,0,0,0,0,A,7,REVIEW,LEGACY,LOW CONFIDENCE,4,bangla;definition;part_of_speech;example,0,0,35.3,Tier A/B source quality; discovery candidate requiring external demand data,CONTENT REVIEW
499,coming,https://ovidhan.net/word/coming.html,POOL B — HIGH-QUALITY DISCOVERY,0,0,0,0,A,7,REVIEW,LEGACY,LOW CONFIDENCE,4,bangla;definition;part_of_speech;example,0,0,35.3,Tier A/B source quality; discovery candidate requiring external demand data,CONTENT REVIEW
500,command,https://ovidhan.net/word/command.html,POOL B — HIGH-QUALITY DISCOVERY,0,0,0,0,A,7,REVIEW,LEGACY,LOW CONFIDENCE,4,bangla;definition;part_of_speech;example,0,0,35.3,Tier A/B source quality; discovery candidate requiring external demand data,CONTENT REVIEW
501,commands,https://ovidhan.net/word/commands.html,POOL B — HIGH-QUALITY DISCOVERY,0,0,0,0,A,7,REVIEW,LEGACY,LOW CONFIDENCE,4,bangla;definition;part_of_speech;example,0,0,35.3,Tier A/B source quality; discovery candidate requiring external demand data,CONTENT REVIEW
502,comment,https://ovidhan.net/word/comment.html,POOL B — HIGH-QUALITY DISCOVERY,0,0,0,0,A,7,REVIEW,LEGACY,LOW CONFIDENCE,4,bangla;definition;part_of_speech;example,0,0,35.3,Tier A/B source quality; discovery candidate requiring external demand data,CONTENT REVIEW
503,commentary,https://ovidhan.net/word/commentary.html,POOL B — HIGH-QUALITY DISCOVERY,0,0,0,0,A,7,REVIEW,LEGACY,LOW CONFIDENCE,4,bangla;definition;part_of_speech;example,0,0,35.3,Tier A/B source quality; discovery candidate requiring external demand data,CONTENT REVIEW
504,comments,https://ovidhan.net/word/comments.html,POOL B — HIGH-QUALITY DISCOVERY,0,0,0,0,A,7,REVIEW,LEGACY,LOW CONFIDENCE,4,bangla;definition;part_of_speech;example,0,0,35.3,Tier A/B source quality; discovery candidate requiring external demand data,CONTENT REVIEW
505,commerce,https://ovidhan.net/word/commerce.html,POOL B — HIGH-QUALITY DISCOVERY,0,0,0,0,A,7,REVIEW,LEGACY,LOW CONFIDENCE,4,bangla;definition;part_of_speech;example,0,0,35.3,Tier A/B source quality; discovery candidate requiring external demand data,CONTENT REVIEW
506,commercial,https://ovidhan.net/word/commercial.html,POOL B — HIGH-QUALITY DISCOVERY,0,0,0,0,A,7,REVIEW,LEGACY,LOW CONFIDENCE,4,bangla;definition;part_of_speech;example,0,0,35.3,Tier A/B source quality; discovery candidate requiring external demand data,CONTENT REVIEW
507,commission,https://ovidhan.net/word/commission.html,POOL B — HIGH-QUALITY DISCOVERY,0,0,0,0,A,7,REVIEW,LEGACY,LOW CONFIDENCE,4,bangla;definition;part_of_speech;example,0,0,35.3,Tier A/B source quality; discovery candidate requiring external demand data,CONTENT REVIEW
508,commissioner,https://ovidhan.net/word/commissioner.html,POOL B — HIGH-QUALITY DISCOVERY,0,0,0,0,A,7,REVIEW,LEGACY,LOW CONFIDENCE,4,bangla;definition;part_of_speech;example,0,0,35.3,Tier A/B source quality; discovery candidate requiring external demand data,CONTENT REVIEW
509,commit,https://ovidhan.net/word/commit.html,POOL B — HIGH-QUALITY DISCOVERY,0,0,0,0,A,7,REVIEW,LEGACY,LOW CONFIDENCE,4,bangla;definition;part_of_speech;example,0,0,35.3,Tier A/B source quality; discovery candidate requiring external demand data,CONTENT REVIEW
510,commitment,https://ovidhan.net/word/commitment.html,POOL B — HIGH-QUALITY DISCOVERY,0,0,0,0,A,7,REVIEW,LEGACY,LOW CONFIDENCE,4,bangla;definition;part_of_speech;example,0,0,35.3,Tier A/B source quality; discovery candidate requiring external demand data,CONTENT REVIEW
511,committed,https://ovidhan.net/word/committed.html,POOL B — HIGH-QUALITY DISCOVERY,0,0,0,0,A,7,REVIEW,LEGACY,LOW CONFIDENCE,4,bangla;definition;part_of_speech;example,0,0,35.3,Tier A/B source quality; discovery candidate requiring external demand data,CONTENT REVIEW
512,committee,https://ovidhan.net/word/committee.html,POOL B — HIGH-QUALITY DISCOVERY,0,0,0,0,A,7,REVIEW,LEGACY,LOW CONFIDENCE,4,bangla;definition;part_of_speech;example,0,0,35.3,Tier A/B source quality; discovery candidate requiring external demand data,CONTENT REVIEW
513,committees,https://ovidhan.net/word/committees.html,POOL B — HIGH-QUALITY DISCOVERY,0,0,0,0,A,7,REVIEW,LEGACY,LOW CONFIDENCE,4,bangla;definition;part_of_speech;example,0,0,35.3,Tier A/B source quality; discovery candidate requiring external demand data,CONTENT REVIEW
514,common,https://ovidhan.net/word/common.html,POOL B — HIGH-QUALITY DISCOVERY,0,0,0,0,A,7,REVIEW,LEGACY,LOW CONFIDENCE,4,bangla;definition;part_of_speech;example,0,0,35.3,Tier A/B source quality; discovery candidate requiring external demand data,CONTENT REVIEW
515,commons,https://ovidhan.net/word/commons.html,POOL B — HIGH-QUALITY DISCOVERY,0,0,0,0,A,7,REVIEW,LEGACY,LOW CONFIDENCE,4,bangla;definition;part_of_speech;example,0,0,35.3,Tier A/B source quality; discovery candidate requiring external demand data,CONTENT REVIEW
516,communication,https://ovidhan.net/word/communication.html,POOL B — HIGH-QUALITY DISCOVERY,0,0,0,0,A,7,REVIEW,LEGACY,LOW CONFIDENCE,4,bangla;definition;part_of_speech;example,0,0,35.3,Tier A/B source quality; discovery candidate requiring external demand data,CONTENT REVIEW
517,communications,https://ovidhan.net/word/communications.html,POOL B — HIGH-QUALITY DISCOVERY,0,0,0,0,A,7,REVIEW,LEGACY,LOW CONFIDENCE,4,bangla;definition;part_of_speech;example,0,0,35.3,Tier A/B source quality; discovery candidate requiring external demand data,CONTENT REVIEW
518,communities,https://ovidhan.net/word/communities.html,POOL B — HIGH-QUALITY DISCOVERY,0,0,0,0,A,7,REVIEW,LEGACY,LOW CONFIDENCE,4,bangla;definition;part_of_speech;example,0,0,35.3,Tier A/B source quality; discovery candidate requiring external demand data,CONTENT REVIEW
519,community,https://ovidhan.net/word/community.html,POOL B — HIGH-QUALITY DISCOVERY,0,0,0,0,A,7,REVIEW,LEGACY,LOW CONFIDENCE,4,bangla;definition;part_of_speech;example,0,0,35.3,Tier A/B source quality; discovery candidate requiring external demand data,CONTENT REVIEW
520,compact,https://ovidhan.net/word/compact.html,POOL B — HIGH-QUALITY DISCOVERY,0,0,0,0,A,7,REVIEW,LEGACY,LOW CONFIDENCE,4,bangla;definition;part_of_speech;example,0,0,35.3,Tier A/B source quality; discovery candidate requiring external demand data,CONTENT REVIEW
521,companies,https://ovidhan.net/word/companies.html,POOL B — HIGH-QUALITY DISCOVERY,0,0,0,0,A,7,REVIEW,LEGACY,LOW CONFIDENCE,4,bangla;definition;part_of_speech;example,0,0,35.3,Tier A/B source quality; discovery candidate requiring external demand data,CONTENT REVIEW
522,company,https://ovidhan.net/word/company.html,POOL B — HIGH-QUALITY DISCOVERY,0,0,0,0,A,7,REVIEW,LEGACY,LOW CONFIDENCE,4,bangla;definition;part_of_speech;example,0,0,35.3,Tier A/B source quality; discovery candidate requiring external demand data,CONTENT REVIEW
523,compare,https://ovidhan.net/word/compare.html,POOL B — HIGH-QUALITY DISCOVERY,0,0,0,0,A,7,REVIEW,LEGACY,LOW CONFIDENCE,4,bangla;definition;part_of_speech;example,0,0,35.3,Tier A/B source quality; discovery candidate requiring external demand data,CONTENT REVIEW
524,compared,https://ovidhan.net/word/compared.html,POOL B — HIGH-QUALITY DISCOVERY,0,0,0,0,A,7,REVIEW,LEGACY,LOW CONFIDENCE,4,bangla;definition;part_of_speech;example,0,0,35.3,Tier A/B source quality; discovery candidate requiring external demand data,CONTENT REVIEW
525,comparison,https://ovidhan.net/word/comparison.html,POOL B — HIGH-QUALITY DISCOVERY,0,0,0,0,A,7,REVIEW,LEGACY,LOW CONFIDENCE,4,bangla;definition;part_of_speech;example,0,0,35.3,Tier A/B source quality; discovery candidate requiring external demand data,CONTENT REVIEW
526,compatible,https://ovidhan.net/word/compatible.html,POOL B — HIGH-QUALITY DISCOVERY,0,0,0,0,A,7,REVIEW,LEGACY,LOW CONFIDENCE,4,bangla;definition;part_of_speech;example,0,0,35.3,Tier A/B source quality; discovery candidate requiring external demand data,CONTENT REVIEW
527,compensation,https://ovidhan.net/word/compensation.html,POOL B — HIGH-QUALITY DISCOVERY,0,0,0,0,A,7,REVIEW,LEGACY,LOW CONFIDENCE,4,bangla;definition;part_of_speech;example,0,0,35.3,Tier A/B source quality; discovery candidate requiring external demand data,CONTENT REVIEW
528,competition,https://ovidhan.net/word/competition.html,POOL B — HIGH-QUALITY DISCOVERY,0,0,0,0,A,7,REVIEW,LEGACY,LOW CONFIDENCE,4,bangla;definition;part_of_speech;example,0,0,35.3,Tier A/B source quality; discovery candidate requiring external demand data,CONTENT REVIEW
529,competitive,https://ovidhan.net/word/competitive.html,POOL B — HIGH-QUALITY DISCOVERY,0,0,0,0,A,7,REVIEW,LEGACY,LOW CONFIDENCE,4,bangla;definition;part_of_speech;example,0,0,35.3,Tier A/B source quality; discovery candidate requiring external demand data,CONTENT REVIEW
530,complaint,https://ovidhan.net/word/complaint.html,POOL B — HIGH-QUALITY DISCOVERY,0,0,0,0,A,7,REVIEW,LEGACY,LOW CONFIDENCE,4,bangla;definition;part_of_speech;example,0,0,35.3,Tier A/B source quality; discovery candidate requiring external demand data,CONTENT REVIEW
531,complaints,https://ovidhan.net/word/complaints.html,POOL B — HIGH-QUALITY DISCOVERY,0,0,0,0,A,7,REVIEW,LEGACY,LOW CONFIDENCE,4,bangla;definition;part_of_speech;example,0,0,35.3,Tier A/B source quality; discovery candidate requiring external demand data,CONTENT REVIEW
532,complete,https://ovidhan.net/word/complete.html,POOL B — HIGH-QUALITY DISCOVERY,0,0,0,0,A,7,REVIEW,LEGACY,LOW CONFIDENCE,4,bangla;definition;part_of_speech;example,0,0,35.3,Tier A/B source quality; discovery candidate requiring external demand data,CONTENT REVIEW
533,completed,https://ovidhan.net/word/completed.html,POOL B — HIGH-QUALITY DISCOVERY,0,0,0,0,A,7,REVIEW,LEGACY,LOW CONFIDENCE,4,bangla;definition;part_of_speech;example,0,0,35.3,Tier A/B source quality; discovery candidate requiring external demand data,CONTENT REVIEW
534,completely,https://ovidhan.net/word/completely.html,POOL B — HIGH-QUALITY DISCOVERY,0,0,0,0,A,7,REVIEW,LEGACY,LOW CONFIDENCE,4,bangla;definition;part_of_speech;example,0,0,35.3,Tier A/B source quality; discovery candidate requiring external demand data,CONTENT REVIEW
535,completion,https://ovidhan.net/word/completion.html,POOL B — HIGH-QUALITY DISCOVERY,0,0,0,0,A,7,REVIEW,LEGACY,LOW CONFIDENCE,4,bangla;definition;part_of_speech;example,0,0,35.3,Tier A/B source quality; discovery candidate requiring external demand data,CONTENT REVIEW
536,complex,https://ovidhan.net/word/complex.html,POOL B — HIGH-QUALITY DISCOVERY,0,0,0,0,A,7,REVIEW,LEGACY,LOW CONFIDENCE,4,bangla;definition;part_of_speech;example,0,0,35.3,Tier A/B source quality; discovery candidate requiring external demand data,CONTENT REVIEW
537,compliance,https://ovidhan.net/word/compliance.html,POOL B — HIGH-QUALITY DISCOVERY,0,0,0,0,A,7,REVIEW,LEGACY,LOW CONFIDENCE,4,bangla;definition;part_of_speech;example,0,0,35.3,Tier A/B source quality; discovery candidate requiring external demand data,CONTENT REVIEW
538,component,https://ovidhan.net/word/component.html,POOL B — HIGH-QUALITY DISCOVERY,0,0,0,0,A,7,REVIEW,LEGACY,LOW CONFIDENCE,4,bangla;definition;part_of_speech;example,0,0,35.3,Tier A/B source quality; discovery candidate requiring external demand data,CONTENT REVIEW
539,components,https://ovidhan.net/word/components.html,POOL B — HIGH-QUALITY DISCOVERY,0,0,0,0,A,7,REVIEW,LEGACY,LOW CONFIDENCE,4,bangla;definition;part_of_speech;example,0,0,35.3,Tier A/B source quality; discovery candidate requiring external demand data,CONTENT REVIEW
540,composition,https://ovidhan.net/word/composition.html,POOL B — HIGH-QUALITY DISCOVERY,0,0,0,0,A,7,REVIEW,LEGACY,LOW CONFIDENCE,4,bangla;definition;part_of_speech;example,0,0,35.3,Tier A/B source quality; discovery candidate requiring external demand data,CONTENT REVIEW
541,comprehensive,https://ovidhan.net/word/comprehensive.html,POOL B — HIGH-QUALITY DISCOVERY,0,0,0,0,A,7,REVIEW,LEGACY,LOW CONFIDENCE,4,bangla;definition;part_of_speech;example,0,0,35.3,Tier A/B source quality; discovery candidate requiring external demand data,CONTENT REVIEW
542,computer,https://ovidhan.net/word/computer.html,POOL B — HIGH-QUALITY DISCOVERY,0,0,0,0,A,7,REVIEW,LEGACY,LOW CONFIDENCE,4,bangla;definition;part_of_speech;example,0,0,35.3,Tier A/B source quality; discovery candidate requiring external demand data,CONTENT REVIEW
543,computers,https://ovidhan.net/word/computers.html,POOL B — HIGH-QUALITY DISCOVERY,0,0,0,0,A,7,REVIEW,LEGACY,LOW CONFIDENCE,4,bangla;definition;part_of_speech;example,0,0,35.3,Tier A/B source quality; discovery candidate requiring external demand data,CONTENT REVIEW
544,computing,https://ovidhan.net/word/computing.html,POOL B — HIGH-QUALITY DISCOVERY,0,0,0,0,A,7,REVIEW,LEGACY,LOW CONFIDENCE,4,bangla;definition;part_of_speech;example,0,0,35.3,Tier A/B source quality; discovery candidate requiring external demand data,CONTENT REVIEW
545,concentration,https://ovidhan.net/word/concentration.html,POOL B — HIGH-QUALITY DISCOVERY,0,0,0,0,A,7,REVIEW,LEGACY,LOW CONFIDENCE,4,bangla;definition;part_of_speech;example,0,0,35.3,Tier A/B source quality; discovery candidate requiring external demand data,CONTENT REVIEW
546,concept,https://ovidhan.net/word/concept.html,POOL B — HIGH-QUALITY DISCOVERY,0,0,0,0,A,7,REVIEW,LEGACY,LOW CONFIDENCE,4,bangla;definition;part_of_speech;example,0,0,35.3,Tier A/B source quality; discovery candidate requiring external demand data,CONTENT REVIEW
547,concepts,https://ovidhan.net/word/concepts.html,POOL B — HIGH-QUALITY DISCOVERY,0,0,0,0,A,7,REVIEW,LEGACY,LOW CONFIDENCE,4,bangla;definition;part_of_speech;example,0,0,35.3,Tier A/B source quality; discovery candidate requiring external demand data,CONTENT REVIEW
548,concern,https://ovidhan.net/word/concern.html,POOL B — HIGH-QUALITY DISCOVERY,0,0,0,0,A,7,REVIEW,LEGACY,LOW CONFIDENCE,4,bangla;definition;part_of_speech;example,0,0,35.3,Tier A/B source quality; discovery candidate requiring external demand data,CONTENT REVIEW
549,concerned,https://ovidhan.net/word/concerned.html,POOL B — HIGH-QUALITY DISCOVERY,0,0,0,0,A,7,REVIEW,LEGACY,LOW CONFIDENCE,4,bangla;definition;part_of_speech;example,0,0,35.3,Tier A/B source quality; discovery candidate requiring external demand data,CONTENT REVIEW
550,concerning,https://ovidhan.net/word/concerning.html,POOL B — HIGH-QUALITY DISCOVERY,0,0,0,0,A,7,REVIEW,LEGACY,LOW CONFIDENCE,4,bangla;definition;part_of_speech;example,0,0,35.3,Tier A/B source quality; discovery candidate requiring external demand data,CONTENT REVIEW
551,concerns,https://ovidhan.net/word/concerns.html,POOL B — HIGH-QUALITY DISCOVERY,0,0,0,0,A,7,REVIEW,LEGACY,LOW CONFIDENCE,4,bangla;definition;part_of_speech;example,0,0,35.3,Tier A/B source quality; discovery candidate requiring external demand data,CONTENT REVIEW
552,concert,https://ovidhan.net/word/concert.html,POOL B — HIGH-QUALITY DISCOVERY,0,0,0,0,A,7,REVIEW,LEGACY,LOW CONFIDENCE,4,bangla;definition;part_of_speech;example,0,0,35.3,Tier A/B source quality; discovery candidate requiring external demand data,CONTENT REVIEW
553,conclusion,https://ovidhan.net/word/conclusion.html,POOL B — HIGH-QUALITY DISCOVERY,0,0,0,0,A,7,REVIEW,LEGACY,LOW CONFIDENCE,4,bangla;definition;part_of_speech;example,0,0,35.3,Tier A/B source quality; discovery candidate requiring external demand data,CONTENT REVIEW
554,concrete,https://ovidhan.net/word/concrete.html,POOL B — HIGH-QUALITY DISCOVERY,0,0,0,0,A,7,REVIEW,LEGACY,LOW CONFIDENCE,4,bangla;definition;part_of_speech;example,0,0,35.3,Tier A/B source quality; discovery candidate requiring external demand data,CONTENT REVIEW
555,condition,https://ovidhan.net/word/condition.html,POOL B — HIGH-QUALITY DISCOVERY,0,0,0,0,A,7,REVIEW,LEGACY,LOW CONFIDENCE,4,bangla;definition;part_of_speech;example,0,0,35.3,Tier A/B source quality; discovery candidate requiring external demand data,CONTENT REVIEW
556,conditions,https://ovidhan.net/word/conditions.html,POOL B — HIGH-QUALITY DISCOVERY,0,0,0,0,A,7,REVIEW,LEGACY,LOW CONFIDENCE,4,bangla;definition;part_of_speech;example,0,0,35.3,Tier A/B source quality; discovery candidate requiring external demand data,CONTENT REVIEW
557,conduct,https://ovidhan.net/word/conduct.html,POOL B — HIGH-QUALITY DISCOVERY,0,0,0,0,A,7,REVIEW,LEGACY,LOW CONFIDENCE,4,bangla;definition;part_of_speech;example,0,0,35.3,Tier A/B source quality; discovery candidate requiring external demand data,CONTENT REVIEW
558,conducted,https://ovidhan.net/word/conducted.html,POOL B — HIGH-QUALITY DISCOVERY,0,0,0,0,A,7,REVIEW,LEGACY,LOW CONFIDENCE,4,bangla;definition;part_of_speech;example,0,0,35.3,Tier A/B source quality; discovery candidate requiring external demand data,CONTENT REVIEW
559,conference,https://ovidhan.net/word/conference.html,POOL B — HIGH-QUALITY DISCOVERY,0,0,0,0,A,7,REVIEW,LEGACY,LOW CONFIDENCE,4,bangla;definition;part_of_speech;example,0,0,35.3,Tier A/B source quality; discovery candidate requiring external demand data,CONTENT REVIEW
560,conferences,https://ovidhan.net/word/conferences.html,POOL B — HIGH-QUALITY DISCOVERY,0,0,0,0,A,7,REVIEW,LEGACY,LOW CONFIDENCE,4,bangla;definition;part_of_speech;example,0,0,35.3,Tier A/B source quality; discovery candidate requiring external demand data,CONTENT REVIEW
561,confidence,https://ovidhan.net/word/confidence.html,POOL B — HIGH-QUALITY DISCOVERY,0,0,0,0,A,7,REVIEW,LEGACY,LOW CONFIDENCE,4,bangla;definition;part_of_speech;example,0,0,35.3,Tier A/B source quality; discovery candidate requiring external demand data,CONTENT REVIEW
562,configuration,https://ovidhan.net/word/configuration.html,POOL B — HIGH-QUALITY DISCOVERY,0,0,0,0,A,7,REVIEW,LEGACY,LOW CONFIDENCE,4,bangla;definition;part_of_speech;example,0,0,35.3,Tier A/B source quality; discovery candidate requiring external demand data,CONTENT REVIEW
563,configure,https://ovidhan.net/word/configure.html,POOL B — HIGH-QUALITY DISCOVERY,0,0,0,0,A,7,REVIEW,LEGACY,LOW CONFIDENCE,4,bangla;definition;part_of_speech;example,0,0,35.3,Tier A/B source quality; discovery candidate requiring external demand data,CONTENT REVIEW
564,confirm,https://ovidhan.net/word/confirm.html,POOL B — HIGH-QUALITY DISCOVERY,0,0,0,0,A,7,REVIEW,LEGACY,LOW CONFIDENCE,4,bangla;definition;part_of_speech;example,0,0,35.3,Tier A/B source quality; discovery candidate requiring external demand data,CONTENT REVIEW
565,confirmed,https://ovidhan.net/word/confirmed.html,POOL B — HIGH-QUALITY DISCOVERY,0,0,0,0,A,7,REVIEW,LEGACY,LOW CONFIDENCE,4,bangla;definition;part_of_speech;example,0,0,35.3,Tier A/B source quality; discovery candidate requiring external demand data,CONTENT REVIEW
566,conflict,https://ovidhan.net/word/conflict.html,POOL B — HIGH-QUALITY DISCOVERY,0,0,0,0,A,7,REVIEW,LEGACY,LOW CONFIDENCE,4,bangla;definition;part_of_speech;example,0,0,35.3,Tier A/B source quality; discovery candidate requiring external demand data,CONTENT REVIEW
567,congress,https://ovidhan.net/word/congress.html,POOL B — HIGH-QUALITY DISCOVERY,0,0,0,0,A,7,REVIEW,LEGACY,LOW CONFIDENCE,4,bangla;definition;part_of_speech;example,0,0,35.3,Tier A/B source quality; discovery candidate requiring external demand data,CONTENT REVIEW
568,connect,https://ovidhan.net/word/connect.html,POOL B — HIGH-QUALITY DISCOVERY,0,0,0,0,A,7,REVIEW,LEGACY,LOW CONFIDENCE,4,bangla;definition;part_of_speech;example,0,0,35.3,Tier A/B source quality; discovery candidate requiring external demand data,CONTENT REVIEW
569,connected,https://ovidhan.net/word/connected.html,POOL B — HIGH-QUALITY DISCOVERY,0,0,0,0,A,7,REVIEW,LEGACY,LOW CONFIDENCE,4,bangla;definition;part_of_speech;example,0,0,35.3,Tier A/B source quality; discovery candidate requiring external demand data,CONTENT REVIEW
570,connecticut,https://ovidhan.net/word/connecticut.html,POOL B — HIGH-QUALITY DISCOVERY,0,0,0,0,A,7,REVIEW,LEGACY,LOW CONFIDENCE,4,bangla;definition;part_of_speech;example,0,0,35.3,Tier A/B source quality; discovery candidate requiring external demand data,CONTENT REVIEW
571,connection,https://ovidhan.net/word/connection.html,POOL B — HIGH-QUALITY DISCOVERY,0,0,0,0,A,7,REVIEW,LEGACY,LOW CONFIDENCE,4,bangla;definition;part_of_speech;example,0,0,35.3,Tier A/B source quality; discovery candidate requiring external demand data,CONTENT REVIEW
572,connections,https://ovidhan.net/word/connections.html,POOL B — HIGH-QUALITY DISCOVERY,0,0,0,0,A,7,REVIEW,LEGACY,LOW CONFIDENCE,4,bangla;definition;part_of_speech;example,0,0,35.3,Tier A/B source quality; discovery candidate requiring external demand data,CONTENT REVIEW
573,consent,https://ovidhan.net/word/consent.html,POOL B — HIGH-QUALITY DISCOVERY,0,0,0,0,A,7,REVIEW,LEGACY,LOW CONFIDENCE,4,bangla;definition;part_of_speech;example,0,0,35.3,Tier A/B source quality; discovery candidate requiring external demand data,CONTENT REVIEW
574,consequences,https://ovidhan.net/word/consequences.html,POOL B — HIGH-QUALITY DISCOVERY,0,0,0,0,A,7,REVIEW,LEGACY,LOW CONFIDENCE,4,bangla;definition;part_of_speech;example,0,0,35.3,Tier A/B source quality; discovery candidate requiring external demand data,CONTENT REVIEW
575,conservation,https://ovidhan.net/word/conservation.html,POOL B — HIGH-QUALITY DISCOVERY,0,0,0,0,A,7,REVIEW,LEGACY,LOW CONFIDENCE,4,bangla;definition;part_of_speech;example,0,0,35.3,Tier A/B source quality; discovery candidate requiring external demand data,CONTENT REVIEW
576,conservative,https://ovidhan.net/word/conservative.html,POOL B — HIGH-QUALITY DISCOVERY,0,0,0,0,A,7,REVIEW,LEGACY,LOW CONFIDENCE,4,bangla;definition;part_of_speech;example,0,0,35.3,Tier A/B source quality; discovery candidate requiring external demand data,CONTENT REVIEW
577,consider,https://ovidhan.net/word/consider.html,POOL B — HIGH-QUALITY DISCOVERY,0,0,0,0,A,7,REVIEW,LEGACY,LOW CONFIDENCE,4,bangla;definition;part_of_speech;example,0,0,35.3,Tier A/B source quality; discovery candidate requiring external demand data,CONTENT REVIEW
578,consideration,https://ovidhan.net/word/consideration.html,POOL B — HIGH-QUALITY DISCOVERY,0,0,0,0,A,7,REVIEW,LEGACY,LOW CONFIDENCE,4,bangla;definition;part_of_speech;example,0,0,35.3,Tier A/B source quality; discovery candidate requiring external demand data,CONTENT REVIEW
579,considered,https://ovidhan.net/word/considered.html,POOL B — HIGH-QUALITY DISCOVERY,0,0,0,0,A,7,REVIEW,LEGACY,LOW CONFIDENCE,4,bangla;definition;part_of_speech;example,0,0,35.3,Tier A/B source quality; discovery candidate requiring external demand data,CONTENT REVIEW
580,considering,https://ovidhan.net/word/considering.html,POOL B — HIGH-QUALITY DISCOVERY,0,0,0,0,A,7,REVIEW,LEGACY,LOW CONFIDENCE,4,bangla;definition;part_of_speech;example,0,0,35.3,Tier A/B source quality; discovery candidate requiring external demand data,CONTENT REVIEW
581,consistent,https://ovidhan.net/word/consistent.html,POOL B — HIGH-QUALITY DISCOVERY,0,0,0,0,A,7,REVIEW,LEGACY,LOW CONFIDENCE,4,bangla;definition;part_of_speech;example,0,0,35.3,Tier A/B source quality; discovery candidate requiring external demand data,CONTENT REVIEW
582,consists,https://ovidhan.net/word/consists.html,POOL B — HIGH-QUALITY DISCOVERY,0,0,0,0,A,7,REVIEW,LEGACY,LOW CONFIDENCE,4,bangla;definition;part_of_speech;example,0,0,35.3,Tier A/B source quality; discovery candidate requiring external demand data,CONTENT REVIEW
583,console,https://ovidhan.net/word/console.html,POOL B — HIGH-QUALITY DISCOVERY,0,0,0,0,A,7,REVIEW,LEGACY,LOW CONFIDENCE,4,bangla;definition;part_of_speech;example,0,0,35.3,Tier A/B source quality; discovery candidate requiring external demand data,CONTENT REVIEW
584,consolidation,https://ovidhan.net/word/consolidation.html,POOL B — HIGH-QUALITY DISCOVERY,0,0,0,0,A,7,REVIEW,LEGACY,LOW CONFIDENCE,4,bangla;definition;part_of_speech;example,0,0,35.3,Tier A/B source quality; discovery candidate requiring external demand data,CONTENT REVIEW
585,constant,https://ovidhan.net/word/constant.html,POOL B — HIGH-QUALITY DISCOVERY,0,0,0,0,A,7,REVIEW,LEGACY,LOW CONFIDENCE,4,bangla;definition;part_of_speech;example,0,0,35.3,Tier A/B source quality; discovery candidate requiring external demand data,CONTENT REVIEW
586,constitutes,https://ovidhan.net/word/constitutes.html,POOL B — HIGH-QUALITY DISCOVERY,0,0,0,0,A,7,REVIEW,LEGACY,LOW CONFIDENCE,4,bangla;definition;part_of_speech;example,0,0,35.3,Tier A/B source quality; discovery candidate requiring external demand data,CONTENT REVIEW
587,constitution,https://ovidhan.net/word/constitution.html,POOL B — HIGH-QUALITY DISCOVERY,0,0,0,0,A,7,REVIEW,LEGACY,LOW CONFIDENCE,4,bangla;definition;part_of_speech;example,0,0,35.3,Tier A/B source quality; discovery candidate requiring external demand data,CONTENT REVIEW
588,construction,https://ovidhan.net/word/construction.html,POOL B — HIGH-QUALITY DISCOVERY,0,0,0,0,A,7,REVIEW,LEGACY,LOW CONFIDENCE,4,bangla;definition;part_of_speech;example,0,0,35.3,Tier A/B source quality; discovery candidate requiring external demand data,CONTENT REVIEW
589,consultant,https://ovidhan.net/word/consultant.html,POOL B — HIGH-QUALITY DISCOVERY,0,0,0,0,A,7,REVIEW,LEGACY,LOW CONFIDENCE,4,bangla;definition;part_of_speech;example,0,0,35.3,Tier A/B source quality; discovery candidate requiring external demand data,CONTENT REVIEW
590,consultants,https://ovidhan.net/word/consultants.html,POOL B — HIGH-QUALITY DISCOVERY,0,0,0,0,A,7,REVIEW,LEGACY,LOW CONFIDENCE,4,bangla;definition;part_of_speech;example,0,0,35.3,Tier A/B source quality; discovery candidate requiring external demand data,CONTENT REVIEW
591,consultation,https://ovidhan.net/word/consultation.html,POOL B — HIGH-QUALITY DISCOVERY,0,0,0,0,A,7,REVIEW,LEGACY,LOW CONFIDENCE,4,bangla;definition;part_of_speech;example,0,0,35.3,Tier A/B source quality; discovery candidate requiring external demand data,CONTENT REVIEW
592,consulting,https://ovidhan.net/word/consulting.html,POOL B — HIGH-QUALITY DISCOVERY,0,0,0,0,A,7,REVIEW,LEGACY,LOW CONFIDENCE,4,bangla;definition;part_of_speech;example,0,0,35.3,Tier A/B source quality; discovery candidate requiring external demand data,CONTENT REVIEW
593,consumer,https://ovidhan.net/word/consumer.html,POOL B — HIGH-QUALITY DISCOVERY,0,0,0,0,A,7,REVIEW,LEGACY,LOW CONFIDENCE,4,bangla;definition;part_of_speech;example,0,0,35.3,Tier A/B source quality; discovery candidate requiring external demand data,CONTENT REVIEW
594,consumers,https://ovidhan.net/word/consumers.html,POOL B — HIGH-QUALITY DISCOVERY,0,0,0,0,A,7,REVIEW,LEGACY,LOW CONFIDENCE,4,bangla;definition;part_of_speech;example,0,0,35.3,Tier A/B source quality; discovery candidate requiring external demand data,CONTENT REVIEW
595,consumption,https://ovidhan.net/word/consumption.html,POOL B — HIGH-QUALITY DISCOVERY,0,0,0,0,A,7,REVIEW,LEGACY,LOW CONFIDENCE,4,bangla;definition;part_of_speech;example,0,0,35.3,Tier A/B source quality; discovery candidate requiring external demand data,CONTENT REVIEW
596,contact,https://ovidhan.net/word/contact.html,POOL B — HIGH-QUALITY DISCOVERY,0,0,0,0,A,7,REVIEW,LEGACY,LOW CONFIDENCE,4,bangla;definition;part_of_speech;example,0,0,35.3,Tier A/B source quality; discovery candidate requiring external demand data,CONTENT REVIEW
597,contacts,https://ovidhan.net/word/contacts.html,POOL B — HIGH-QUALITY DISCOVERY,0,0,0,0,A,7,REVIEW,LEGACY,LOW CONFIDENCE,4,bangla;definition;part_of_speech;example,0,0,35.3,Tier A/B source quality; discovery candidate requiring external demand data,CONTENT REVIEW
598,contain,https://ovidhan.net/word/contain.html,POOL B — HIGH-QUALITY DISCOVERY,0,0,0,0,A,7,REVIEW,LEGACY,LOW CONFIDENCE,4,bangla;definition;part_of_speech;example,0,0,35.3,Tier A/B source quality; discovery candidate requiring external demand data,CONTENT REVIEW
599,contained,https://ovidhan.net/word/contained.html,POOL B — HIGH-QUALITY DISCOVERY,0,0,0,0,A,7,REVIEW,LEGACY,LOW CONFIDENCE,4,bangla;definition;part_of_speech;example,0,0,35.3,Tier A/B source quality; discovery candidate requiring external demand data,CONTENT REVIEW
600,containing,https://ovidhan.net/word/containing.html,POOL B — HIGH-QUALITY DISCOVERY,0,0,0,0,A,7,REVIEW,LEGACY,LOW CONFIDENCE,4,bangla;definition;part_of_speech;example,0,0,35.3,Tier A/B source quality; discovery candidate requiring external demand data,CONTENT REVIEW
601,contains,https://ovidhan.net/word/contains.html,POOL B — HIGH-QUALITY DISCOVERY,0,0,0,0,A,7,REVIEW,LEGACY,LOW CONFIDENCE,4,bangla;definition;part_of_speech;example,0,0,35.3,Tier A/B source quality; discovery candidate requiring external demand data,CONTENT REVIEW
602,contemporary,https://ovidhan.net/word/contemporary.html,POOL B — HIGH-QUALITY DISCOVERY,0,0,0,0,A,7,REVIEW,LEGACY,LOW CONFIDENCE,4,bangla;definition;part_of_speech;example,0,0,35.3,Tier A/B source quality; discovery candidate requiring external demand data,CONTENT REVIEW
603,content,https://ovidhan.net/word/content.html,POOL B — HIGH-QUALITY DISCOVERY,0,0,0,0,A,7,REVIEW,LEGACY,LOW CONFIDENCE,4,bangla;definition;part_of_speech;example,0,0,35.3,Tier A/B source quality; discovery candidate requiring external demand data,CONTENT REVIEW
604,contents,https://ovidhan.net/word/contents.html,POOL B — HIGH-QUALITY DISCOVERY,0,0,0,0,A,7,REVIEW,LEGACY,LOW CONFIDENCE,4,bangla;definition;part_of_speech;example,0,0,35.3,Tier A/B source quality; discovery candidate requiring external demand data,CONTENT REVIEW
605,contest,https://ovidhan.net/word/contest.html,POOL B — HIGH-QUALITY DISCOVERY,0,0,0,0,A,7,REVIEW,LEGACY,LOW CONFIDENCE,4,bangla;definition;part_of_speech;example,0,0,35.3,Tier A/B source quality; discovery candidate requiring external demand data,CONTENT REVIEW
606,context,https://ovidhan.net/word/context.html,POOL B — HIGH-QUALITY DISCOVERY,0,0,0,0,A,7,REVIEW,LEGACY,LOW CONFIDENCE,4,bangla;definition;part_of_speech;example,0,0,35.3,Tier A/B source quality; discovery candidate requiring external demand data,CONTENT REVIEW
607,continue,https://ovidhan.net/word/continue.html,POOL B — HIGH-QUALITY DISCOVERY,0,0,0,0,A,7,REVIEW,LEGACY,LOW CONFIDENCE,4,bangla;definition;part_of_speech;example,0,0,35.3,Tier A/B source quality; discovery candidate requiring external demand data,CONTENT REVIEW
608,continued,https://ovidhan.net/word/continued.html,POOL B — HIGH-QUALITY DISCOVERY,0,0,0,0,A,7,REVIEW,LEGACY,LOW CONFIDENCE,4,bangla;definition;part_of_speech;example,0,0,35.3,Tier A/B source quality; discovery candidate requiring external demand data,CONTENT REVIEW
609,continues,https://ovidhan.net/word/continues.html,POOL B — HIGH-QUALITY DISCOVERY,0,0,0,0,A,7,REVIEW,LEGACY,LOW CONFIDENCE,4,bangla;definition;part_of_speech;example,0,0,35.3,Tier A/B source quality; discovery candidate requiring external demand data,CONTENT REVIEW
610,continuing,https://ovidhan.net/word/continuing.html,POOL B — HIGH-QUALITY DISCOVERY,0,0,0,0,A,7,REVIEW,LEGACY,LOW CONFIDENCE,4,bangla;definition;part_of_speech;example,0,0,35.3,Tier A/B source quality; discovery candidate requiring external demand data,CONTENT REVIEW
611,continuous,https://ovidhan.net/word/continuous.html,POOL B — HIGH-QUALITY DISCOVERY,0,0,0,0,A,7,REVIEW,LEGACY,LOW CONFIDENCE,4,bangla;definition;part_of_speech;example,0,0,35.3,Tier A/B source quality; discovery candidate requiring external demand data,CONTENT REVIEW
612,contract,https://ovidhan.net/word/contract.html,POOL B — HIGH-QUALITY DISCOVERY,0,0,0,0,A,7,REVIEW,LEGACY,LOW CONFIDENCE,4,bangla;definition;part_of_speech;example,0,0,35.3,Tier A/B source quality; discovery candidate requiring external demand data,CONTENT REVIEW
613,contractor,https://ovidhan.net/word/contractor.html,POOL B — HIGH-QUALITY DISCOVERY,0,0,0,0,A,7,REVIEW,LEGACY,LOW CONFIDENCE,4,bangla;definition;part_of_speech;example,0,0,35.3,Tier A/B source quality; discovery candidate requiring external demand data,CONTENT REVIEW
614,contractors,https://ovidhan.net/word/contractors.html,POOL B — HIGH-QUALITY DISCOVERY,0,0,0,0,A,7,REVIEW,LEGACY,LOW CONFIDENCE,4,bangla;definition;part_of_speech;example,0,0,35.3,Tier A/B source quality; discovery candidate requiring external demand data,CONTENT REVIEW
615,contracts,https://ovidhan.net/word/contracts.html,POOL B — HIGH-QUALITY DISCOVERY,0,0,0,0,A,7,REVIEW,LEGACY,LOW CONFIDENCE,4,bangla;definition;part_of_speech;example,0,0,35.3,Tier A/B source quality; discovery candidate requiring external demand data,CONTENT REVIEW
616,contrast,https://ovidhan.net/word/contrast.html,POOL B — HIGH-QUALITY DISCOVERY,0,0,0,0,A,7,REVIEW,LEGACY,LOW CONFIDENCE,4,bangla;definition;part_of_speech;example,0,0,35.3,Tier A/B source quality; discovery candidate requiring external demand data,CONTENT REVIEW
617,contribute,https://ovidhan.net/word/contribute.html,POOL B — HIGH-QUALITY DISCOVERY,0,0,0,0,A,7,REVIEW,LEGACY,LOW CONFIDENCE,4,bangla;definition;part_of_speech;example,0,0,35.3,Tier A/B source quality; discovery candidate requiring external demand data,CONTENT REVIEW
618,contributed,https://ovidhan.net/word/contributed.html,POOL B — HIGH-QUALITY DISCOVERY,0,0,0,0,A,7,REVIEW,LEGACY,LOW CONFIDENCE,4,bangla;definition;part_of_speech;example,0,0,35.3,Tier A/B source quality; discovery candidate requiring external demand data,CONTENT REVIEW
619,contribution,https://ovidhan.net/word/contribution.html,POOL B — HIGH-QUALITY DISCOVERY,0,0,0,0,A,7,REVIEW,LEGACY,LOW CONFIDENCE,4,bangla;definition;part_of_speech;example,0,0,35.3,Tier A/B source quality; discovery candidate requiring external demand data,CONTENT REVIEW
620,contributions,https://ovidhan.net/word/contributions.html,POOL B — HIGH-QUALITY DISCOVERY,0,0,0,0,A,7,REVIEW,LEGACY,LOW CONFIDENCE,4,bangla;definition;part_of_speech;example,0,0,35.3,Tier A/B source quality; discovery candidate requiring external demand data,CONTENT REVIEW
621,control,https://ovidhan.net/word/control.html,POOL B — HIGH-QUALITY DISCOVERY,0,0,0,0,A,7,REVIEW,LEGACY,LOW CONFIDENCE,4,bangla;definition;part_of_speech;example,0,0,35.3,Tier A/B source quality; discovery candidate requiring external demand data,CONTENT REVIEW
622,controlled,https://ovidhan.net/word/controlled.html,POOL B — HIGH-QUALITY DISCOVERY,0,0,0,0,A,7,REVIEW,LEGACY,LOW CONFIDENCE,4,bangla;definition;part_of_speech;example,0,0,35.3,Tier A/B source quality; discovery candidate requiring external demand data,CONTENT REVIEW
623,controller,https://ovidhan.net/word/controller.html,POOL B — HIGH-QUALITY DISCOVERY,0,0,0,0,A,7,REVIEW,LEGACY,LOW CONFIDENCE,4,bangla;definition;part_of_speech;example,0,0,35.3,Tier A/B source quality; discovery candidate requiring external demand data,CONTENT REVIEW
624,controls,https://ovidhan.net/word/controls.html,POOL B — HIGH-QUALITY DISCOVERY,0,0,0,0,A,7,REVIEW,LEGACY,LOW CONFIDENCE,4,bangla;definition;part_of_speech;example,0,0,35.3,Tier A/B source quality; discovery candidate requiring external demand data,CONTENT REVIEW
625,convention,https://ovidhan.net/word/convention.html,POOL B — HIGH-QUALITY DISCOVERY,0,0,0,0,A,7,REVIEW,LEGACY,LOW CONFIDENCE,4,bangla;definition;part_of_speech;example,0,0,35.3,Tier A/B source quality; discovery candidate requiring external demand data,CONTENT REVIEW
626,conversation,https://ovidhan.net/word/conversation.html,POOL B — HIGH-QUALITY DISCOVERY,0,0,0,0,A,7,REVIEW,LEGACY,LOW CONFIDENCE,4,bangla;definition;part_of_speech;example,0,0,35.3,Tier A/B source quality; discovery candidate requiring external demand data,CONTENT REVIEW
627,conversion,https://ovidhan.net/word/conversion.html,POOL B — HIGH-QUALITY DISCOVERY,0,0,0,0,A,7,REVIEW,LEGACY,LOW CONFIDENCE,4,bangla;definition;part_of_speech;example,0,0,35.3,Tier A/B source quality; discovery candidate requiring external demand data,CONTENT REVIEW
628,convert,https://ovidhan.net/word/convert.html,POOL B — HIGH-QUALITY DISCOVERY,0,0,0,0,A,7,REVIEW,LEGACY,LOW CONFIDENCE,4,bangla;definition;part_of_speech;example,0,0,35.3,Tier A/B source quality; discovery candidate requiring external demand data,CONTENT REVIEW
629,converted,https://ovidhan.net/word/converted.html,POOL B — HIGH-QUALITY DISCOVERY,0,0,0,0,A,7,REVIEW,LEGACY,LOW CONFIDENCE,4,bangla;definition;part_of_speech;example,0,0,35.3,Tier A/B source quality; discovery candidate requiring external demand data,CONTENT REVIEW
630,converter,https://ovidhan.net/word/converter.html,POOL B — HIGH-QUALITY DISCOVERY,0,0,0,0,A,7,REVIEW,LEGACY,LOW CONFIDENCE,4,bangla;definition;part_of_speech;example,0,0,35.3,Tier A/B source quality; discovery candidate requiring external demand data,CONTENT REVIEW
631,cook,https://ovidhan.net/word/cook.html,POOL B — HIGH-QUALITY DISCOVERY,0,0,0,0,A,7,REVIEW,LEGACY,LOW CONFIDENCE,4,bangla;definition;part_of_speech;example,0,0,35.3,Tier A/B source quality; discovery candidate requiring external demand data,CONTENT REVIEW
632,cookies,https://ovidhan.net/word/cookies.html,POOL B — HIGH-QUALITY DISCOVERY,0,0,0,0,A,7,REVIEW,LEGACY,LOW CONFIDENCE,4,bangla;definition;part_of_speech;example,0,0,35.3,Tier A/B source quality; discovery candidate requiring external demand data,CONTENT REVIEW
633,cooking,https://ovidhan.net/word/cooking.html,POOL B — HIGH-QUALITY DISCOVERY,0,0,0,0,A,7,REVIEW,LEGACY,LOW CONFIDENCE,4,bangla;definition;part_of_speech;example,0,0,35.3,Tier A/B source quality; discovery candidate requiring external demand data,CONTENT REVIEW
634,cool,https://ovidhan.net/word/cool.html,POOL B — HIGH-QUALITY DISCOVERY,0,0,0,0,A,7,REVIEW,LEGACY,LOW CONFIDENCE,4,bangla;definition;part_of_speech;example,0,0,35.3,Tier A/B source quality; discovery candidate requiring external demand data,CONTENT REVIEW
635,cooling,https://ovidhan.net/word/cooling.html,POOL B — HIGH-QUALITY DISCOVERY,0,0,0,0,A,7,REVIEW,LEGACY,LOW CONFIDENCE,4,bangla;definition;part_of_speech;example,0,0,35.3,Tier A/B source quality; discovery candidate requiring external demand data,CONTENT REVIEW
636,cooperation,https://ovidhan.net/word/cooperation.html,POOL B — HIGH-QUALITY DISCOVERY,0,0,0,0,A,7,REVIEW,LEGACY,LOW CONFIDENCE,4,bangla;definition;part_of_speech;example,0,0,35.3,Tier A/B source quality; discovery candidate requiring external demand data,CONTENT REVIEW
637,coordinator,https://ovidhan.net/word/coordinator.html,POOL B — HIGH-QUALITY DISCOVERY,0,0,0,0,A,7,REVIEW,LEGACY,LOW CONFIDENCE,4,bangla;definition;part_of_speech;example,0,0,35.3,Tier A/B source quality; discovery candidate requiring external demand data,CONTENT REVIEW
638,copies,https://ovidhan.net/word/copies.html,POOL B — HIGH-QUALITY DISCOVERY,0,0,0,0,A,7,REVIEW,LEGACY,LOW CONFIDENCE,4,bangla;definition;part_of_speech;example,0,0,35.3,Tier A/B source quality; discovery candidate requiring external demand data,CONTENT REVIEW
639,copper,https://ovidhan.net/word/copper.html,POOL B — HIGH-QUALITY DISCOVERY,0,0,0,0,A,7,REVIEW,LEGACY,LOW CONFIDENCE,4,bangla;definition;part_of_speech;example,0,0,35.3,Tier A/B source quality; discovery candidate requiring external demand data,CONTENT REVIEW
640,copy,https://ovidhan.net/word/copy.html,POOL B — HIGH-QUALITY DISCOVERY,0,0,0,0,A,7,REVIEW,LEGACY,LOW CONFIDENCE,4,bangla;definition;part_of_speech;example,0,0,35.3,Tier A/B source quality; discovery candidate requiring external demand data,CONTENT REVIEW
641,copyright,https://ovidhan.net/word/copyright.html,POOL B — HIGH-QUALITY DISCOVERY,0,0,0,0,A,7,REVIEW,LEGACY,LOW CONFIDENCE,4,bangla;definition;part_of_speech;example,0,0,35.3,Tier A/B source quality; discovery candidate requiring external demand data,CONTENT REVIEW
642,core,https://ovidhan.net/word/core.html,POOL B — HIGH-QUALITY DISCOVERY,0,0,0,0,A,7,REVIEW,LEGACY,LOW CONFIDENCE,4,bangla;definition;part_of_speech;example,0,0,35.3,Tier A/B source quality; discovery candidate requiring external demand data,CONTENT REVIEW
643,corner,https://ovidhan.net/word/corner.html,POOL B — HIGH-QUALITY DISCOVERY,0,0,0,0,A,7,REVIEW,LEGACY,LOW CONFIDENCE,4,bangla;definition;part_of_speech;example,0,0,35.3,Tier A/B source quality; discovery candidate requiring external demand data,CONTENT REVIEW
644,corporate,https://ovidhan.net/word/corporate.html,POOL B — HIGH-QUALITY DISCOVERY,0,0,0,0,A,7,REVIEW,LEGACY,LOW CONFIDENCE,4,bangla;definition;part_of_speech;example,0,0,35.3,Tier A/B source quality; discovery candidate requiring external demand data,CONTENT REVIEW
645,corporation,https://ovidhan.net/word/corporation.html,POOL B — HIGH-QUALITY DISCOVERY,0,0,0,0,A,7,REVIEW,LEGACY,LOW CONFIDENCE,4,bangla;definition;part_of_speech;example,0,0,35.3,Tier A/B source quality; discovery candidate requiring external demand data,CONTENT REVIEW
646,correct,https://ovidhan.net/word/correct.html,POOL B — HIGH-QUALITY DISCOVERY,0,0,0,0,A,7,REVIEW,LEGACY,LOW CONFIDENCE,4,bangla;definition;part_of_speech;example,0,0,35.3,Tier A/B source quality; discovery candidate requiring external demand data,CONTENT REVIEW
647,corrections,https://ovidhan.net/word/corrections.html,POOL B — HIGH-QUALITY DISCOVERY,0,0,0,0,A,7,REVIEW,LEGACY,LOW CONFIDENCE,4,bangla;definition;part_of_speech;example,0,0,35.3,Tier A/B source quality; discovery candidate requiring external demand data,CONTENT REVIEW
648,correctly,https://ovidhan.net/word/correctly.html,POOL B — HIGH-QUALITY DISCOVERY,0,0,0,0,A,7,REVIEW,LEGACY,LOW CONFIDENCE,4,bangla;definition;part_of_speech;example,0,0,35.3,Tier A/B source quality; discovery candidate requiring external demand data,CONTENT REVIEW
649,corresponding,https://ovidhan.net/word/corresponding.html,POOL B — HIGH-QUALITY DISCOVERY,0,0,0,0,A,7,REVIEW,LEGACY,LOW CONFIDENCE,4,bangla;definition;part_of_speech;example,0,0,35.3,Tier A/B source quality; discovery candidate requiring external demand data,CONTENT REVIEW
650,cost,https://ovidhan.net/word/cost.html,POOL B — HIGH-QUALITY DISCOVERY,0,0,0,0,A,7,REVIEW,LEGACY,LOW CONFIDENCE,4,bangla;definition;part_of_speech;example,0,0,35.3,Tier A/B source quality; discovery candidate requiring external demand data,CONTENT REVIEW
651,costa,https://ovidhan.net/word/costa.html,POOL B — HIGH-QUALITY DISCOVERY,0,0,0,0,A,7,REVIEW,LEGACY,LOW CONFIDENCE,4,bangla;definition;part_of_speech;example,0,0,35.3,Tier A/B source quality; discovery candidate requiring external demand data,CONTENT REVIEW
652,costs,https://ovidhan.net/word/costs.html,POOL B — HIGH-QUALITY DISCOVERY,0,0,0,0,A,7,REVIEW,LEGACY,LOW CONFIDENCE,4,bangla;definition;part_of_speech;example,0,0,35.3,Tier A/B source quality; discovery candidate requiring external demand data,CONTENT REVIEW
653,cotton,https://ovidhan.net/word/cotton.html,POOL B — HIGH-QUALITY DISCOVERY,0,0,0,0,A,7,REVIEW,LEGACY,LOW CONFIDENCE,4,bangla;definition;part_of_speech;example,0,0,35.3,Tier A/B source quality; discovery candidate requiring external demand data,CONTENT REVIEW
654,council,https://ovidhan.net/word/council.html,POOL B — HIGH-QUALITY DISCOVERY,0,0,0,0,A,7,REVIEW,LEGACY,LOW CONFIDENCE,4,bangla;definition;part_of_speech;example,0,0,35.3,Tier A/B source quality; discovery candidate requiring external demand data,CONTENT REVIEW
655,counsel,https://ovidhan.net/word/counsel.html,POOL B — HIGH-QUALITY DISCOVERY,0,0,0,0,A,7,REVIEW,LEGACY,LOW CONFIDENCE,4,bangla;definition;part_of_speech;example,0,0,35.3,Tier A/B source quality; discovery candidate requiring external demand data,CONTENT REVIEW
656,counseling,https://ovidhan.net/word/counseling.html,POOL B — HIGH-QUALITY DISCOVERY,0,0,0,0,A,7,REVIEW,LEGACY,LOW CONFIDENCE,4,bangla;definition;part_of_speech;example,0,0,35.3,Tier A/B source quality; discovery candidate requiring external demand data,CONTENT REVIEW
657,count,https://ovidhan.net/word/count.html,POOL B — HIGH-QUALITY DISCOVERY,0,0,0,0,A,7,REVIEW,LEGACY,LOW CONFIDENCE,4,bangla;definition;part_of_speech;example,0,0,35.3,Tier A/B source quality; discovery candidate requiring external demand data,CONTENT REVIEW
658,counter,https://ovidhan.net/word/counter.html,POOL B — HIGH-QUALITY DISCOVERY,0,0,0,0,A,7,REVIEW,LEGACY,LOW CONFIDENCE,4,bangla;definition;part_of_speech;example,0,0,35.3,Tier A/B source quality; discovery candidate requiring external demand data,CONTENT REVIEW
659,counties,https://ovidhan.net/word/counties.html,POOL B — HIGH-QUALITY DISCOVERY,0,0,0,0,A,7,REVIEW,LEGACY,LOW CONFIDENCE,4,bangla;definition;part_of_speech;example,0,0,35.3,Tier A/B source quality; discovery candidate requiring external demand data,CONTENT REVIEW
660,countries,https://ovidhan.net/word/countries.html,POOL B — HIGH-QUALITY DISCOVERY,0,0,0,0,A,7,REVIEW,LEGACY,LOW CONFIDENCE,4,bangla;definition;part_of_speech;example,0,0,35.3,Tier A/B source quality; discovery candidate requiring external demand data,CONTENT REVIEW
661,country,https://ovidhan.net/word/country.html,POOL B — HIGH-QUALITY DISCOVERY,0,0,0,0,A,7,REVIEW,LEGACY,LOW CONFIDENCE,4,bangla;definition;part_of_speech;example,0,0,35.3,Tier A/B source quality; discovery candidate requiring external demand data,CONTENT REVIEW
662,counts,https://ovidhan.net/word/counts.html,POOL B — HIGH-QUALITY DISCOVERY,0,0,0,0,A,7,REVIEW,LEGACY,LOW CONFIDENCE,4,bangla;definition;part_of_speech;example,0,0,35.3,Tier A/B source quality; discovery candidate requiring external demand data,CONTENT REVIEW
663,county,https://ovidhan.net/word/county.html,POOL B — HIGH-QUALITY DISCOVERY,0,0,0,0,A,7,REVIEW,LEGACY,LOW CONFIDENCE,4,bangla;definition;part_of_speech;example,0,0,35.3,Tier A/B source quality; discovery candidate requiring external demand data,CONTENT REVIEW
664,couple,https://ovidhan.net/word/couple.html,POOL B — HIGH-QUALITY DISCOVERY,0,0,0,0,A,7,REVIEW,LEGACY,LOW CONFIDENCE,4,bangla;definition;part_of_speech;example,0,0,35.3,Tier A/B source quality; discovery candidate requiring external demand data,CONTENT REVIEW
665,couples,https://ovidhan.net/word/couples.html,POOL B — HIGH-QUALITY DISCOVERY,0,0,0,0,A,7,REVIEW,LEGACY,LOW CONFIDENCE,4,bangla;definition;part_of_speech;example,0,0,35.3,Tier A/B source quality; discovery candidate requiring external demand data,CONTENT REVIEW
666,coupons,https://ovidhan.net/word/coupons.html,POOL B — HIGH-QUALITY DISCOVERY,0,0,0,0,A,7,REVIEW,LEGACY,LOW CONFIDENCE,4,bangla;definition;part_of_speech;example,0,0,35.3,Tier A/B source quality; discovery candidate requiring external demand data,CONTENT REVIEW
667,course,https://ovidhan.net/word/course.html,POOL B — HIGH-QUALITY DISCOVERY,0,0,0,0,A,7,REVIEW,LEGACY,LOW CONFIDENCE,4,bangla;definition;part_of_speech;example,0,0,35.3,Tier A/B source quality; discovery candidate requiring external demand data,CONTENT REVIEW
668,courses,https://ovidhan.net/word/courses.html,POOL B — HIGH-QUALITY DISCOVERY,0,0,0,0,A,7,REVIEW,LEGACY,LOW CONFIDENCE,4,bangla;definition;part_of_speech;example,0,0,35.3,Tier A/B source quality; discovery candidate requiring external demand data,CONTENT REVIEW
669,court,https://ovidhan.net/word/court.html,POOL B — HIGH-QUALITY DISCOVERY,0,0,0,0,A,7,REVIEW,LEGACY,LOW CONFIDENCE,4,bangla;definition;part_of_speech;example,0,0,35.3,Tier A/B source quality; discovery candidate requiring external demand data,CONTENT REVIEW
670,courts,https://ovidhan.net/word/courts.html,POOL B — HIGH-QUALITY DISCOVERY,0,0,0,0,A,7,REVIEW,LEGACY,LOW CONFIDENCE,4,bangla;definition;part_of_speech;example,0,0,35.3,Tier A/B source quality; discovery candidate requiring external demand data,CONTENT REVIEW
671,cover,https://ovidhan.net/word/cover.html,POOL B — HIGH-QUALITY DISCOVERY,0,0,0,0,A,7,REVIEW,LEGACY,LOW CONFIDENCE,4,bangla;definition;part_of_speech;example,0,0,35.3,Tier A/B source quality; discovery candidate requiring external demand data,CONTENT REVIEW
672,coverage,https://ovidhan.net/word/coverage.html,POOL B — HIGH-QUALITY DISCOVERY,0,0,0,0,A,7,REVIEW,LEGACY,LOW CONFIDENCE,4,bangla;definition;part_of_speech;example,0,0,35.3,Tier A/B source quality; discovery candidate requiring external demand data,CONTENT REVIEW
673,covered,https://ovidhan.net/word/covered.html,POOL B — HIGH-QUALITY DISCOVERY,0,0,0,0,A,7,REVIEW,LEGACY,LOW CONFIDENCE,4,bangla;definition;part_of_speech;example,0,0,35.3,Tier A/B source quality; discovery candidate requiring external demand data,CONTENT REVIEW
674,covering,https://ovidhan.net/word/covering.html,POOL B — HIGH-QUALITY DISCOVERY,0,0,0,0,A,7,REVIEW,LEGACY,LOW CONFIDENCE,4,bangla;definition;part_of_speech;example,0,0,35.3,Tier A/B source quality; discovery candidate requiring external demand data,CONTENT REVIEW
675,covers,https://ovidhan.net/word/covers.html,POOL B — HIGH-QUALITY DISCOVERY,0,0,0,0,A,7,REVIEW,LEGACY,LOW CONFIDENCE,4,bangla;definition;part_of_speech;example,0,0,35.3,Tier A/B source quality; discovery candidate requiring external demand data,CONTENT REVIEW
676,crack,https://ovidhan.net/word/crack.html,POOL B — HIGH-QUALITY DISCOVERY,0,0,0,0,A,7,REVIEW,LEGACY,LOW CONFIDENCE,4,bangla;definition;part_of_speech;example,0,0,35.3,Tier A/B source quality; discovery candidate requiring external demand data,CONTENT REVIEW
677,craft,https://ovidhan.net/word/craft.html,POOL B — HIGH-QUALITY DISCOVERY,0,0,0,0,A,7,REVIEW,LEGACY,LOW CONFIDENCE,4,bangla;definition;part_of_speech;example,0,0,35.3,Tier A/B source quality; discovery candidate requiring external demand data,CONTENT REVIEW
678,crafts,https://ovidhan.net/word/crafts.html,POOL B — HIGH-QUALITY DISCOVERY,0,0,0,0,A,7,REVIEW,LEGACY,LOW CONFIDENCE,4,bangla;definition;part_of_speech;example,0,0,35.3,Tier A/B source quality; discovery candidate requiring external demand data,CONTENT REVIEW
679,crash,https://ovidhan.net/word/crash.html,POOL B — HIGH-QUALITY DISCOVERY,0,0,0,0,A,7,REVIEW,LEGACY,LOW CONFIDENCE,4,bangla;definition;part_of_speech;example,0,0,35.3,Tier A/B source quality; discovery candidate requiring external demand data,CONTENT REVIEW
680,crazy,https://ovidhan.net/word/crazy.html,POOL B — HIGH-QUALITY DISCOVERY,0,0,0,0,A,7,REVIEW,LEGACY,LOW CONFIDENCE,4,bangla;definition;part_of_speech;example,0,0,35.3,Tier A/B source quality; discovery candidate requiring external demand data,CONTENT REVIEW
681,cream,https://ovidhan.net/word/cream.html,POOL B — HIGH-QUALITY DISCOVERY,0,0,0,0,A,7,REVIEW,LEGACY,LOW CONFIDENCE,4,bangla;definition;part_of_speech;example,0,0,35.3,Tier A/B source quality; discovery candidate requiring external demand data,CONTENT REVIEW
682,create,https://ovidhan.net/word/create.html,POOL B — HIGH-QUALITY DISCOVERY,0,0,0,0,A,7,REVIEW,LEGACY,LOW CONFIDENCE,4,bangla;definition;part_of_speech;example,0,0,35.3,Tier A/B source quality; discovery candidate requiring external demand data,CONTENT REVIEW
683,created,https://ovidhan.net/word/created.html,POOL B — HIGH-QUALITY DISCOVERY,0,0,0,0,A,7,REVIEW,LEGACY,LOW CONFIDENCE,4,bangla;definition;part_of_speech;example,0,0,35.3,Tier A/B source quality; discovery candidate requiring external demand data,CONTENT REVIEW
684,creation,https://ovidhan.net/word/creation.html,POOL B — HIGH-QUALITY DISCOVERY,0,0,0,0,A,7,REVIEW,LEGACY,LOW CONFIDENCE,4,bangla;definition;part_of_speech;example,0,0,35.3,Tier A/B source quality; discovery candidate requiring external demand data,CONTENT REVIEW
685,creative,https://ovidhan.net/word/creative.html,POOL B — HIGH-QUALITY DISCOVERY,0,0,0,0,A,7,REVIEW,LEGACY,LOW CONFIDENCE,4,bangla;definition;part_of_speech;example,0,0,35.3,Tier A/B source quality; discovery candidate requiring external demand data,CONTENT REVIEW
686,credit,https://ovidhan.net/word/credit.html,POOL B — HIGH-QUALITY DISCOVERY,0,0,0,0,A,7,REVIEW,LEGACY,LOW CONFIDENCE,4,bangla;definition;part_of_speech;example,0,0,35.3,Tier A/B source quality; discovery candidate requiring external demand data,CONTENT REVIEW
687,credits,https://ovidhan.net/word/credits.html,POOL B — HIGH-QUALITY DISCOVERY,0,0,0,0,A,7,REVIEW,LEGACY,LOW CONFIDENCE,4,bangla;definition;part_of_speech;example,0,0,35.3,Tier A/B source quality; discovery candidate requiring external demand data,CONTENT REVIEW
688,creek,https://ovidhan.net/word/creek.html,POOL B — HIGH-QUALITY DISCOVERY,0,0,0,0,A,7,REVIEW,LEGACY,LOW CONFIDENCE,4,bangla;definition;part_of_speech;example,0,0,35.3,Tier A/B source quality; discovery candidate requiring external demand data,CONTENT REVIEW
689,crew,https://ovidhan.net/word/crew.html,POOL B — HIGH-QUALITY DISCOVERY,0,0,0,0,A,7,REVIEW,LEGACY,LOW CONFIDENCE,4,bangla;definition;part_of_speech;example,0,0,35.3,Tier A/B source quality; discovery candidate requiring external demand data,CONTENT REVIEW
690,crime,https://ovidhan.net/word/crime.html,POOL B — HIGH-QUALITY DISCOVERY,0,0,0,0,A,7,REVIEW,LEGACY,LOW CONFIDENCE,4,bangla;definition;part_of_speech;example,0,0,35.3,Tier A/B source quality; discovery candidate requiring external demand data,CONTENT REVIEW
691,criminal,https://ovidhan.net/word/criminal.html,POOL B — HIGH-QUALITY DISCOVERY,0,0,0,0,A,7,REVIEW,LEGACY,LOW CONFIDENCE,4,bangla;definition;part_of_speech;example,0,0,35.3,Tier A/B source quality; discovery candidate requiring external demand data,CONTENT REVIEW
692,crisis,https://ovidhan.net/word/crisis.html,POOL B — HIGH-QUALITY DISCOVERY,0,0,0,0,A,7,REVIEW,LEGACY,LOW CONFIDENCE,4,bangla;definition;part_of_speech;example,0,0,35.3,Tier A/B source quality; discovery candidate requiring external demand data,CONTENT REVIEW
693,criteria,https://ovidhan.net/word/criteria.html,POOL B — HIGH-QUALITY DISCOVERY,0,0,0,0,A,7,REVIEW,LEGACY,LOW CONFIDENCE,4,bangla;definition;part_of_speech;example,0,0,35.3,Tier A/B source quality; discovery candidate requiring external demand data,CONTENT REVIEW
694,critical,https://ovidhan.net/word/critical.html,POOL B — HIGH-QUALITY DISCOVERY,0,0,0,0,A,7,REVIEW,LEGACY,LOW CONFIDENCE,4,bangla;definition;part_of_speech;example,0,0,35.3,Tier A/B source quality; discovery candidate requiring external demand data,CONTENT REVIEW
695,cross,https://ovidhan.net/word/cross.html,POOL B — HIGH-QUALITY DISCOVERY,0,0,0,0,A,7,REVIEW,LEGACY,LOW CONFIDENCE,4,bangla;definition;part_of_speech;example,0,0,35.3,Tier A/B source quality; discovery candidate requiring external demand data,CONTENT REVIEW
696,crown,https://ovidhan.net/word/crown.html,POOL B — HIGH-QUALITY DISCOVERY,0,0,0,0,A,7,REVIEW,LEGACY,LOW CONFIDENCE,4,bangla;definition;part_of_speech;example,0,0,35.3,Tier A/B source quality; discovery candidate requiring external demand data,CONTENT REVIEW
697,cruise,https://ovidhan.net/word/cruise.html,POOL B — HIGH-QUALITY DISCOVERY,0,0,0,0,A,7,REVIEW,LEGACY,LOW CONFIDENCE,4,bangla;definition;part_of_speech;example,0,0,35.3,Tier A/B source quality; discovery candidate requiring external demand data,CONTENT REVIEW
698,cruises,https://ovidhan.net/word/cruises.html,POOL B — HIGH-QUALITY DISCOVERY,0,0,0,0,A,7,REVIEW,LEGACY,LOW CONFIDENCE,4,bangla;definition;part_of_speech;example,0,0,35.3,Tier A/B source quality; discovery candidate requiring external demand data,CONTENT REVIEW
699,crystal,https://ovidhan.net/word/crystal.html,POOL B — HIGH-QUALITY DISCOVERY,0,0,0,0,A,7,REVIEW,LEGACY,LOW CONFIDENCE,4,bangla;definition;part_of_speech;example,0,0,35.3,Tier A/B source quality; discovery candidate requiring external demand data,CONTENT REVIEW
700,cultural,https://ovidhan.net/word/cultural.html,POOL B — HIGH-QUALITY DISCOVERY,0,0,0,0,A,7,REVIEW,LEGACY,LOW CONFIDENCE,4,bangla;definition;part_of_speech;example,0,0,35.3,Tier A/B source quality; discovery candidate requiring external demand data,CONTENT REVIEW
701,culture,https://ovidhan.net/word/culture.html,POOL B — HIGH-QUALITY DISCOVERY,0,0,0,0,A,7,REVIEW,LEGACY,LOW CONFIDENCE,4,bangla;definition;part_of_speech;example,0,0,35.3,Tier A/B source quality; discovery candidate requiring external demand data,CONTENT REVIEW
702,cum,https://ovidhan.net/word/cum.html,POOL B — HIGH-QUALITY DISCOVERY,0,0,0,0,A,7,REVIEW,LEGACY,LOW CONFIDENCE,4,bangla;definition;part_of_speech;example,0,0,35.3,Tier A/B source quality; discovery candidate requiring external demand data,CONTENT REVIEW
703,cup,https://ovidhan.net/word/cup.html,POOL B — HIGH-QUALITY DISCOVERY,0,0,0,0,A,7,REVIEW,LEGACY,LOW CONFIDENCE,4,bangla;definition;part_of_speech;example,0,0,35.3,Tier A/B source quality; discovery candidate requiring external demand data,CONTENT REVIEW
704,currency,https://ovidhan.net/word/currency.html,POOL B — HIGH-QUALITY DISCOVERY,0,0,0,0,A,7,REVIEW,LEGACY,LOW CONFIDENCE,4,bangla;definition;part_of_speech;example,0,0,35.3,Tier A/B source quality; discovery candidate requiring external demand data,CONTENT REVIEW
705,current,https://ovidhan.net/word/current.html,POOL B — HIGH-QUALITY DISCOVERY,0,0,0,0,A,7,REVIEW,LEGACY,LOW CONFIDENCE,4,bangla;definition;part_of_speech;example,0,0,35.3,Tier A/B source quality; discovery candidate requiring external demand data,CONTENT REVIEW
706,currently,https://ovidhan.net/word/currently.html,POOL B — HIGH-QUALITY DISCOVERY,0,0,0,0,A,7,REVIEW,LEGACY,LOW CONFIDENCE,4,bangla;definition;part_of_speech;example,0,0,35.3,Tier A/B source quality; discovery candidate requiring external demand data,CONTENT REVIEW
707,curriculum,https://ovidhan.net/word/curriculum.html,POOL B — HIGH-QUALITY DISCOVERY,0,0,0,0,A,7,REVIEW,LEGACY,LOW CONFIDENCE,4,bangla;definition;part_of_speech;example,0,0,35.3,Tier A/B source quality; discovery candidate requiring external demand data,CONTENT REVIEW
708,custom,https://ovidhan.net/word/custom.html,POOL B — HIGH-QUALITY DISCOVERY,0,0,0,0,A,7,REVIEW,LEGACY,LOW CONFIDENCE,4,bangla;definition;part_of_speech;example,0,0,35.3,Tier A/B source quality; discovery candidate requiring external demand data,CONTENT REVIEW
709,customer,https://ovidhan.net/word/customer.html,POOL B — HIGH-QUALITY DISCOVERY,0,0,0,0,A,7,REVIEW,LEGACY,LOW CONFIDENCE,4,bangla;definition;part_of_speech;example,0,0,35.3,Tier A/B source quality; discovery candidate requiring external demand data,CONTENT REVIEW
710,customers,https://ovidhan.net/word/customers.html,POOL B — HIGH-QUALITY DISCOVERY,0,0,0,0,A,7,REVIEW,LEGACY,LOW CONFIDENCE,4,bangla;definition;part_of_speech;example,0,0,35.3,Tier A/B source quality; discovery candidate requiring external demand data,CONTENT REVIEW
711,customize,https://ovidhan.net/word/customize.html,POOL B — HIGH-QUALITY DISCOVERY,0,0,0,0,A,7,REVIEW,LEGACY,LOW CONFIDENCE,4,bangla;definition;part_of_speech;example,0,0,35.3,Tier A/B source quality; discovery candidate requiring external demand data,CONTENT REVIEW
712,cut,https://ovidhan.net/word/cut.html,POOL B — HIGH-QUALITY DISCOVERY,0,0,0,0,A,7,REVIEW,LEGACY,LOW CONFIDENCE,4,bangla;definition;part_of_speech;example,0,0,35.3,Tier A/B source quality; discovery candidate requiring external demand data,CONTENT REVIEW
713,cute,https://ovidhan.net/word/cute.html,POOL B — HIGH-QUALITY DISCOVERY,0,0,0,0,A,7,REVIEW,LEGACY,LOW CONFIDENCE,4,bangla;definition;part_of_speech;example,0,0,35.3,Tier A/B source quality; discovery candidate requiring external demand data,CONTENT REVIEW
714,cutting,https://ovidhan.net/word/cutting.html,POOL B — HIGH-QUALITY DISCOVERY,0,0,0,0,A,7,REVIEW,LEGACY,LOW CONFIDENCE,4,bangla;definition;part_of_speech;example,0,0,35.3,Tier A/B source quality; discovery candidate requiring external demand data,CONTENT REVIEW
715,cycle,https://ovidhan.net/word/cycle.html,POOL B — HIGH-QUALITY DISCOVERY,0,0,0,0,A,7,REVIEW,LEGACY,LOW CONFIDENCE,4,bangla;definition;part_of_speech;example,0,0,35.3,Tier A/B source quality; discovery candidate requiring external demand data,CONTENT REVIEW
716,cyprus,https://ovidhan.net/word/cyprus.html,POOL B — HIGH-QUALITY DISCOVERY,0,0,0,0,A,7,REVIEW,LEGACY,LOW CONFIDENCE,4,bangla;definition;part_of_speech;example,0,0,35.3,Tier A/B source quality; discovery candidate requiring external demand data,CONTENT REVIEW
717,czech,https://ovidhan.net/word/czech.html,POOL B — HIGH-QUALITY DISCOVERY,0,0,0,0,A,7,REVIEW,LEGACY,LOW CONFIDENCE,4,bangla;definition;part_of_speech;example,0,0,35.3,Tier A/B source quality; discovery candidate requiring external demand data,CONTENT REVIEW
718,dad,https://ovidhan.net/word/dad.html,POOL B — HIGH-QUALITY DISCOVERY,0,0,0,0,A,7,REVIEW,LEGACY,LOW CONFIDENCE,4,bangla;definition;part_of_speech;example,0,0,35.3,Tier A/B source quality; discovery candidate requiring external demand data,CONTENT REVIEW
719,daily,https://ovidhan.net/word/daily.html,POOL B — HIGH-QUALITY DISCOVERY,0,0,0,0,A,7,REVIEW,LEGACY,LOW CONFIDENCE,4,bangla;definition;part_of_speech;example,0,0,35.3,Tier A/B source quality; discovery candidate requiring external demand data,CONTENT REVIEW
720,dakota,https://ovidhan.net/word/dakota.html,POOL B — HIGH-QUALITY DISCOVERY,0,0,0,0,A,7,REVIEW,LEGACY,LOW CONFIDENCE,4,bangla;definition;part_of_speech;example,0,0,35.3,Tier A/B source quality; discovery candidate requiring external demand data,CONTENT REVIEW
721,dallas,https://ovidhan.net/word/dallas.html,POOL B — HIGH-QUALITY DISCOVERY,0,0,0,0,A,7,REVIEW,LEGACY,LOW CONFIDENCE,4,bangla;definition;part_of_speech;example,0,0,35.3,Tier A/B source quality; discovery candidate requiring external demand data,CONTENT REVIEW
722,damage,https://ovidhan.net/word/damage.html,POOL B — HIGH-QUALITY DISCOVERY,0,0,0,0,A,7,REVIEW,LEGACY,LOW CONFIDENCE,4,bangla;definition;part_of_speech;example,0,0,35.3,Tier A/B source quality; discovery candidate requiring external demand data,CONTENT REVIEW
723,damages,https://ovidhan.net/word/damages.html,POOL B — HIGH-QUALITY DISCOVERY,0,0,0,0,A,7,REVIEW,LEGACY,LOW CONFIDENCE,4,bangla;definition;part_of_speech;example,0,0,35.3,Tier A/B source quality; discovery candidate requiring external demand data,CONTENT REVIEW
724,dance,https://ovidhan.net/word/dance.html,POOL B — HIGH-QUALITY DISCOVERY,0,0,0,0,A,7,REVIEW,LEGACY,LOW CONFIDENCE,4,bangla;definition;part_of_speech;example,0,0,35.3,Tier A/B source quality; discovery candidate requiring external demand data,CONTENT REVIEW
725,dancing,https://ovidhan.net/word/dancing.html,POOL B — HIGH-QUALITY DISCOVERY,0,0,0,0,A,7,REVIEW,LEGACY,LOW CONFIDENCE,4,bangla;definition;part_of_speech;example,0,0,35.3,Tier A/B source quality; discovery candidate requiring external demand data,CONTENT REVIEW
726,dangerous,https://ovidhan.net/word/dangerous.html,POOL B — HIGH-QUALITY DISCOVERY,0,0,0,0,A,7,REVIEW,LEGACY,LOW CONFIDENCE,4,bangla;definition;part_of_speech;example,0,0,35.3,Tier A/B source quality; discovery candidate requiring external demand data,CONTENT REVIEW
727,daniel,https://ovidhan.net/word/daniel.html,POOL B — HIGH-QUALITY DISCOVERY,0,0,0,0,A,7,REVIEW,LEGACY,LOW CONFIDENCE,4,bangla;definition;part_of_speech;example,0,0,35.3,Tier A/B source quality; discovery candidate requiring external demand data,CONTENT REVIEW
728,dark,https://ovidhan.net/word/dark.html,POOL B — HIGH-QUALITY DISCOVERY,0,0,0,0,A,7,REVIEW,LEGACY,LOW CONFIDENCE,4,bangla;definition;part_of_speech;example,0,0,35.3,Tier A/B source quality; discovery candidate requiring external demand data,CONTENT REVIEW
729,data,https://ovidhan.net/word/data.html,POOL B — HIGH-QUALITY DISCOVERY,0,0,0,0,A,7,REVIEW,LEGACY,LOW CONFIDENCE,4,bangla;definition;part_of_speech;example,0,0,35.3,Tier A/B source quality; discovery candidate requiring external demand data,CONTENT REVIEW
730,database,https://ovidhan.net/word/database.html,POOL B — HIGH-QUALITY DISCOVERY,0,0,0,0,A,7,REVIEW,LEGACY,LOW CONFIDENCE,4,bangla;definition;part_of_speech;example,0,0,35.3,Tier A/B source quality; discovery candidate requiring external demand data,CONTENT REVIEW
731,databases,https://ovidhan.net/word/databases.html,POOL B — HIGH-QUALITY DISCOVERY,0,0,0,0,A,7,REVIEW,LEGACY,LOW CONFIDENCE,4,bangla;definition;part_of_speech;example,0,0,35.3,Tier A/B source quality; discovery candidate requiring external demand data,CONTENT REVIEW
732,date,https://ovidhan.net/word/date.html,POOL B — HIGH-QUALITY DISCOVERY,0,0,0,0,A,7,REVIEW,LEGACY,LOW CONFIDENCE,4,bangla;definition;part_of_speech;example,0,0,35.3,Tier A/B source quality; discovery candidate requiring external demand data,CONTENT REVIEW
733,dates,https://ovidhan.net/word/dates.html,POOL B — HIGH-QUALITY DISCOVERY,0,0,0,0,A,7,REVIEW,LEGACY,LOW CONFIDENCE,4,bangla;definition;part_of_speech;example,0,0,35.3,Tier A/B source quality; discovery candidate requiring external demand data,CONTENT REVIEW
734,dating,https://ovidhan.net/word/dating.html,POOL B — HIGH-QUALITY DISCOVERY,0,0,0,0,A,7,REVIEW,LEGACY,LOW CONFIDENCE,4,bangla;definition;part_of_speech;example,0,0,35.3,Tier A/B source quality; discovery candidate requiring external demand data,CONTENT REVIEW
735,daughter,https://ovidhan.net/word/daughter.html,POOL B — HIGH-QUALITY DISCOVERY,0,0,0,0,A,7,REVIEW,LEGACY,LOW CONFIDENCE,4,bangla;definition;part_of_speech;example,0,0,35.3,Tier A/B source quality; discovery candidate requiring external demand data,CONTENT REVIEW
736,david,https://ovidhan.net/word/david.html,POOL B — HIGH-QUALITY DISCOVERY,0,0,0,0,A,7,REVIEW,LEGACY,LOW CONFIDENCE,4,bangla;definition;part_of_speech;example,0,0,35.3,Tier A/B source quality; discovery candidate requiring external demand data,CONTENT REVIEW
737,davis,https://ovidhan.net/word/davis.html,POOL B — HIGH-QUALITY DISCOVERY,0,0,0,0,A,7,REVIEW,LEGACY,LOW CONFIDENCE,4,bangla;definition;part_of_speech;example,0,0,35.3,Tier A/B source quality; discovery candidate requiring external demand data,CONTENT REVIEW
738,day,https://ovidhan.net/word/day.html,POOL B — HIGH-QUALITY DISCOVERY,0,0,0,0,A,7,REVIEW,LEGACY,LOW CONFIDENCE,4,bangla;definition;part_of_speech;example,0,0,35.3,Tier A/B source quality; discovery candidate requiring external demand data,CONTENT REVIEW
739,days,https://ovidhan.net/word/days.html,POOL B — HIGH-QUALITY DISCOVERY,0,0,0,0,A,7,REVIEW,LEGACY,LOW CONFIDENCE,4,bangla;definition;part_of_speech;example,0,0,35.3,Tier A/B source quality; discovery candidate requiring external demand data,CONTENT REVIEW
740,db,https://ovidhan.net/word/db.html,POOL B — HIGH-QUALITY DISCOVERY,0,0,0,0,A,7,REVIEW,LEGACY,LOW CONFIDENCE,4,bangla;definition;part_of_speech;example,0,0,35.3,Tier A/B source quality; discovery candidate requiring external demand data,CONTENT REVIEW
741,dc,https://ovidhan.net/word/dc.html,POOL B — HIGH-QUALITY DISCOVERY,0,0,0,0,A,7,REVIEW,LEGACY,LOW CONFIDENCE,4,bangla;definition;part_of_speech;example,0,0,35.3,Tier A/B source quality; discovery candidate requiring external demand data,CONTENT REVIEW
742,de,https://ovidhan.net/word/de.html,POOL B — HIGH-QUALITY DISCOVERY,0,0,0,0,A,7,REVIEW,LEGACY,LOW CONFIDENCE,4,bangla;definition;part_of_speech;example,0,0,35.3,Tier A/B source quality; discovery candidate requiring external demand data,CONTENT REVIEW
743,dead,https://ovidhan.net/word/dead.html,POOL B — HIGH-QUALITY DISCOVERY,0,0,0,0,A,7,REVIEW,LEGACY,LOW CONFIDENCE,4,bangla;definition;part_of_speech;example,0,0,35.3,Tier A/B source quality; discovery candidate requiring external demand data,CONTENT REVIEW
744,deal,https://ovidhan.net/word/deal.html,POOL B — HIGH-QUALITY DISCOVERY,0,0,0,0,A,7,REVIEW,LEGACY,LOW CONFIDENCE,4,bangla;definition;part_of_speech;example,0,0,35.3,Tier A/B source quality; discovery candidate requiring external demand data,CONTENT REVIEW
745,dealer,https://ovidhan.net/word/dealer.html,POOL B — HIGH-QUALITY DISCOVERY,0,0,0,0,A,7,REVIEW,LEGACY,LOW CONFIDENCE,4,bangla;definition;part_of_speech;example,0,0,35.3,Tier A/B source quality; discovery candidate requiring external demand data,CONTENT REVIEW
746,dealers,https://ovidhan.net/word/dealers.html,POOL B — HIGH-QUALITY DISCOVERY,0,0,0,0,A,7,REVIEW,LEGACY,LOW CONFIDENCE,4,bangla;definition;part_of_speech;example,0,0,35.3,Tier A/B source quality; discovery candidate requiring external demand data,CONTENT REVIEW
747,dealing,https://ovidhan.net/word/dealing.html,POOL B — HIGH-QUALITY DISCOVERY,0,0,0,0,A,7,REVIEW,LEGACY,LOW CONFIDENCE,4,bangla;definition;part_of_speech;example,0,0,35.3,Tier A/B source quality; discovery candidate requiring external demand data,CONTENT REVIEW
748,deals,https://ovidhan.net/word/deals.html,POOL B — HIGH-QUALITY DISCOVERY,0,0,0,0,A,7,REVIEW,LEGACY,LOW CONFIDENCE,4,bangla;definition;part_of_speech;example,0,0,35.3,Tier A/B source quality; discovery candidate requiring external demand data,CONTENT REVIEW
749,dean,https://ovidhan.net/word/dean.html,POOL B — HIGH-QUALITY DISCOVERY,0,0,0,0,A,7,REVIEW,LEGACY,LOW CONFIDENCE,4,bangla;definition;part_of_speech;example,0,0,35.3,Tier A/B source quality; discovery candidate requiring external demand data,CONTENT REVIEW
750,dear,https://ovidhan.net/word/dear.html,POOL B — HIGH-QUALITY DISCOVERY,0,0,0,0,A,7,REVIEW,LEGACY,LOW CONFIDENCE,4,bangla;definition;part_of_speech;example,0,0,35.3,Tier A/B source quality; discovery candidate requiring external demand data,CONTENT REVIEW
751,death,https://ovidhan.net/word/death.html,POOL B — HIGH-QUALITY DISCOVERY,0,0,0,0,A,7,REVIEW,LEGACY,LOW CONFIDENCE,4,bangla;definition;part_of_speech;example,0,0,35.3,Tier A/B source quality; discovery candidate requiring external demand data,CONTENT REVIEW
752,debate,https://ovidhan.net/word/debate.html,POOL B — HIGH-QUALITY DISCOVERY,0,0,0,0,A,7,REVIEW,LEGACY,LOW CONFIDENCE,4,bangla;definition;part_of_speech;example,0,0,35.3,Tier A/B source quality; discovery candidate requiring external demand data,CONTENT REVIEW
753,debt,https://ovidhan.net/word/debt.html,POOL B — HIGH-QUALITY DISCOVERY,0,0,0,0,A,7,REVIEW,LEGACY,LOW CONFIDENCE,4,bangla;definition;part_of_speech;example,0,0,35.3,Tier A/B source quality; discovery candidate requiring external demand data,CONTENT REVIEW
754,dec,https://ovidhan.net/word/dec.html,POOL B — HIGH-QUALITY DISCOVERY,0,0,0,0,A,7,REVIEW,LEGACY,LOW CONFIDENCE,4,bangla;definition;part_of_speech;example,0,0,35.3,Tier A/B source quality; discovery candidate requiring external demand data,CONTENT REVIEW
755,december,https://ovidhan.net/word/december.html,POOL B — HIGH-QUALITY DISCOVERY,0,0,0,0,A,7,REVIEW,LEGACY,LOW CONFIDENCE,4,bangla;definition;part_of_speech;example,0,0,35.3,Tier A/B source quality; discovery candidate requiring external demand data,CONTENT REVIEW
756,decide,https://ovidhan.net/word/decide.html,POOL B — HIGH-QUALITY DISCOVERY,0,0,0,0,A,7,REVIEW,LEGACY,LOW CONFIDENCE,4,bangla;definition;part_of_speech;example,0,0,35.3,Tier A/B source quality; discovery candidate requiring external demand data,CONTENT REVIEW
757,decided,https://ovidhan.net/word/decided.html,POOL B — HIGH-QUALITY DISCOVERY,0,0,0,0,A,7,REVIEW,LEGACY,LOW CONFIDENCE,4,bangla;definition;part_of_speech;example,0,0,35.3,Tier A/B source quality; discovery candidate requiring external demand data,CONTENT REVIEW
758,decision,https://ovidhan.net/word/decision.html,POOL B — HIGH-QUALITY DISCOVERY,0,0,0,0,A,7,REVIEW,LEGACY,LOW CONFIDENCE,4,bangla;definition;part_of_speech;example,0,0,35.3,Tier A/B source quality; discovery candidate requiring external demand data,CONTENT REVIEW
759,decisions,https://ovidhan.net/word/decisions.html,POOL B — HIGH-QUALITY DISCOVERY,0,0,0,0,A,7,REVIEW,LEGACY,LOW CONFIDENCE,4,bangla;definition;part_of_speech;example,0,0,35.3,Tier A/B source quality; discovery candidate requiring external demand data,CONTENT REVIEW
760,deck,https://ovidhan.net/word/deck.html,POOL B — HIGH-QUALITY DISCOVERY,0,0,0,0,A,7,REVIEW,LEGACY,LOW CONFIDENCE,4,bangla;definition;part_of_speech;example,0,0,35.3,Tier A/B source quality; discovery candidate requiring external demand data,CONTENT REVIEW
761,decrease,https://ovidhan.net/word/decrease.html,POOL B — HIGH-QUALITY DISCOVERY,0,0,0,0,A,7,REVIEW,LEGACY,LOW CONFIDENCE,4,bangla;definition;part_of_speech;example,0,0,35.3,Tier A/B source quality; discovery candidate requiring external demand data,CONTENT REVIEW
762,dedicated,https://ovidhan.net/word/dedicated.html,POOL B — HIGH-QUALITY DISCOVERY,0,0,0,0,A,7,REVIEW,LEGACY,LOW CONFIDENCE,4,bangla;definition;part_of_speech;example,0,0,35.3,Tier A/B source quality; discovery candidate requiring external demand data,CONTENT REVIEW
763,deep,https://ovidhan.net/word/deep.html,POOL B — HIGH-QUALITY DISCOVERY,0,0,0,0,A,7,REVIEW,LEGACY,LOW CONFIDENCE,4,bangla;definition;part_of_speech;example,0,0,35.3,Tier A/B source quality; discovery candidate requiring external demand data,CONTENT REVIEW
764,default,https://ovidhan.net/word/default.html,POOL B — HIGH-QUALITY DISCOVERY,0,0,0,0,A,7,REVIEW,LEGACY,LOW CONFIDENCE,4,bangla;definition;part_of_speech;example,0,0,35.3,Tier A/B source quality; discovery candidate requiring external demand data,CONTENT REVIEW
765,defence,https://ovidhan.net/word/defence.html,POOL B — HIGH-QUALITY DISCOVERY,0,0,0,0,A,7,REVIEW,LEGACY,LOW CONFIDENCE,4,bangla;definition;part_of_speech;example,0,0,35.3,Tier A/B source quality; discovery candidate requiring external demand data,CONTENT REVIEW
766,defense,https://ovidhan.net/word/defense.html,POOL B — HIGH-QUALITY DISCOVERY,0,0,0,0,A,7,REVIEW,LEGACY,LOW CONFIDENCE,4,bangla;definition;part_of_speech;example,0,0,35.3,Tier A/B source quality; discovery candidate requiring external demand data,CONTENT REVIEW
767,define,https://ovidhan.net/word/define.html,POOL B — HIGH-QUALITY DISCOVERY,0,0,0,0,A,7,REVIEW,LEGACY,LOW CONFIDENCE,4,bangla;definition;part_of_speech;example,0,0,35.3,Tier A/B source quality; discovery candidate requiring external demand data,CONTENT REVIEW
768,defined,https://ovidhan.net/word/defined.html,POOL B — HIGH-QUALITY DISCOVERY,0,0,0,0,A,7,REVIEW,LEGACY,LOW CONFIDENCE,4,bangla;definition;part_of_speech;example,0,0,35.3,Tier A/B source quality; discovery candidate requiring external demand data,CONTENT REVIEW
769,definitely,https://ovidhan.net/word/definitely.html,POOL B — HIGH-QUALITY DISCOVERY,0,0,0,0,A,7,REVIEW,LEGACY,LOW CONFIDENCE,4,bangla;definition;part_of_speech;example,0,0,35.3,Tier A/B source quality; discovery candidate requiring external demand data,CONTENT REVIEW
770,definition,https://ovidhan.net/word/definition.html,POOL B — HIGH-QUALITY DISCOVERY,0,0,0,0,A,7,REVIEW,LEGACY,LOW CONFIDENCE,4,bangla;definition;part_of_speech;example,0,0,35.3,Tier A/B source quality; discovery candidate requiring external demand data,CONTENT REVIEW
771,definitions,https://ovidhan.net/word/definitions.html,POOL B — HIGH-QUALITY DISCOVERY,0,0,0,0,A,7,REVIEW,LEGACY,LOW CONFIDENCE,4,bangla;definition;part_of_speech;example,0,0,35.3,Tier A/B source quality; discovery candidate requiring external demand data,CONTENT REVIEW
772,degree,https://ovidhan.net/word/degree.html,POOL B — HIGH-QUALITY DISCOVERY,0,0,0,0,A,7,REVIEW,LEGACY,LOW CONFIDENCE,4,bangla;definition;part_of_speech;example,0,0,35.3,Tier A/B source quality; discovery candidate requiring external demand data,CONTENT REVIEW
773,degrees,https://ovidhan.net/word/degrees.html,POOL B — HIGH-QUALITY DISCOVERY,0,0,0,0,A,7,REVIEW,LEGACY,LOW CONFIDENCE,4,bangla;definition;part_of_speech;example,0,0,35.3,Tier A/B source quality; discovery candidate requiring external demand data,CONTENT REVIEW
774,delaware,https://ovidhan.net/word/delaware.html,POOL B — HIGH-QUALITY DISCOVERY,0,0,0,0,A,7,REVIEW,LEGACY,LOW CONFIDENCE,4,bangla;definition;part_of_speech;example,0,0,35.3,Tier A/B source quality; discovery candidate requiring external demand data,CONTENT REVIEW
775,delay,https://ovidhan.net/word/delay.html,POOL B — HIGH-QUALITY DISCOVERY,0,0,0,0,A,7,REVIEW,LEGACY,LOW CONFIDENCE,4,bangla;definition;part_of_speech;example,0,0,35.3,Tier A/B source quality; discovery candidate requiring external demand data,CONTENT REVIEW
776,delete,https://ovidhan.net/word/delete.html,POOL B — HIGH-QUALITY DISCOVERY,0,0,0,0,A,7,REVIEW,LEGACY,LOW CONFIDENCE,4,bangla;definition;part_of_speech;example,0,0,35.3,Tier A/B source quality; discovery candidate requiring external demand data,CONTENT REVIEW
777,deliver,https://ovidhan.net/word/deliver.html,POOL B — HIGH-QUALITY DISCOVERY,0,0,0,0,A,7,REVIEW,LEGACY,LOW CONFIDENCE,4,bangla;definition;part_of_speech;example,0,0,35.3,Tier A/B source quality; discovery candidate requiring external demand data,CONTENT REVIEW
778,delivered,https://ovidhan.net/word/delivered.html,POOL B — HIGH-QUALITY DISCOVERY,0,0,0,0,A,7,REVIEW,LEGACY,LOW CONFIDENCE,4,bangla;definition;part_of_speech;example,0,0,35.3,Tier A/B source quality; discovery candidate requiring external demand data,CONTENT REVIEW
779,delivery,https://ovidhan.net/word/delivery.html,POOL B — HIGH-QUALITY DISCOVERY,0,0,0,0,A,7,REVIEW,LEGACY,LOW CONFIDENCE,4,bangla;definition;part_of_speech;example,0,0,35.3,Tier A/B source quality; discovery candidate requiring external demand data,CONTENT REVIEW
780,dell,https://ovidhan.net/word/dell.html,POOL B — HIGH-QUALITY DISCOVERY,0,0,0,0,A,7,REVIEW,LEGACY,LOW CONFIDENCE,4,bangla;definition;part_of_speech;example,0,0,35.3,Tier A/B source quality; discovery candidate requiring external demand data,CONTENT REVIEW
781,delta,https://ovidhan.net/word/delta.html,POOL B — HIGH-QUALITY DISCOVERY,0,0,0,0,A,7,REVIEW,LEGACY,LOW CONFIDENCE,4,bangla;definition;part_of_speech;example,0,0,35.3,Tier A/B source quality; discovery candidate requiring external demand data,CONTENT REVIEW
782,deluxe,https://ovidhan.net/word/deluxe.html,POOL B — HIGH-QUALITY DISCOVERY,0,0,0,0,A,7,REVIEW,LEGACY,LOW CONFIDENCE,4,bangla;definition;part_of_speech;example,0,0,35.3,Tier A/B source quality; discovery candidate requiring external demand data,CONTENT REVIEW
783,demand,https://ovidhan.net/word/demand.html,POOL B — HIGH-QUALITY DISCOVERY,0,0,0,0,A,7,REVIEW,LEGACY,LOW CONFIDENCE,4,bangla;definition;part_of_speech;example,0,0,35.3,Tier A/B source quality; discovery candidate requiring external demand data,CONTENT REVIEW
784,demo,https://ovidhan.net/word/demo.html,POOL B — HIGH-QUALITY DISCOVERY,0,0,0,0,A,7,REVIEW,LEGACY,LOW CONFIDENCE,4,bangla;definition;part_of_speech;example,0,0,35.3,Tier A/B source quality; discovery candidate requiring external demand data,CONTENT REVIEW
785,democracy,https://ovidhan.net/word/democracy.html,POOL B — HIGH-QUALITY DISCOVERY,0,0,0,0,A,7,REVIEW,LEGACY,LOW CONFIDENCE,4,bangla;definition;part_of_speech;example,0,0,35.3,Tier A/B source quality; discovery candidate requiring external demand data,CONTENT REVIEW
786,democratic,https://ovidhan.net/word/democratic.html,POOL B — HIGH-QUALITY DISCOVERY,0,0,0,0,A,7,REVIEW,LEGACY,LOW CONFIDENCE,4,bangla;definition;part_of_speech;example,0,0,35.3,Tier A/B source quality; discovery candidate requiring external demand data,CONTENT REVIEW
787,demonstrate,https://ovidhan.net/word/demonstrate.html,POOL B — HIGH-QUALITY DISCOVERY,0,0,0,0,A,7,REVIEW,LEGACY,LOW CONFIDENCE,4,bangla;definition;part_of_speech;example,0,0,35.3,Tier A/B source quality; discovery candidate requiring external demand data,CONTENT REVIEW
788,den,https://ovidhan.net/word/den.html,POOL B — HIGH-QUALITY DISCOVERY,0,0,0,0,A,7,REVIEW,LEGACY,LOW CONFIDENCE,4,bangla;definition;part_of_speech;example,0,0,35.3,Tier A/B source quality; discovery candidate requiring external demand data,CONTENT REVIEW
789,denmark,https://ovidhan.net/word/denmark.html,POOL B — HIGH-QUALITY DISCOVERY,0,0,0,0,A,7,REVIEW,LEGACY,LOW CONFIDENCE,4,bangla;definition;part_of_speech;example,0,0,35.3,Tier A/B source quality; discovery candidate requiring external demand data,CONTENT REVIEW
790,density,https://ovidhan.net/word/density.html,POOL B — HIGH-QUALITY DISCOVERY,0,0,0,0,A,7,REVIEW,LEGACY,LOW CONFIDENCE,4,bangla;definition;part_of_speech;example,0,0,35.3,Tier A/B source quality; discovery candidate requiring external demand data,CONTENT REVIEW
791,dental,https://ovidhan.net/word/dental.html,POOL B — HIGH-QUALITY DISCOVERY,0,0,0,0,A,7,REVIEW,LEGACY,LOW CONFIDENCE,4,bangla;definition;part_of_speech;example,0,0,35.3,Tier A/B source quality; discovery candidate requiring external demand data,CONTENT REVIEW
792,denver,https://ovidhan.net/word/denver.html,POOL B — HIGH-QUALITY DISCOVERY,0,0,0,0,A,7,REVIEW,LEGACY,LOW CONFIDENCE,4,bangla;definition;part_of_speech;example,0,0,35.3,Tier A/B source quality; discovery candidate requiring external demand data,CONTENT REVIEW
793,department,https://ovidhan.net/word/department.html,POOL B — HIGH-QUALITY DISCOVERY,0,0,0,0,A,7,REVIEW,LEGACY,LOW CONFIDENCE,4,bangla;definition;part_of_speech;example,0,0,35.3,Tier A/B source quality; discovery candidate requiring external demand data,CONTENT REVIEW
794,departments,https://ovidhan.net/word/departments.html,POOL B — HIGH-QUALITY DISCOVERY,0,0,0,0,A,7,REVIEW,LEGACY,LOW CONFIDENCE,4,bangla;definition;part_of_speech;example,0,0,35.3,Tier A/B source quality; discovery candidate requiring external demand data,CONTENT REVIEW
795,dependent,https://ovidhan.net/word/dependent.html,POOL B — HIGH-QUALITY DISCOVERY,0,0,0,0,A,7,REVIEW,LEGACY,LOW CONFIDENCE,4,bangla;definition;part_of_speech;example,0,0,35.3,Tier A/B source quality; discovery candidate requiring external demand data,CONTENT REVIEW
796,depending,https://ovidhan.net/word/depending.html,POOL B — HIGH-QUALITY DISCOVERY,0,0,0,0,A,7,REVIEW,LEGACY,LOW CONFIDENCE,4,bangla;definition;part_of_speech;example,0,0,35.3,Tier A/B source quality; discovery candidate requiring external demand data,CONTENT REVIEW
797,depends,https://ovidhan.net/word/depends.html,POOL B — HIGH-QUALITY DISCOVERY,0,0,0,0,A,7,REVIEW,LEGACY,LOW CONFIDENCE,4,bangla;definition;part_of_speech;example,0,0,35.3,Tier A/B source quality; discovery candidate requiring external demand data,CONTENT REVIEW
798,deposit,https://ovidhan.net/word/deposit.html,POOL B — HIGH-QUALITY DISCOVERY,0,0,0,0,A,7,REVIEW,LEGACY,LOW CONFIDENCE,4,bangla;definition;part_of_speech;example,0,0,35.3,Tier A/B source quality; discovery candidate requiring external demand data,CONTENT REVIEW
799,depression,https://ovidhan.net/word/depression.html,POOL B — HIGH-QUALITY DISCOVERY,0,0,0,0,A,7,REVIEW,LEGACY,LOW CONFIDENCE,4,bangla;definition;part_of_speech;example,0,0,35.3,Tier A/B source quality; discovery candidate requiring external demand data,CONTENT REVIEW
800,depth,https://ovidhan.net/word/depth.html,POOL B — HIGH-QUALITY DISCOVERY,0,0,0,0,A,7,REVIEW,LEGACY,LOW CONFIDENCE,4,bangla;definition;part_of_speech;example,0,0,35.3,Tier A/B source quality; discovery candidate requiring external demand data,CONTENT REVIEW
801,deputy,https://ovidhan.net/word/deputy.html,POOL B — HIGH-QUALITY DISCOVERY,0,0,0,0,A,7,REVIEW,LEGACY,LOW CONFIDENCE,4,bangla;definition;part_of_speech;example,0,0,35.3,Tier A/B source quality; discovery candidate requiring external demand data,CONTENT REVIEW
802,derived,https://ovidhan.net/word/derived.html,POOL B — HIGH-QUALITY DISCOVERY,0,0,0,0,A,7,REVIEW,LEGACY,LOW CONFIDENCE,4,bangla;definition;part_of_speech;example,0,0,35.3,Tier A/B source quality; discovery candidate requiring external demand data,CONTENT REVIEW
803,describe,https://ovidhan.net/word/describe.html,POOL B — HIGH-QUALITY DISCOVERY,0,0,0,0,A,7,REVIEW,LEGACY,LOW CONFIDENCE,4,bangla;definition;part_of_speech;example,0,0,35.3,Tier A/B source quality; discovery candidate requiring external demand data,CONTENT REVIEW
804,described,https://ovidhan.net/word/described.html,POOL B — HIGH-QUALITY DISCOVERY,0,0,0,0,A,7,REVIEW,LEGACY,LOW CONFIDENCE,4,bangla;definition;part_of_speech;example,0,0,35.3,Tier A/B source quality; discovery candidate requiring external demand data,CONTENT REVIEW
805,describes,https://ovidhan.net/word/describes.html,POOL B — HIGH-QUALITY DISCOVERY,0,0,0,0,A,7,REVIEW,LEGACY,LOW CONFIDENCE,4,bangla;definition;part_of_speech;example,0,0,35.3,Tier A/B source quality; discovery candidate requiring external demand data,CONTENT REVIEW
806,description,https://ovidhan.net/word/description.html,POOL B — HIGH-QUALITY DISCOVERY,0,0,0,0,A,7,REVIEW,LEGACY,LOW CONFIDENCE,4,bangla;definition;part_of_speech;example,0,0,35.3,Tier A/B source quality; discovery candidate requiring external demand data,CONTENT REVIEW
807,descriptions,https://ovidhan.net/word/descriptions.html,POOL B — HIGH-QUALITY DISCOVERY,0,0,0,0,A,7,REVIEW,LEGACY,LOW CONFIDENCE,4,bangla;definition;part_of_speech;example,0,0,35.3,Tier A/B source quality; discovery candidate requiring external demand data,CONTENT REVIEW
808,desert,https://ovidhan.net/word/desert.html,POOL B — HIGH-QUALITY DISCOVERY,0,0,0,0,A,7,REVIEW,LEGACY,LOW CONFIDENCE,4,bangla;definition;part_of_speech;example,0,0,35.3,Tier A/B source quality; discovery candidate requiring external demand data,CONTENT REVIEW
809,design,https://ovidhan.net/word/design.html,POOL B — HIGH-QUALITY DISCOVERY,0,0,0,0,A,7,REVIEW,LEGACY,LOW CONFIDENCE,4,bangla;definition;part_of_speech;example,0,0,35.3,Tier A/B source quality; discovery candidate requiring external demand data,CONTENT REVIEW
810,designated,https://ovidhan.net/word/designated.html,POOL B — HIGH-QUALITY DISCOVERY,0,0,0,0,A,7,REVIEW,LEGACY,LOW CONFIDENCE,4,bangla;definition;part_of_speech;example,0,0,35.3,Tier A/B source quality; discovery candidate requiring external demand data,CONTENT REVIEW
811,designed,https://ovidhan.net/word/designed.html,POOL B — HIGH-QUALITY DISCOVERY,0,0,0,0,A,7,REVIEW,LEGACY,LOW CONFIDENCE,4,bangla;definition;part_of_speech;example,0,0,35.3,Tier A/B source quality; discovery candidate requiring external demand data,CONTENT REVIEW
812,designer,https://ovidhan.net/word/designer.html,POOL B — HIGH-QUALITY DISCOVERY,0,0,0,0,A,7,REVIEW,LEGACY,LOW CONFIDENCE,4,bangla;definition;part_of_speech;example,0,0,35.3,Tier A/B source quality; discovery candidate requiring external demand data,CONTENT REVIEW
813,designers,https://ovidhan.net/word/designers.html,POOL B — HIGH-QUALITY DISCOVERY,0,0,0,0,A,7,REVIEW,LEGACY,LOW CONFIDENCE,4,bangla;definition;part_of_speech;example,0,0,35.3,Tier A/B source quality; discovery candidate requiring external demand data,CONTENT REVIEW
814,designs,https://ovidhan.net/word/designs.html,POOL B — HIGH-QUALITY DISCOVERY,0,0,0,0,A,7,REVIEW,LEGACY,LOW CONFIDENCE,4,bangla;definition;part_of_speech;example,0,0,35.3,Tier A/B source quality; discovery candidate requiring external demand data,CONTENT REVIEW
815,desire,https://ovidhan.net/word/desire.html,POOL B — HIGH-QUALITY DISCOVERY,0,0,0,0,A,7,REVIEW,LEGACY,LOW CONFIDENCE,4,bangla;definition;part_of_speech;example,0,0,35.3,Tier A/B source quality; discovery candidate requiring external demand data,CONTENT REVIEW
816,desired,https://ovidhan.net/word/desired.html,POOL B — HIGH-QUALITY DISCOVERY,0,0,0,0,A,7,REVIEW,LEGACY,LOW CONFIDENCE,4,bangla;definition;part_of_speech;example,0,0,35.3,Tier A/B source quality; discovery candidate requiring external demand data,CONTENT REVIEW
817,desk,https://ovidhan.net/word/desk.html,POOL B — HIGH-QUALITY DISCOVERY,0,0,0,0,A,7,REVIEW,LEGACY,LOW CONFIDENCE,4,bangla;definition;part_of_speech;example,0,0,35.3,Tier A/B source quality; discovery candidate requiring external demand data,CONTENT REVIEW
818,desktop,https://ovidhan.net/word/desktop.html,POOL B — HIGH-QUALITY DISCOVERY,0,0,0,0,A,7,REVIEW,LEGACY,LOW CONFIDENCE,4,bangla;definition;part_of_speech;example,0,0,35.3,Tier A/B source quality; discovery candidate requiring external demand data,CONTENT REVIEW
819,desktops,https://ovidhan.net/word/desktops.html,POOL B — HIGH-QUALITY DISCOVERY,0,0,0,0,A,7,REVIEW,LEGACY,LOW CONFIDENCE,4,bangla;definition;part_of_speech;example,0,0,35.3,Tier A/B source quality; discovery candidate requiring external demand data,CONTENT REVIEW
820,despite,https://ovidhan.net/word/despite.html,POOL B — HIGH-QUALITY DISCOVERY,0,0,0,0,A,7,REVIEW,LEGACY,LOW CONFIDENCE,4,bangla;definition;part_of_speech;example,0,0,35.3,Tier A/B source quality; discovery candidate requiring external demand data,CONTENT REVIEW
821,destination,https://ovidhan.net/word/destination.html,POOL B — HIGH-QUALITY DISCOVERY,0,0,0,0,A,7,REVIEW,LEGACY,LOW CONFIDENCE,4,bangla;definition;part_of_speech;example,0,0,35.3,Tier A/B source quality; discovery candidate requiring external demand data,CONTENT REVIEW
822,destinations,https://ovidhan.net/word/destinations.html,POOL B — HIGH-QUALITY DISCOVERY,0,0,0,0,A,7,REVIEW,LEGACY,LOW CONFIDENCE,4,bangla;definition;part_of_speech;example,0,0,35.3,Tier A/B source quality; discovery candidate requiring external demand data,CONTENT REVIEW
823,detail,https://ovidhan.net/word/detail.html,POOL B — HIGH-QUALITY DISCOVERY,0,0,0,0,A,7,REVIEW,LEGACY,LOW CONFIDENCE,4,bangla;definition;part_of_speech;example,0,0,35.3,Tier A/B source quality; discovery candidate requiring external demand data,CONTENT REVIEW
824,detailed,https://ovidhan.net/word/detailed.html,POOL B — HIGH-QUALITY DISCOVERY,0,0,0,0,A,7,REVIEW,LEGACY,LOW CONFIDENCE,4,bangla;definition;part_of_speech;example,0,0,35.3,Tier A/B source quality; discovery candidate requiring external demand data,CONTENT REVIEW
825,details,https://ovidhan.net/word/details.html,POOL B — HIGH-QUALITY DISCOVERY,0,0,0,0,A,7,REVIEW,LEGACY,LOW CONFIDENCE,4,bangla;definition;part_of_speech;example,0,0,35.3,Tier A/B source quality; discovery candidate requiring external demand data,CONTENT REVIEW
826,detection,https://ovidhan.net/word/detection.html,POOL B — HIGH-QUALITY DISCOVERY,0,0,0,0,A,7,REVIEW,LEGACY,LOW CONFIDENCE,4,bangla;definition;part_of_speech;example,0,0,35.3,Tier A/B source quality; discovery candidate requiring external demand data,CONTENT REVIEW
827,determination,https://ovidhan.net/word/determination.html,POOL B — HIGH-QUALITY DISCOVERY,0,0,0,0,A,7,REVIEW,LEGACY,LOW CONFIDENCE,4,bangla;definition;part_of_speech;example,0,0,35.3,Tier A/B source quality; discovery candidate requiring external demand data,CONTENT REVIEW
828,determine,https://ovidhan.net/word/determine.html,POOL B — HIGH-QUALITY DISCOVERY,0,0,0,0,A,7,REVIEW,LEGACY,LOW CONFIDENCE,4,bangla;definition;part_of_speech;example,0,0,35.3,Tier A/B source quality; discovery candidate requiring external demand data,CONTENT REVIEW
829,determined,https://ovidhan.net/word/determined.html,POOL B — HIGH-QUALITY DISCOVERY,0,0,0,0,A,7,REVIEW,LEGACY,LOW CONFIDENCE,4,bangla;definition;part_of_speech;example,0,0,35.3,Tier A/B source quality; discovery candidate requiring external demand data,CONTENT REVIEW
830,detroit,https://ovidhan.net/word/detroit.html,POOL B — HIGH-QUALITY DISCOVERY,0,0,0,0,A,7,REVIEW,LEGACY,LOW CONFIDENCE,4,bangla;definition;part_of_speech;example,0,0,35.3,Tier A/B source quality; discovery candidate requiring external demand data,CONTENT REVIEW
831,develop,https://ovidhan.net/word/develop.html,POOL B — HIGH-QUALITY DISCOVERY,0,0,0,0,A,7,REVIEW,LEGACY,LOW CONFIDENCE,4,bangla;definition;part_of_speech;example,0,0,35.3,Tier A/B source quality; discovery candidate requiring external demand data,CONTENT REVIEW
832,developed,https://ovidhan.net/word/developed.html,POOL B — HIGH-QUALITY DISCOVERY,0,0,0,0,A,7,REVIEW,LEGACY,LOW CONFIDENCE,4,bangla;definition;part_of_speech;example,0,0,35.3,Tier A/B source quality; discovery candidate requiring external demand data,CONTENT REVIEW
833,developer,https://ovidhan.net/word/developer.html,POOL B — HIGH-QUALITY DISCOVERY,0,0,0,0,A,7,REVIEW,LEGACY,LOW CONFIDENCE,4,bangla;definition;part_of_speech;example,0,0,35.3,Tier A/B source quality; discovery candidate requiring external demand data,CONTENT REVIEW
834,developers,https://ovidhan.net/word/developers.html,POOL B — HIGH-QUALITY DISCOVERY,0,0,0,0,A,7,REVIEW,LEGACY,LOW CONFIDENCE,4,bangla;definition;part_of_speech;example,0,0,35.3,Tier A/B source quality; discovery candidate requiring external demand data,CONTENT REVIEW
835,developing,https://ovidhan.net/word/developing.html,POOL B — HIGH-QUALITY DISCOVERY,0,0,0,0,A,7,REVIEW,LEGACY,LOW CONFIDENCE,4,bangla;definition;part_of_speech;example,0,0,35.3,Tier A/B source quality; discovery candidate requiring external demand data,CONTENT REVIEW
836,development,https://ovidhan.net/word/development.html,POOL B — HIGH-QUALITY DISCOVERY,0,0,0,0,A,7,REVIEW,LEGACY,LOW CONFIDENCE,4,bangla;definition;part_of_speech;example,0,0,35.3,Tier A/B source quality; discovery candidate requiring external demand data,CONTENT REVIEW
837,developments,https://ovidhan.net/word/developments.html,POOL B — HIGH-QUALITY DISCOVERY,0,0,0,0,A,7,REVIEW,LEGACY,LOW CONFIDENCE,4,bangla;definition;part_of_speech;example,0,0,35.3,Tier A/B source quality; discovery candidate requiring external demand data,CONTENT REVIEW
838,device,https://ovidhan.net/word/device.html,POOL B — HIGH-QUALITY DISCOVERY,0,0,0,0,A,7,REVIEW,LEGACY,LOW CONFIDENCE,4,bangla;definition;part_of_speech;example,0,0,35.3,Tier A/B source quality; discovery candidate requiring external demand data,CONTENT REVIEW
839,devices,https://ovidhan.net/word/devices.html,POOL B — HIGH-QUALITY DISCOVERY,0,0,0,0,A,7,REVIEW,LEGACY,LOW CONFIDENCE,4,bangla;definition;part_of_speech;example,0,0,35.3,Tier A/B source quality; discovery candidate requiring external demand data,CONTENT REVIEW
840,diabetes,https://ovidhan.net/word/diabetes.html,POOL B — HIGH-QUALITY DISCOVERY,0,0,0,0,A,7,REVIEW,LEGACY,LOW CONFIDENCE,4,bangla;definition;part_of_speech;example,0,0,35.3,Tier A/B source quality; discovery candidate requiring external demand data,CONTENT REVIEW
841,diagnosis,https://ovidhan.net/word/diagnosis.html,POOL B — HIGH-QUALITY DISCOVERY,0,0,0,0,A,7,REVIEW,LEGACY,LOW CONFIDENCE,4,bangla;definition;part_of_speech;example,0,0,35.3,Tier A/B source quality; discovery candidate requiring external demand data,CONTENT REVIEW
842,dial,https://ovidhan.net/word/dial.html,POOL B — HIGH-QUALITY DISCOVERY,0,0,0,0,A,7,REVIEW,LEGACY,LOW CONFIDENCE,4,bangla;definition;part_of_speech;example,0,0,35.3,Tier A/B source quality; discovery candidate requiring external demand data,CONTENT REVIEW
843,diamond,https://ovidhan.net/word/diamond.html,POOL B — HIGH-QUALITY DISCOVERY,0,0,0,0,A,7,REVIEW,LEGACY,LOW CONFIDENCE,4,bangla;definition;part_of_speech;example,0,0,35.3,Tier A/B source quality; discovery candidate requiring external demand data,CONTENT REVIEW
844,diary,https://ovidhan.net/word/diary.html,POOL B — HIGH-QUALITY DISCOVERY,0,0,0,0,A,7,REVIEW,LEGACY,LOW CONFIDENCE,4,bangla;definition;part_of_speech;example,0,0,35.3,Tier A/B source quality; discovery candidate requiring external demand data,CONTENT REVIEW
845,dick,https://ovidhan.net/word/dick.html,POOL B — HIGH-QUALITY DISCOVERY,0,0,0,0,A,7,REVIEW,LEGACY,LOW CONFIDENCE,4,bangla;definition;part_of_speech;example,0,0,35.3,Tier A/B source quality; discovery candidate requiring external demand data,CONTENT REVIEW
846,did,https://ovidhan.net/word/did.html,POOL B — HIGH-QUALITY DISCOVERY,0,0,0,0,A,7,REVIEW,LEGACY,LOW CONFIDENCE,4,bangla;definition;part_of_speech;example,0,0,35.3,Tier A/B source quality; discovery candidate requiring external demand data,CONTENT REVIEW
847,die,https://ovidhan.net/word/die.html,POOL B — HIGH-QUALITY DISCOVERY,0,0,0,0,A,7,REVIEW,LEGACY,LOW CONFIDENCE,4,bangla;definition;part_of_speech;example,0,0,35.3,Tier A/B source quality; discovery candidate requiring external demand data,CONTENT REVIEW
848,died,https://ovidhan.net/word/died.html,POOL B — HIGH-QUALITY DISCOVERY,0,0,0,0,A,7,REVIEW,LEGACY,LOW CONFIDENCE,4,bangla;definition;part_of_speech;example,0,0,35.3,Tier A/B source quality; discovery candidate requiring external demand data,CONTENT REVIEW
849,diet,https://ovidhan.net/word/diet.html,POOL B — HIGH-QUALITY DISCOVERY,0,0,0,0,A,7,REVIEW,LEGACY,LOW CONFIDENCE,4,bangla;definition;part_of_speech;example,0,0,35.3,Tier A/B source quality; discovery candidate requiring external demand data,CONTENT REVIEW
850,difference,https://ovidhan.net/word/difference.html,POOL B — HIGH-QUALITY DISCOVERY,0,0,0,0,A,7,REVIEW,LEGACY,LOW CONFIDENCE,4,bangla;definition;part_of_speech;example,0,0,35.3,Tier A/B source quality; discovery candidate requiring external demand data,CONTENT REVIEW
851,differences,https://ovidhan.net/word/differences.html,POOL B — HIGH-QUALITY DISCOVERY,0,0,0,0,A,7,REVIEW,LEGACY,LOW CONFIDENCE,4,bangla;definition;part_of_speech;example,0,0,35.3,Tier A/B source quality; discovery candidate requiring external demand data,CONTENT REVIEW
852,different,https://ovidhan.net/word/different.html,POOL B — HIGH-QUALITY DISCOVERY,0,0,0,0,A,7,REVIEW,LEGACY,LOW CONFIDENCE,4,bangla;definition;part_of_speech;example,0,0,35.3,Tier A/B source quality; discovery candidate requiring external demand data,CONTENT REVIEW
853,difficult,https://ovidhan.net/word/difficult.html,POOL B — HIGH-QUALITY DISCOVERY,0,0,0,0,A,7,REVIEW,LEGACY,LOW CONFIDENCE,4,bangla;definition;part_of_speech;example,0,0,35.3,Tier A/B source quality; discovery candidate requiring external demand data,CONTENT REVIEW
854,digest,https://ovidhan.net/word/digest.html,POOL B — HIGH-QUALITY DISCOVERY,0,0,0,0,A,7,REVIEW,LEGACY,LOW CONFIDENCE,4,bangla;definition;part_of_speech;example,0,0,35.3,Tier A/B source quality; discovery candidate requiring external demand data,CONTENT REVIEW
855,digital,https://ovidhan.net/word/digital.html,POOL B — HIGH-QUALITY DISCOVERY,0,0,0,0,A,7,REVIEW,LEGACY,LOW CONFIDENCE,4,bangla;definition;part_of_speech;example,0,0,35.3,Tier A/B source quality; discovery candidate requiring external demand data,CONTENT REVIEW
856,dimensions,https://ovidhan.net/word/dimensions.html,POOL B — HIGH-QUALITY DISCOVERY,0,0,0,0,A,7,REVIEW,LEGACY,LOW CONFIDENCE,4,bangla;definition;part_of_speech;example,0,0,35.3,Tier A/B source quality; discovery candidate requiring external demand data,CONTENT REVIEW
857,dining,https://ovidhan.net/word/dining.html,POOL B — HIGH-QUALITY DISCOVERY,0,0,0,0,A,7,REVIEW,LEGACY,LOW CONFIDENCE,4,bangla;definition;part_of_speech;example,0,0,35.3,Tier A/B source quality; discovery candidate requiring external demand data,CONTENT REVIEW
858,dinner,https://ovidhan.net/word/dinner.html,POOL B — HIGH-QUALITY DISCOVERY,0,0,0,0,A,7,REVIEW,LEGACY,LOW CONFIDENCE,4,bangla;definition;part_of_speech;example,0,0,35.3,Tier A/B source quality; discovery candidate requiring external demand data,CONTENT REVIEW
859,direct,https://ovidhan.net/word/direct.html,POOL B — HIGH-QUALITY DISCOVERY,0,0,0,0,A,7,REVIEW,LEGACY,LOW CONFIDENCE,4,bangla;definition;part_of_speech;example,0,0,35.3,Tier A/B source quality; discovery candidate requiring external demand data,CONTENT REVIEW
860,directed,https://ovidhan.net/word/directed.html,POOL B — HIGH-QUALITY DISCOVERY,0,0,0,0,A,7,REVIEW,LEGACY,LOW CONFIDENCE,4,bangla;definition;part_of_speech;example,0,0,35.3,Tier A/B source quality; discovery candidate requiring external demand data,CONTENT REVIEW
861,direction,https://ovidhan.net/word/direction.html,POOL B — HIGH-QUALITY DISCOVERY,0,0,0,0,A,7,REVIEW,LEGACY,LOW CONFIDENCE,4,bangla;definition;part_of_speech;example,0,0,35.3,Tier A/B source quality; discovery candidate requiring external demand data,CONTENT REVIEW
862,directions,https://ovidhan.net/word/directions.html,POOL B — HIGH-QUALITY DISCOVERY,0,0,0,0,A,7,REVIEW,LEGACY,LOW CONFIDENCE,4,bangla;definition;part_of_speech;example,0,0,35.3,Tier A/B source quality; discovery candidate requiring external demand data,CONTENT REVIEW
863,directly,https://ovidhan.net/word/directly.html,POOL B — HIGH-QUALITY DISCOVERY,0,0,0,0,A,7,REVIEW,LEGACY,LOW CONFIDENCE,4,bangla;definition;part_of_speech;example,0,0,35.3,Tier A/B source quality; discovery candidate requiring external demand data,CONTENT REVIEW
864,director,https://ovidhan.net/word/director.html,POOL B — HIGH-QUALITY DISCOVERY,0,0,0,0,A,7,REVIEW,LEGACY,LOW CONFIDENCE,4,bangla;definition;part_of_speech;example,0,0,35.3,Tier A/B source quality; discovery candidate requiring external demand data,CONTENT REVIEW
865,directories,https://ovidhan.net/word/directories.html,POOL B — HIGH-QUALITY DISCOVERY,0,0,0,0,A,7,REVIEW,LEGACY,LOW CONFIDENCE,4,bangla;definition;part_of_speech;example,0,0,35.3,Tier A/B source quality; discovery candidate requiring external demand data,CONTENT REVIEW
866,directors,https://ovidhan.net/word/directors.html,POOL B — HIGH-QUALITY DISCOVERY,0,0,0,0,A,7,REVIEW,LEGACY,LOW CONFIDENCE,4,bangla;definition;part_of_speech;example,0,0,35.3,Tier A/B source quality; discovery candidate requiring external demand data,CONTENT REVIEW
867,directory,https://ovidhan.net/word/directory.html,POOL B — HIGH-QUALITY DISCOVERY,0,0,0,0,A,7,REVIEW,LEGACY,LOW CONFIDENCE,4,bangla;definition;part_of_speech;example,0,0,35.3,Tier A/B source quality; discovery candidate requiring external demand data,CONTENT REVIEW
868,dirty,https://ovidhan.net/word/dirty.html,POOL B — HIGH-QUALITY DISCOVERY,0,0,0,0,A,7,REVIEW,LEGACY,LOW CONFIDENCE,4,bangla;definition;part_of_speech;example,0,0,35.3,Tier A/B source quality; discovery candidate requiring external demand data,CONTENT REVIEW
869,disabilities,https://ovidhan.net/word/disabilities.html,POOL B — HIGH-QUALITY DISCOVERY,0,0,0,0,A,7,REVIEW,LEGACY,LOW CONFIDENCE,4,bangla;definition;part_of_speech;example,0,0,35.3,Tier A/B source quality; discovery candidate requiring external demand data,CONTENT REVIEW
870,disability,https://ovidhan.net/word/disability.html,POOL B — HIGH-QUALITY DISCOVERY,0,0,0,0,A,7,REVIEW,LEGACY,LOW CONFIDENCE,4,bangla;definition;part_of_speech;example,0,0,35.3,Tier A/B source quality; discovery candidate requiring external demand data,CONTENT REVIEW
871,disabled,https://ovidhan.net/word/disabled.html,POOL B — HIGH-QUALITY DISCOVERY,0,0,0,0,A,7,REVIEW,LEGACY,LOW CONFIDENCE,4,bangla;definition;part_of_speech;example,0,0,35.3,Tier A/B source quality; discovery candidate requiring external demand data,CONTENT REVIEW
872,disaster,https://ovidhan.net/word/disaster.html,POOL B — HIGH-QUALITY DISCOVERY,0,0,0,0,A,7,REVIEW,LEGACY,LOW CONFIDENCE,4,bangla;definition;part_of_speech;example,0,0,35.3,Tier A/B source quality; discovery candidate requiring external demand data,CONTENT REVIEW
873,disc,https://ovidhan.net/word/disc.html,POOL B — HIGH-QUALITY DISCOVERY,0,0,0,0,A,7,REVIEW,LEGACY,LOW CONFIDENCE,4,bangla;definition;part_of_speech;example,0,0,35.3,Tier A/B source quality; discovery candidate requiring external demand data,CONTENT REVIEW
874,disclaimer,https://ovidhan.net/word/disclaimer.html,POOL B — HIGH-QUALITY DISCOVERY,0,0,0,0,A,7,REVIEW,LEGACY,LOW CONFIDENCE,4,bangla;definition;part_of_speech;example,0,0,35.3,Tier A/B source quality; discovery candidate requiring external demand data,CONTENT REVIEW
875,disclosure,https://ovidhan.net/word/disclosure.html,POOL B — HIGH-QUALITY DISCOVERY,0,0,0,0,A,7,REVIEW,LEGACY,LOW CONFIDENCE,4,bangla;definition;part_of_speech;example,0,0,35.3,Tier A/B source quality; discovery candidate requiring external demand data,CONTENT REVIEW
876,discount,https://ovidhan.net/word/discount.html,POOL B — HIGH-QUALITY DISCOVERY,0,0,0,0,A,7,REVIEW,LEGACY,LOW CONFIDENCE,4,bangla;definition;part_of_speech;example,0,0,35.3,Tier A/B source quality; discovery candidate requiring external demand data,CONTENT REVIEW
877,discounts,https://ovidhan.net/word/discounts.html,POOL B — HIGH-QUALITY DISCOVERY,0,0,0,0,A,7,REVIEW,LEGACY,LOW CONFIDENCE,4,bangla;definition;part_of_speech;example,0,0,35.3,Tier A/B source quality; discovery candidate requiring external demand data,CONTENT REVIEW
878,discover,https://ovidhan.net/word/discover.html,POOL B — HIGH-QUALITY DISCOVERY,0,0,0,0,A,7,REVIEW,LEGACY,LOW CONFIDENCE,4,bangla;definition;part_of_speech;example,0,0,35.3,Tier A/B source quality; discovery candidate requiring external demand data,CONTENT REVIEW
879,discovered,https://ovidhan.net/word/discovered.html,POOL B — HIGH-QUALITY DISCOVERY,0,0,0,0,A,7,REVIEW,LEGACY,LOW CONFIDENCE,4,bangla;definition;part_of_speech;example,0,0,35.3,Tier A/B source quality; discovery candidate requiring external demand data,CONTENT REVIEW
880,discovery,https://ovidhan.net/word/discovery.html,POOL B — HIGH-QUALITY DISCOVERY,0,0,0,0,A,7,REVIEW,LEGACY,LOW CONFIDENCE,4,bangla;definition;part_of_speech;example,0,0,35.3,Tier A/B source quality; discovery candidate requiring external demand data,CONTENT REVIEW
881,discuss,https://ovidhan.net/word/discuss.html,POOL B — HIGH-QUALITY DISCOVERY,0,0,0,0,A,7,REVIEW,LEGACY,LOW CONFIDENCE,4,bangla;definition;part_of_speech;example,0,0,35.3,Tier A/B source quality; discovery candidate requiring external demand data,CONTENT REVIEW
882,discussed,https://ovidhan.net/word/discussed.html,POOL B — HIGH-QUALITY DISCOVERY,0,0,0,0,A,7,REVIEW,LEGACY,LOW CONFIDENCE,4,bangla;definition;part_of_speech;example,0,0,35.3,Tier A/B source quality; discovery candidate requiring external demand data,CONTENT REVIEW
883,discussion,https://ovidhan.net/word/discussion.html,POOL B — HIGH-QUALITY DISCOVERY,0,0,0,0,A,7,REVIEW,LEGACY,LOW CONFIDENCE,4,bangla;definition;part_of_speech;example,0,0,35.3,Tier A/B source quality; discovery candidate requiring external demand data,CONTENT REVIEW
884,discussions,https://ovidhan.net/word/discussions.html,POOL B — HIGH-QUALITY DISCOVERY,0,0,0,0,A,7,REVIEW,LEGACY,LOW CONFIDENCE,4,bangla;definition;part_of_speech;example,0,0,35.3,Tier A/B source quality; discovery candidate requiring external demand data,CONTENT REVIEW
885,disease,https://ovidhan.net/word/disease.html,POOL B — HIGH-QUALITY DISCOVERY,0,0,0,0,A,7,REVIEW,LEGACY,LOW CONFIDENCE,4,bangla;definition;part_of_speech;example,0,0,35.3,Tier A/B source quality; discovery candidate requiring external demand data,CONTENT REVIEW
886,diseases,https://ovidhan.net/word/diseases.html,POOL B — HIGH-QUALITY DISCOVERY,0,0,0,0,A,7,REVIEW,LEGACY,LOW CONFIDENCE,4,bangla;definition;part_of_speech;example,0,0,35.3,Tier A/B source quality; discovery candidate requiring external demand data,CONTENT REVIEW
887,dish,https://ovidhan.net/word/dish.html,POOL B — HIGH-QUALITY DISCOVERY,0,0,0,0,A,7,REVIEW,LEGACY,LOW CONFIDENCE,4,bangla;definition;part_of_speech;example,0,0,35.3,Tier A/B source quality; discovery candidate requiring external demand data,CONTENT REVIEW
888,disk,https://ovidhan.net/word/disk.html,POOL B — HIGH-QUALITY DISCOVERY,0,0,0,0,A,7,REVIEW,LEGACY,LOW CONFIDENCE,4,bangla;definition;part_of_speech;example,0,0,35.3,Tier A/B source quality; discovery candidate requiring external demand data,CONTENT REVIEW
889,disney,https://ovidhan.net/word/disney.html,POOL B — HIGH-QUALITY DISCOVERY,0,0,0,0,A,7,REVIEW,LEGACY,LOW CONFIDENCE,4,bangla;definition;part_of_speech;example,0,0,35.3,Tier A/B source quality; discovery candidate requiring external demand data,CONTENT REVIEW
890,disorders,https://ovidhan.net/word/disorders.html,POOL B — HIGH-QUALITY DISCOVERY,0,0,0,0,A,7,REVIEW,LEGACY,LOW CONFIDENCE,4,bangla;definition;part_of_speech;example,0,0,35.3,Tier A/B source quality; discovery candidate requiring external demand data,CONTENT REVIEW
891,display,https://ovidhan.net/word/display.html,POOL B — HIGH-QUALITY DISCOVERY,0,0,0,0,A,7,REVIEW,LEGACY,LOW CONFIDENCE,4,bangla;definition;part_of_speech;example,0,0,35.3,Tier A/B source quality; discovery candidate requiring external demand data,CONTENT REVIEW
892,displayed,https://ovidhan.net/word/displayed.html,POOL B — HIGH-QUALITY DISCOVERY,0,0,0,0,A,7,REVIEW,LEGACY,LOW CONFIDENCE,4,bangla;definition;part_of_speech;example,0,0,35.3,Tier A/B source quality; discovery candidate requiring external demand data,CONTENT REVIEW
893,displays,https://ovidhan.net/word/displays.html,POOL B — HIGH-QUALITY DISCOVERY,0,0,0,0,A,7,REVIEW,LEGACY,LOW CONFIDENCE,4,bangla;definition;part_of_speech;example,0,0,35.3,Tier A/B source quality; discovery candidate requiring external demand data,CONTENT REVIEW
894,distance,https://ovidhan.net/word/distance.html,POOL B — HIGH-QUALITY DISCOVERY,0,0,0,0,A,7,REVIEW,LEGACY,LOW CONFIDENCE,4,bangla;definition;part_of_speech;example,0,0,35.3,Tier A/B source quality; discovery candidate requiring external demand data,CONTENT REVIEW
895,distributed,https://ovidhan.net/word/distributed.html,POOL B — HIGH-QUALITY DISCOVERY,0,0,0,0,A,7,REVIEW,LEGACY,LOW CONFIDENCE,4,bangla;definition;part_of_speech;example,0,0,35.3,Tier A/B source quality; discovery candidate requiring external demand data,CONTENT REVIEW
896,distribution,https://ovidhan.net/word/distribution.html,POOL B — HIGH-QUALITY DISCOVERY,0,0,0,0,A,7,REVIEW,LEGACY,LOW CONFIDENCE,4,bangla;definition;part_of_speech;example,0,0,35.3,Tier A/B source quality; discovery candidate requiring external demand data,CONTENT REVIEW
897,district,https://ovidhan.net/word/district.html,POOL B — HIGH-QUALITY DISCOVERY,0,0,0,0,A,7,REVIEW,LEGACY,LOW CONFIDENCE,4,bangla;definition;part_of_speech;example,0,0,35.3,Tier A/B source quality; discovery candidate requiring external demand data,CONTENT REVIEW
898,diverse,https://ovidhan.net/word/diverse.html,POOL B — HIGH-QUALITY DISCOVERY,0,0,0,0,A,7,REVIEW,LEGACY,LOW CONFIDENCE,4,bangla;definition;part_of_speech;example,0,0,35.3,Tier A/B source quality; discovery candidate requiring external demand data,CONTENT REVIEW
899,diversity,https://ovidhan.net/word/diversity.html,POOL B — HIGH-QUALITY DISCOVERY,0,0,0,0,A,7,REVIEW,LEGACY,LOW CONFIDENCE,4,bangla;definition;part_of_speech;example,0,0,35.3,Tier A/B source quality; discovery candidate requiring external demand data,CONTENT REVIEW
900,divided,https://ovidhan.net/word/divided.html,POOL B — HIGH-QUALITY DISCOVERY,0,0,0,0,A,7,REVIEW,LEGACY,LOW CONFIDENCE,4,bangla;definition;part_of_speech;example,0,0,35.3,Tier A/B source quality; discovery candidate requiring external demand data,CONTENT REVIEW
901,division,https://ovidhan.net/word/division.html,POOL B — HIGH-QUALITY DISCOVERY,0,0,0,0,A,7,REVIEW,LEGACY,LOW CONFIDENCE,4,bangla;definition;part_of_speech;example,0,0,35.3,Tier A/B source quality; discovery candidate requiring external demand data,CONTENT REVIEW
902,divorce,https://ovidhan.net/word/divorce.html,POOL B — HIGH-QUALITY DISCOVERY,0,0,0,0,A,7,REVIEW,LEGACY,LOW CONFIDENCE,4,bangla;definition;part_of_speech;example,0,0,35.3,Tier A/B source quality; discovery candidate requiring external demand data,CONTENT REVIEW
903,dj,https://ovidhan.net/word/dj.html,POOL B — HIGH-QUALITY DISCOVERY,0,0,0,0,A,7,REVIEW,LEGACY,LOW CONFIDENCE,4,bangla;definition;part_of_speech;example,0,0,35.3,Tier A/B source quality; discovery candidate requiring external demand data,CONTENT REVIEW
904,dna,https://ovidhan.net/word/dna.html,POOL B — HIGH-QUALITY DISCOVERY,0,0,0,0,A,7,REVIEW,LEGACY,LOW CONFIDENCE,4,bangla;definition;part_of_speech;example,0,0,35.3,Tier A/B source quality; discovery candidate requiring external demand data,CONTENT REVIEW
905,do,https://ovidhan.net/word/do.html,POOL B — HIGH-QUALITY DISCOVERY,0,0,0,0,A,7,REVIEW,LEGACY,LOW CONFIDENCE,4,bangla;definition;part_of_speech;example,0,0,35.3,Tier A/B source quality; discovery candidate requiring external demand data,CONTENT REVIEW
906,doc,https://ovidhan.net/word/doc.html,POOL B — HIGH-QUALITY DISCOVERY,0,0,0,0,A,7,REVIEW,LEGACY,LOW CONFIDENCE,4,bangla;definition;part_of_speech;example,0,0,35.3,Tier A/B source quality; discovery candidate requiring external demand data,CONTENT REVIEW
907,doctor,https://ovidhan.net/word/doctor.html,POOL B — HIGH-QUALITY DISCOVERY,0,0,0,0,A,7,REVIEW,LEGACY,LOW CONFIDENCE,4,bangla;definition;part_of_speech;example,0,0,35.3,Tier A/B source quality; discovery candidate requiring external demand data,CONTENT REVIEW
908,doctors,https://ovidhan.net/word/doctors.html,POOL B — HIGH-QUALITY DISCOVERY,0,0,0,0,A,7,REVIEW,LEGACY,LOW CONFIDENCE,4,bangla;definition;part_of_speech;example,0,0,35.3,Tier A/B source quality; discovery candidate requiring external demand data,CONTENT REVIEW
909,document,https://ovidhan.net/word/document.html,POOL B — HIGH-QUALITY DISCOVERY,0,0,0,0,A,7,REVIEW,LEGACY,LOW CONFIDENCE,4,bangla;definition;part_of_speech;example,0,0,35.3,Tier A/B source quality; discovery candidate requiring external demand data,CONTENT REVIEW
910,documentation,https://ovidhan.net/word/documentation.html,POOL B — HIGH-QUALITY DISCOVERY,0,0,0,0,A,7,REVIEW,LEGACY,LOW CONFIDENCE,4,bangla;definition;part_of_speech;example,0,0,35.3,Tier A/B source quality; discovery candidate requiring external demand data,CONTENT REVIEW
911,documents,https://ovidhan.net/word/documents.html,POOL B — HIGH-QUALITY DISCOVERY,0,0,0,0,A,7,REVIEW,LEGACY,LOW CONFIDENCE,4,bangla;definition;part_of_speech;example,0,0,35.3,Tier A/B source quality; discovery candidate requiring external demand data,CONTENT REVIEW
912,dodge,https://ovidhan.net/word/dodge.html,POOL B — HIGH-QUALITY DISCOVERY,0,0,0,0,A,7,REVIEW,LEGACY,LOW CONFIDENCE,4,bangla;definition;part_of_speech;example,0,0,35.3,Tier A/B source quality; discovery candidate requiring external demand data,CONTENT REVIEW
913,does,https://ovidhan.net/word/does.html,POOL B — HIGH-QUALITY DISCOVERY,0,0,0,0,A,7,REVIEW,LEGACY,LOW CONFIDENCE,4,bangla;definition;part_of_speech;example,0,0,35.3,Tier A/B source quality; discovery candidate requiring external demand data,CONTENT REVIEW
914,dog,https://ovidhan.net/word/dog.html,POOL B — HIGH-QUALITY DISCOVERY,0,0,0,0,A,7,REVIEW,LEGACY,LOW CONFIDENCE,4,bangla;definition;part_of_speech;example,0,0,35.3,Tier A/B source quality; discovery candidate requiring external demand data,CONTENT REVIEW
915,dogs,https://ovidhan.net/word/dogs.html,POOL B — HIGH-QUALITY DISCOVERY,0,0,0,0,A,7,REVIEW,LEGACY,LOW CONFIDENCE,4,bangla;definition;part_of_speech;example,0,0,35.3,Tier A/B source quality; discovery candidate requiring external demand data,CONTENT REVIEW
916,doing,https://ovidhan.net/word/doing.html,POOL B — HIGH-QUALITY DISCOVERY,0,0,0,0,A,7,REVIEW,LEGACY,LOW CONFIDENCE,4,bangla;definition;part_of_speech;example,0,0,35.3,Tier A/B source quality; discovery candidate requiring external demand data,CONTENT REVIEW
917,dollar,https://ovidhan.net/word/dollar.html,POOL B — HIGH-QUALITY DISCOVERY,0,0,0,0,A,7,REVIEW,LEGACY,LOW CONFIDENCE,4,bangla;definition;part_of_speech;example,0,0,35.3,Tier A/B source quality; discovery candidate requiring external demand data,CONTENT REVIEW
918,dollars,https://ovidhan.net/word/dollars.html,POOL B — HIGH-QUALITY DISCOVERY,0,0,0,0,A,7,REVIEW,LEGACY,LOW CONFIDENCE,4,bangla;definition;part_of_speech;example,0,0,35.3,Tier A/B source quality; discovery candidate requiring external demand data,CONTENT REVIEW
919,dolls,https://ovidhan.net/word/dolls.html,POOL B — HIGH-QUALITY DISCOVERY,0,0,0,0,A,7,REVIEW,LEGACY,LOW CONFIDENCE,4,bangla;definition;part_of_speech;example,0,0,35.3,Tier A/B source quality; discovery candidate requiring external demand data,CONTENT REVIEW
920,domain,https://ovidhan.net/word/domain.html,POOL B — HIGH-QUALITY DISCOVERY,0,0,0,0,A,7,REVIEW,LEGACY,LOW CONFIDENCE,4,bangla;definition;part_of_speech;example,0,0,35.3,Tier A/B source quality; discovery candidate requiring external demand data,CONTENT REVIEW
921,domains,https://ovidhan.net/word/domains.html,POOL B — HIGH-QUALITY DISCOVERY,0,0,0,0,A,7,REVIEW,LEGACY,LOW CONFIDENCE,4,bangla;definition;part_of_speech;example,0,0,35.3,Tier A/B source quality; discovery candidate requiring external demand data,CONTENT REVIEW
922,domestic,https://ovidhan.net/word/domestic.html,POOL B — HIGH-QUALITY DISCOVERY,0,0,0,0,A,7,REVIEW,LEGACY,LOW CONFIDENCE,4,bangla;definition;part_of_speech;example,0,0,35.3,Tier A/B source quality; discovery candidate requiring external demand data,CONTENT REVIEW
923,don,https://ovidhan.net/word/don.html,POOL B — HIGH-QUALITY DISCOVERY,0,0,0,0,A,7,REVIEW,LEGACY,LOW CONFIDENCE,4,bangla;definition;part_of_speech;example,0,0,35.3,Tier A/B source quality; discovery candidate requiring external demand data,CONTENT REVIEW
924,donate,https://ovidhan.net/word/donate.html,POOL B — HIGH-QUALITY DISCOVERY,0,0,0,0,A,7,REVIEW,LEGACY,LOW CONFIDENCE,4,bangla;definition;part_of_speech;example,0,0,35.3,Tier A/B source quality; discovery candidate requiring external demand data,CONTENT REVIEW
925,donations,https://ovidhan.net/word/donations.html,POOL B — HIGH-QUALITY DISCOVERY,0,0,0,0,A,7,REVIEW,LEGACY,LOW CONFIDENCE,4,bangla;definition;part_of_speech;example,0,0,35.3,Tier A/B source quality; discovery candidate requiring external demand data,CONTENT REVIEW
926,done,https://ovidhan.net/word/done.html,POOL B — HIGH-QUALITY DISCOVERY,0,0,0,0,A,7,REVIEW,LEGACY,LOW CONFIDENCE,4,bangla;definition;part_of_speech;example,0,0,35.3,Tier A/B source quality; discovery candidate requiring external demand data,CONTENT REVIEW
927,door,https://ovidhan.net/word/door.html,POOL B — HIGH-QUALITY DISCOVERY,0,0,0,0,A,7,REVIEW,LEGACY,LOW CONFIDENCE,4,bangla;definition;part_of_speech;example,0,0,35.3,Tier A/B source quality; discovery candidate requiring external demand data,CONTENT REVIEW
928,doors,https://ovidhan.net/word/doors.html,POOL B — HIGH-QUALITY DISCOVERY,0,0,0,0,A,7,REVIEW,LEGACY,LOW CONFIDENCE,4,bangla;definition;part_of_speech;example,0,0,35.3,Tier A/B source quality; discovery candidate requiring external demand data,CONTENT REVIEW
929,dose,https://ovidhan.net/word/dose.html,POOL B — HIGH-QUALITY DISCOVERY,0,0,0,0,A,7,REVIEW,LEGACY,LOW CONFIDENCE,4,bangla;definition;part_of_speech;example,0,0,35.3,Tier A/B source quality; discovery candidate requiring external demand data,CONTENT REVIEW
930,dot,https://ovidhan.net/word/dot.html,POOL B — HIGH-QUALITY DISCOVERY,0,0,0,0,A,7,REVIEW,LEGACY,LOW CONFIDENCE,4,bangla;definition;part_of_speech;example,0,0,35.3,Tier A/B source quality; discovery candidate requiring external demand data,CONTENT REVIEW
931,double,https://ovidhan.net/word/double.html,POOL B — HIGH-QUALITY DISCOVERY,0,0,0,0,A,7,REVIEW,LEGACY,LOW CONFIDENCE,4,bangla;definition;part_of_speech;example,0,0,35.3,Tier A/B source quality; discovery candidate requiring external demand data,CONTENT REVIEW
932,doubt,https://ovidhan.net/word/doubt.html,POOL B — HIGH-QUALITY DISCOVERY,0,0,0,0,A,7,REVIEW,LEGACY,LOW CONFIDENCE,4,bangla;definition;part_of_speech;example,0,0,35.3,Tier A/B source quality; discovery candidate requiring external demand data,CONTENT REVIEW
933,douglas,https://ovidhan.net/word/douglas.html,POOL B — HIGH-QUALITY DISCOVERY,0,0,0,0,A,7,REVIEW,LEGACY,LOW CONFIDENCE,4,bangla;definition;part_of_speech;example,0,0,35.3,Tier A/B source quality; discovery candidate requiring external demand data,CONTENT REVIEW
934,down,https://ovidhan.net/word/down.html,POOL B — HIGH-QUALITY DISCOVERY,0,0,0,0,A,7,REVIEW,LEGACY,LOW CONFIDENCE,4,bangla;definition;part_of_speech;example,0,0,35.3,Tier A/B source quality; discovery candidate requiring external demand data,CONTENT REVIEW
935,download,https://ovidhan.net/word/download.html,POOL B — HIGH-QUALITY DISCOVERY,0,0,0,0,A,7,REVIEW,LEGACY,LOW CONFIDENCE,4,bangla;definition;part_of_speech;example,0,0,35.3,Tier A/B source quality; discovery candidate requiring external demand data,CONTENT REVIEW
936,downloads,https://ovidhan.net/word/downloads.html,POOL B — HIGH-QUALITY DISCOVERY,0,0,0,0,A,7,REVIEW,LEGACY,LOW CONFIDENCE,4,bangla;definition;part_of_speech;example,0,0,35.3,Tier A/B source quality; discovery candidate requiring external demand data,CONTENT REVIEW
937,downtown,https://ovidhan.net/word/downtown.html,POOL B — HIGH-QUALITY DISCOVERY,0,0,0,0,A,7,REVIEW,LEGACY,LOW CONFIDENCE,4,bangla;definition;part_of_speech;example,0,0,35.3,Tier A/B source quality; discovery candidate requiring external demand data,CONTENT REVIEW
938,draft,https://ovidhan.net/word/draft.html,POOL B — HIGH-QUALITY DISCOVERY,0,0,0,0,A,7,REVIEW,LEGACY,LOW CONFIDENCE,4,bangla;definition;part_of_speech;example,0,0,35.3,Tier A/B source quality; discovery candidate requiring external demand data,CONTENT REVIEW
939,dragon,https://ovidhan.net/word/dragon.html,POOL B — HIGH-QUALITY DISCOVERY,0,0,0,0,A,7,REVIEW,LEGACY,LOW CONFIDENCE,4,bangla;definition;part_of_speech;example,0,0,35.3,Tier A/B source quality; discovery candidate requiring external demand data,CONTENT REVIEW
940,drama,https://ovidhan.net/word/drama.html,POOL B — HIGH-QUALITY DISCOVERY,0,0,0,0,A,7,REVIEW,LEGACY,LOW CONFIDENCE,4,bangla;definition;part_of_speech;example,0,0,35.3,Tier A/B source quality; discovery candidate requiring external demand data,CONTENT REVIEW
941,draw,https://ovidhan.net/word/draw.html,POOL B — HIGH-QUALITY DISCOVERY,0,0,0,0,A,7,REVIEW,LEGACY,LOW CONFIDENCE,4,bangla;definition;part_of_speech;example,0,0,35.3,Tier A/B source quality; discovery candidate requiring external demand data,CONTENT REVIEW
942,drawing,https://ovidhan.net/word/drawing.html,POOL B — HIGH-QUALITY DISCOVERY,0,0,0,0,A,7,REVIEW,LEGACY,LOW CONFIDENCE,4,bangla;definition;part_of_speech;example,0,0,35.3,Tier A/B source quality; discovery candidate requiring external demand data,CONTENT REVIEW
943,drawn,https://ovidhan.net/word/drawn.html,POOL B — HIGH-QUALITY DISCOVERY,0,0,0,0,A,7,REVIEW,LEGACY,LOW CONFIDENCE,4,bangla;definition;part_of_speech;example,0,0,35.3,Tier A/B source quality; discovery candidate requiring external demand data,CONTENT REVIEW
944,dream,https://ovidhan.net/word/dream.html,POOL B — HIGH-QUALITY DISCOVERY,0,0,0,0,A,7,REVIEW,LEGACY,LOW CONFIDENCE,4,bangla;definition;part_of_speech;example,0,0,35.3,Tier A/B source quality; discovery candidate requiring external demand data,CONTENT REVIEW
945,dreams,https://ovidhan.net/word/dreams.html,POOL B — HIGH-QUALITY DISCOVERY,0,0,0,0,A,7,REVIEW,LEGACY,LOW CONFIDENCE,4,bangla;definition;part_of_speech;example,0,0,35.3,Tier A/B source quality; discovery candidate requiring external demand data,CONTENT REVIEW
946,dress,https://ovidhan.net/word/dress.html,POOL B — HIGH-QUALITY DISCOVERY,0,0,0,0,A,7,REVIEW,LEGACY,LOW CONFIDENCE,4,bangla;definition;part_of_speech;example,0,0,35.3,Tier A/B source quality; discovery candidate requiring external demand data,CONTENT REVIEW
947,drink,https://ovidhan.net/word/drink.html,POOL B — HIGH-QUALITY DISCOVERY,0,0,0,0,A,7,REVIEW,LEGACY,LOW CONFIDENCE,4,bangla;definition;part_of_speech;example,0,0,35.3,Tier A/B source quality; discovery candidate requiring external demand data,CONTENT REVIEW
948,drinking,https://ovidhan.net/word/drinking.html,POOL B — HIGH-QUALITY DISCOVERY,0,0,0,0,A,7,REVIEW,LEGACY,LOW CONFIDENCE,4,bangla;definition;part_of_speech;example,0,0,35.3,Tier A/B source quality; discovery candidate requiring external demand data,CONTENT REVIEW
949,drive,https://ovidhan.net/word/drive.html,POOL B — HIGH-QUALITY DISCOVERY,0,0,0,0,A,7,REVIEW,LEGACY,LOW CONFIDENCE,4,bangla;definition;part_of_speech;example,0,0,35.3,Tier A/B source quality; discovery candidate requiring external demand data,CONTENT REVIEW
950,driven,https://ovidhan.net/word/driven.html,POOL B — HIGH-QUALITY DISCOVERY,0,0,0,0,A,7,REVIEW,LEGACY,LOW CONFIDENCE,4,bangla;definition;part_of_speech;example,0,0,35.3,Tier A/B source quality; discovery candidate requiring external demand data,CONTENT REVIEW
951,driver,https://ovidhan.net/word/driver.html,POOL B — HIGH-QUALITY DISCOVERY,0,0,0,0,A,7,REVIEW,LEGACY,LOW CONFIDENCE,4,bangla;definition;part_of_speech;example,0,0,35.3,Tier A/B source quality; discovery candidate requiring external demand data,CONTENT REVIEW
952,drivers,https://ovidhan.net/word/drivers.html,POOL B — HIGH-QUALITY DISCOVERY,0,0,0,0,A,7,REVIEW,LEGACY,LOW CONFIDENCE,4,bangla;definition;part_of_speech;example,0,0,35.3,Tier A/B source quality; discovery candidate requiring external demand data,CONTENT REVIEW
953,drives,https://ovidhan.net/word/drives.html,POOL B — HIGH-QUALITY DISCOVERY,0,0,0,0,A,7,REVIEW,LEGACY,LOW CONFIDENCE,4,bangla;definition;part_of_speech;example,0,0,35.3,Tier A/B source quality; discovery candidate requiring external demand data,CONTENT REVIEW
954,driving,https://ovidhan.net/word/driving.html,POOL B — HIGH-QUALITY DISCOVERY,0,0,0,0,A,7,REVIEW,LEGACY,LOW CONFIDENCE,4,bangla;definition;part_of_speech;example,0,0,35.3,Tier A/B source quality; discovery candidate requiring external demand data,CONTENT REVIEW
955,drop,https://ovidhan.net/word/drop.html,POOL B — HIGH-QUALITY DISCOVERY,0,0,0,0,A,7,REVIEW,LEGACY,LOW CONFIDENCE,4,bangla;definition;part_of_speech;example,0,0,35.3,Tier A/B source quality; discovery candidate requiring external demand data,CONTENT REVIEW
956,drug,https://ovidhan.net/word/drug.html,POOL B — HIGH-QUALITY DISCOVERY,0,0,0,0,A,7,REVIEW,LEGACY,LOW CONFIDENCE,4,bangla;definition;part_of_speech;example,0,0,35.3,Tier A/B source quality; discovery candidate requiring external demand data,CONTENT REVIEW
957,drugs,https://ovidhan.net/word/drugs.html,POOL B — HIGH-QUALITY DISCOVERY,0,0,0,0,A,7,REVIEW,LEGACY,LOW CONFIDENCE,4,bangla;definition;part_of_speech;example,0,0,35.3,Tier A/B source quality; discovery candidate requiring external demand data,CONTENT REVIEW
958,drum,https://ovidhan.net/word/drum.html,POOL B — HIGH-QUALITY DISCOVERY,0,0,0,0,A,7,REVIEW,LEGACY,LOW CONFIDENCE,4,bangla;definition;part_of_speech;example,0,0,35.3,Tier A/B source quality; discovery candidate requiring external demand data,CONTENT REVIEW
959,dry,https://ovidhan.net/word/dry.html,POOL B — HIGH-QUALITY DISCOVERY,0,0,0,0,A,7,REVIEW,LEGACY,LOW CONFIDENCE,4,bangla;definition;part_of_speech;example,0,0,35.3,Tier A/B source quality; discovery candidate requiring external demand data,CONTENT REVIEW
960,ds,https://ovidhan.net/word/ds.html,POOL B — HIGH-QUALITY DISCOVERY,0,0,0,0,A,7,REVIEW,LEGACY,LOW CONFIDENCE,4,bangla;definition;part_of_speech;example,0,0,35.3,Tier A/B source quality; discovery candidate requiring external demand data,CONTENT REVIEW
961,dsl,https://ovidhan.net/word/dsl.html,POOL B — HIGH-QUALITY DISCOVERY,0,0,0,0,A,7,REVIEW,LEGACY,LOW CONFIDENCE,4,bangla;definition;part_of_speech;example,0,0,35.3,Tier A/B source quality; discovery candidate requiring external demand data,CONTENT REVIEW
962,dual,https://ovidhan.net/word/dual.html,POOL B — HIGH-QUALITY DISCOVERY,0,0,0,0,A,7,REVIEW,LEGACY,LOW CONFIDENCE,4,bangla;definition;part_of_speech;example,0,0,35.3,Tier A/B source quality; discovery candidate requiring external demand data,CONTENT REVIEW
963,dublin,https://ovidhan.net/word/dublin.html,POOL B — HIGH-QUALITY DISCOVERY,0,0,0,0,A,7,REVIEW,LEGACY,LOW CONFIDENCE,4,bangla;definition;part_of_speech;example,0,0,35.3,Tier A/B source quality; discovery candidate requiring external demand data,CONTENT REVIEW
964,due,https://ovidhan.net/word/due.html,POOL B — HIGH-QUALITY DISCOVERY,0,0,0,0,A,7,REVIEW,LEGACY,LOW CONFIDENCE,4,bangla;definition;part_of_speech;example,0,0,35.3,Tier A/B source quality; discovery candidate requiring external demand data,CONTENT REVIEW
965,duration,https://ovidhan.net/word/duration.html,POOL B — HIGH-QUALITY DISCOVERY,0,0,0,0,A,7,REVIEW,LEGACY,LOW CONFIDENCE,4,bangla;definition;part_of_speech;example,0,0,35.3,Tier A/B source quality; discovery candidate requiring external demand data,CONTENT REVIEW
966,dust,https://ovidhan.net/word/dust.html,POOL B — HIGH-QUALITY DISCOVERY,0,0,0,0,A,7,REVIEW,LEGACY,LOW CONFIDENCE,4,bangla;definition;part_of_speech;example,0,0,35.3,Tier A/B source quality; discovery candidate requiring external demand data,CONTENT REVIEW
967,dutch,https://ovidhan.net/word/dutch.html,POOL B — HIGH-QUALITY DISCOVERY,0,0,0,0,A,7,REVIEW,LEGACY,LOW CONFIDENCE,4,bangla;definition;part_of_speech;example,0,0,35.3,Tier A/B source quality; discovery candidate requiring external demand data,CONTENT REVIEW
968,duties,https://ovidhan.net/word/duties.html,POOL B — HIGH-QUALITY DISCOVERY,0,0,0,0,A,7,REVIEW,LEGACY,LOW CONFIDENCE,4,bangla;definition;part_of_speech;example,0,0,35.3,Tier A/B source quality; discovery candidate requiring external demand data,CONTENT REVIEW
969,duty,https://ovidhan.net/word/duty.html,POOL B — HIGH-QUALITY DISCOVERY,0,0,0,0,A,7,REVIEW,LEGACY,LOW CONFIDENCE,4,bangla;definition;part_of_speech;example,0,0,35.3,Tier A/B source quality; discovery candidate requiring external demand data,CONTENT REVIEW
970,dvd,https://ovidhan.net/word/dvd.html,POOL B — HIGH-QUALITY DISCOVERY,0,0,0,0,A,7,REVIEW,LEGACY,LOW CONFIDENCE,4,bangla;definition;part_of_speech;example,0,0,35.3,Tier A/B source quality; discovery candidate requiring external demand data,CONTENT REVIEW
971,dvds,https://ovidhan.net/word/dvds.html,POOL B — HIGH-QUALITY DISCOVERY,0,0,0,0,A,7,REVIEW,LEGACY,LOW CONFIDENCE,4,bangla;definition;part_of_speech;example,0,0,35.3,Tier A/B source quality; discovery candidate requiring external demand data,CONTENT REVIEW
972,dynamic,https://ovidhan.net/word/dynamic.html,POOL B — HIGH-QUALITY DISCOVERY,0,0,0,0,A,7,REVIEW,LEGACY,LOW CONFIDENCE,4,bangla;definition;part_of_speech;example,0,0,35.3,Tier A/B source quality; discovery candidate requiring external demand data,CONTENT REVIEW
973,dynamics,https://ovidhan.net/word/dynamics.html,POOL B — HIGH-QUALITY DISCOVERY,0,0,0,0,A,7,REVIEW,LEGACY,LOW CONFIDENCE,4,bangla;definition;part_of_speech;example,0,0,35.3,Tier A/B source quality; discovery candidate requiring external demand data,CONTENT REVIEW
974,each,https://ovidhan.net/word/each.html,POOL B — HIGH-QUALITY DISCOVERY,0,0,0,0,A,7,REVIEW,LEGACY,LOW CONFIDENCE,4,bangla;definition;part_of_speech;example,0,0,35.3,Tier A/B source quality; discovery candidate requiring external demand data,CONTENT REVIEW
975,eagle,https://ovidhan.net/word/eagle.html,POOL B — HIGH-QUALITY DISCOVERY,0,0,0,0,A,7,REVIEW,LEGACY,LOW CONFIDENCE,4,bangla;definition;part_of_speech;example,0,0,35.3,Tier A/B source quality; discovery candidate requiring external demand data,CONTENT REVIEW
976,ear,https://ovidhan.net/word/ear.html,POOL B — HIGH-QUALITY DISCOVERY,0,0,0,0,A,7,REVIEW,LEGACY,LOW CONFIDENCE,4,bangla;definition;part_of_speech;example,0,0,35.3,Tier A/B source quality; discovery candidate requiring external demand data,CONTENT REVIEW
977,earlier,https://ovidhan.net/word/earlier.html,POOL B — HIGH-QUALITY DISCOVERY,0,0,0,0,A,7,REVIEW,LEGACY,LOW CONFIDENCE,4,bangla;definition;part_of_speech;example,0,0,35.3,Tier A/B source quality; discovery candidate requiring external demand data,CONTENT REVIEW
978,early,https://ovidhan.net/word/early.html,POOL B — HIGH-QUALITY DISCOVERY,0,0,0,0,A,7,REVIEW,LEGACY,LOW CONFIDENCE,4,bangla;definition;part_of_speech;example,0,0,35.3,Tier A/B source quality; discovery candidate requiring external demand data,CONTENT REVIEW
979,earn,https://ovidhan.net/word/earn.html,POOL B — HIGH-QUALITY DISCOVERY,0,0,0,0,A,7,REVIEW,LEGACY,LOW CONFIDENCE,4,bangla;definition;part_of_speech;example,0,0,35.3,Tier A/B source quality; discovery candidate requiring external demand data,CONTENT REVIEW
980,earnings,https://ovidhan.net/word/earnings.html,POOL B — HIGH-QUALITY DISCOVERY,0,0,0,0,A,7,REVIEW,LEGACY,LOW CONFIDENCE,4,bangla;definition;part_of_speech;example,0,0,35.3,Tier A/B source quality; discovery candidate requiring external demand data,CONTENT REVIEW
981,earth,https://ovidhan.net/word/earth.html,POOL B — HIGH-QUALITY DISCOVERY,0,0,0,0,A,7,REVIEW,LEGACY,LOW CONFIDENCE,4,bangla;definition;part_of_speech;example,0,0,35.3,Tier A/B source quality; discovery candidate requiring external demand data,CONTENT REVIEW
982,ease,https://ovidhan.net/word/ease.html,POOL B — HIGH-QUALITY DISCOVERY,0,0,0,0,A,7,REVIEW,LEGACY,LOW CONFIDENCE,4,bangla;definition;part_of_speech;example,0,0,35.3,Tier A/B source quality; discovery candidate requiring external demand data,CONTENT REVIEW
983,easier,https://ovidhan.net/word/easier.html,POOL B — HIGH-QUALITY DISCOVERY,0,0,0,0,A,7,REVIEW,LEGACY,LOW CONFIDENCE,4,bangla;definition;part_of_speech;example,0,0,35.3,Tier A/B source quality; discovery candidate requiring external demand data,CONTENT REVIEW
984,easily,https://ovidhan.net/word/easily.html,POOL B — HIGH-QUALITY DISCOVERY,0,0,0,0,A,7,REVIEW,LEGACY,LOW CONFIDENCE,4,bangla;definition;part_of_speech;example,0,0,35.3,Tier A/B source quality; discovery candidate requiring external demand data,CONTENT REVIEW
985,east,https://ovidhan.net/word/east.html,POOL B — HIGH-QUALITY DISCOVERY,0,0,0,0,A,7,REVIEW,LEGACY,LOW CONFIDENCE,4,bangla;definition;part_of_speech;example,0,0,35.3,Tier A/B source quality; discovery candidate requiring external demand data,CONTENT REVIEW
986,eastern,https://ovidhan.net/word/eastern.html,POOL B — HIGH-QUALITY DISCOVERY,0,0,0,0,A,7,REVIEW,LEGACY,LOW CONFIDENCE,4,bangla;definition;part_of_speech;example,0,0,35.3,Tier A/B source quality; discovery candidate requiring external demand data,CONTENT REVIEW
987,easy,https://ovidhan.net/word/easy.html,POOL B — HIGH-QUALITY DISCOVERY,0,0,0,0,A,7,REVIEW,LEGACY,LOW CONFIDENCE,4,bangla;definition;part_of_speech;example,0,0,35.3,Tier A/B source quality; discovery candidate requiring external demand data,CONTENT REVIEW
988,eat,https://ovidhan.net/word/eat.html,POOL B — HIGH-QUALITY DISCOVERY,0,0,0,0,A,7,REVIEW,LEGACY,LOW CONFIDENCE,4,bangla;definition;part_of_speech;example,0,0,35.3,Tier A/B source quality; discovery candidate requiring external demand data,CONTENT REVIEW
989,eating,https://ovidhan.net/word/eating.html,POOL B — HIGH-QUALITY DISCOVERY,0,0,0,0,A,7,REVIEW,LEGACY,LOW CONFIDENCE,4,bangla;definition;part_of_speech;example,0,0,35.3,Tier A/B source quality; discovery candidate requiring external demand data,CONTENT REVIEW
990,ebony,https://ovidhan.net/word/ebony.html,POOL B — HIGH-QUALITY DISCOVERY,0,0,0,0,A,7,REVIEW,LEGACY,LOW CONFIDENCE,4,bangla;definition;part_of_speech;example,0,0,35.3,Tier A/B source quality; discovery candidate requiring external demand data,CONTENT REVIEW
991,echo,https://ovidhan.net/word/echo.html,POOL B — HIGH-QUALITY DISCOVERY,0,0,0,0,A,7,REVIEW,LEGACY,LOW CONFIDENCE,4,bangla;definition;part_of_speech;example,0,0,35.3,Tier A/B source quality; discovery candidate requiring external demand data,CONTENT REVIEW
992,economics,https://ovidhan.net/word/economics.html,POOL B — HIGH-QUALITY DISCOVERY,0,0,0,0,A,7,REVIEW,LEGACY,LOW CONFIDENCE,4,bangla;definition;part_of_speech;example,0,0,35.3,Tier A/B source quality; discovery candidate requiring external demand data,CONTENT REVIEW
993,economy,https://ovidhan.net/word/economy.html,POOL B — HIGH-QUALITY DISCOVERY,0,0,0,0,A,7,REVIEW,LEGACY,LOW CONFIDENCE,4,bangla;definition;part_of_speech;example,0,0,35.3,Tier A/B source quality; discovery candidate requiring external demand data,CONTENT REVIEW
994,ed,https://ovidhan.net/word/ed.html,POOL B — HIGH-QUALITY DISCOVERY,0,0,0,0,A,7,REVIEW,LEGACY,LOW CONFIDENCE,4,bangla;definition;part_of_speech;example,0,0,35.3,Tier A/B source quality; discovery candidate requiring external demand data,CONTENT REVIEW
995,edge,https://ovidhan.net/word/edge.html,POOL B — HIGH-QUALITY DISCOVERY,0,0,0,0,A,7,REVIEW,LEGACY,LOW CONFIDENCE,4,bangla;definition;part_of_speech;example,0,0,35.3,Tier A/B source quality; discovery candidate requiring external demand data,CONTENT REVIEW
996,edinburgh,https://ovidhan.net/word/edinburgh.html,POOL B — HIGH-QUALITY DISCOVERY,0,0,0,0,A,7,REVIEW,LEGACY,LOW CONFIDENCE,4,bangla;definition;part_of_speech;example,0,0,35.3,Tier A/B source quality; discovery candidate requiring external demand data,CONTENT REVIEW
997,edit,https://ovidhan.net/word/edit.html,POOL B — HIGH-QUALITY DISCOVERY,0,0,0,0,A,7,REVIEW,LEGACY,LOW CONFIDENCE,4,bangla;definition;part_of_speech;example,0,0,35.3,Tier A/B source quality; discovery candidate requiring external demand data,CONTENT REVIEW
998,edited,https://ovidhan.net/word/edited.html,POOL B — HIGH-QUALITY DISCOVERY,0,0,0,0,A,7,REVIEW,LEGACY,LOW CONFIDENCE,4,bangla;definition;part_of_speech;example,0,0,35.3,Tier A/B source quality; discovery candidate requiring external demand data,CONTENT REVIEW
999,editing,https://ovidhan.net/word/editing.html,POOL B — HIGH-QUALITY DISCOVERY,0,0,0,0,A,7,REVIEW,LEGACY,LOW CONFIDENCE,4,bangla;definition;part_of_speech;example,0,0,35.3,Tier A/B source quality; discovery candidate requiring external demand data,CONTENT REVIEW
1000,edition,https://ovidhan.net/word/edition.html,POOL B — HIGH-QUALITY DISCOVERY,0,0,0,0,A,7,REVIEW,LEGACY,LOW CONFIDENCE,4,bangla;definition;part_of_speech;example,0,0,35.3,Tier A/B source quality; discovery candidate requiring external demand data,CONTENT REVIEW
