priority_rank,word,url,candidate_pool,BD_IMPRESSIONS,BD_CLICKS,BD_CTR,BD_POSITION,tier,tier_score,migration_class,static_legacy_status,confidence,source_completeness_score,source_fields_present,BD_RELEVANT_QUERY_IMPRESSIONS,GLOBAL_CONTEXT_IMPRESSIONS,priority_score,reason,proposed_action
1,hosted,https://ovidhan.net/word/hosted.html,POOL A — OBSERVED BANGLADESH DEMAND,1,0,0.0,8.0,A,7,REVIEW,LEGACY,MEDIUM CONFIDENCE,4,bangla;definition;part_of_speech;example,1,3,65.42,Bangladesh demand + near-ranking opportunity + useful source,CONTENT REVIEW
2,integration,https://ovidhan.net/word/integration.html,POOL A — OBSERVED BANGLADESH DEMAND,2,0,0.0,11.5,A,7,REVIEW,LEGACY,MEDIUM CONFIDENCE,4,bangla;definition;part_of_speech;example,1,5,65.002,Bangladesh demand + near-ranking opportunity + useful source,CONTENT REVIEW
3,outright,https://ovidhan.net/word/outright.html,POOL A — OBSERVED BANGLADESH DEMAND,5,0,0.0,19.2,B,3,REVIEW,LEGACY,HIGH CONFIDENCE,1,bangla,4,5,58.97,Bangladesh demand + near-ranking opportunity + useful source,STATIC-UPGRADE PRIORITY
4,street,https://ovidhan.net/word/street.html,POOL A — OBSERVED BANGLADESH DEMAND,2,0,0.0,25.0,A,7,REVIEW,LEGACY,MEDIUM CONFIDENCE,4,bangla;definition;part_of_speech;example,1,4,56.856,Bangladesh demand + near-ranking opportunity + useful source,CONTENT REVIEW
5,net-worth,https://ovidhan.net/word/net-worth.html,POOL A — OBSERVED BANGLADESH DEMAND,4,0,0.0,12.0,B,3,REVIEW,LEGACY,MEDIUM CONFIDENCE,1,bangla,0,14,53.766,Bangladesh demand + near-ranking opportunity + useful source,STATIC-UPGRADE PRIORITY
6,tension,https://ovidhan.net/word/tension.html,POOL A — OBSERVED BANGLADESH DEMAND,9,0,0.0,54.22,B,3,REVIEW,LEGACY,HIGH CONFIDENCE,1,bangla,4,16,52.167,Bangladesh demand + near-ranking opportunity + useful source,STATIC-UPGRADE PRIORITY
7,provision,https://ovidhan.net/word/provision.html,POOL A — OBSERVED BANGLADESH DEMAND,2,0,0.0,68.0,A,7,REVIEW,LEGACY,MEDIUM CONFIDENCE,4,bangla;definition;part_of_speech;example,0,3,49.944,Bangladesh demand + near-ranking opportunity + useful source,CONTENT REVIEW
8,sinuous,https://ovidhan.net/word/sinuous.html,POOL A — OBSERVED BANGLADESH DEMAND,1,0,0.0,9.0,B,3,REVIEW,LEGACY,MEDIUM CONFIDENCE,1,bangla,1,0,48.711,Bangladesh demand + near-ranking opportunity + useful source,DATA QUALITY REVIEW
9,ugly,https://ovidhan.net/word/ugly.html,POOL A — OBSERVED BANGLADESH DEMAND,4,0,0.0,29.75,B,3,REVIEW,LEGACY,MEDIUM CONFIDENCE,1,bangla,2,7,48.009,Bangladesh demand + near-ranking opportunity + useful source,STATIC-UPGRADE PRIORITY
10,wide,https://ovidhan.net/word/wide.html,POOL A — OBSERVED BANGLADESH DEMAND,1,0,0.0,69.0,A,7,REVIEW,LEGACY,MEDIUM CONFIDENCE,4,bangla;definition;part_of_speech;example,2,0,47.325,Bangladesh demand + near-ranking opportunity + useful source,CONTENT REVIEW
11,saturday,https://ovidhan.net/word/saturday.html,POOL A — OBSERVED BANGLADESH DEMAND,1,0,0.0,83.0,A,7,REVIEW,LEGACY,MEDIUM CONFIDENCE,4,bangla;definition;part_of_speech;example,1,0,46.311,Bangladesh demand + near-ranking opportunity + useful source,CONTENT REVIEW
12,stroll,https://ovidhan.net/word/stroll.html,POOL A — OBSERVED BANGLADESH DEMAND,3,0,0.0,24.67,B,3,REVIEW,LEGACY,MEDIUM CONFIDENCE,1,bangla,3,4,46.009,Bangladesh demand + near-ranking opportunity + useful source,STATIC-UPGRADE PRIORITY
13,mayhem,https://ovidhan.net/word/mayhem.html,POOL A — OBSERVED BANGLADESH DEMAND,1,0,0.0,11.0,B,3,REVIEW,LEGACY,MEDIUM CONFIDENCE,1,bangla,1,15,45.929,Bangladesh demand + near-ranking opportunity + useful source,DATA QUALITY REVIEW
14,quirky,https://ovidhan.net/word/quirky.html,POOL A — OBSERVED BANGLADESH DEMAND,3,0,0.0,21.33,B,3,REVIEW,LEGACY,MEDIUM CONFIDENCE,1,bangla,3,3,45.831,Bangladesh demand + near-ranking opportunity + useful source,STATIC-UPGRADE PRIORITY
15,mercantile,https://ovidhan.net/word/mercantile.html,POOL A — OBSERVED BANGLADESH DEMAND,1,0,0.0,11.0,B,3,REVIEW,LEGACY,MEDIUM CONFIDENCE,1,bangla,1,4,44.998,Bangladesh demand + near-ranking opportunity + useful source,DATA QUALITY REVIEW
16,february,https://ovidhan.net/word/february.html,POOL A — OBSERVED BANGLADESH DEMAND,1,0,0.0,55.0,A,7,REVIEW,LEGACY,MEDIUM CONFIDENCE,4,bangla;definition;part_of_speech;example,0,0,44.578,Bangladesh demand + near-ranking opportunity + useful source,CONTENT REVIEW
17,on,https://ovidhan.net/word/on.html,POOL A — OBSERVED BANGLADESH DEMAND,1,0,0.0,74.0,A,7,REVIEW,LEGACY,MEDIUM CONFIDENCE,4,bangla;definition;part_of_speech;example,0,0,44.578,Bangladesh demand + near-ranking opportunity + useful source,CONTENT REVIEW
18,oversee,https://ovidhan.net/word/oversee.html,POOL A — OBSERVED BANGLADESH DEMAND,1,0,0.0,12.0,B,3,REVIEW,LEGACY,MEDIUM CONFIDENCE,1,bangla,1,0,43.711,Bangladesh demand + near-ranking opportunity + useful source,DATA QUALITY REVIEW
19,pose,https://ovidhan.net/word/pose.html,POOL A — OBSERVED BANGLADESH DEMAND,1,0,0.0,19.0,B,3,REVIEW,LEGACY,MEDIUM CONFIDENCE,1,bangla,1,0,43.711,Bangladesh demand + near-ranking opportunity + useful source,DATA QUALITY REVIEW
20,procure,https://ovidhan.net/word/procure.html,POOL A — OBSERVED BANGLADESH DEMAND,1,0,0.0,19.0,B,3,REVIEW,LEGACY,MEDIUM CONFIDENCE,1,bangla,1,0,43.711,Bangladesh demand + near-ranking opportunity + useful source,DATA QUALITY REVIEW
21,proprietary,https://ovidhan.net/word/proprietary.html,POOL A — OBSERVED BANGLADESH DEMAND,1,0,0.0,11.0,B,3,REVIEW,LEGACY,MEDIUM CONFIDENCE,1,bangla,1,0,43.711,Bangladesh demand + near-ranking opportunity + useful source,DATA QUALITY REVIEW
22,weird,https://ovidhan.net/word/weird.html,POOL A — OBSERVED BANGLADESH DEMAND,1,0,0.0,16.0,B,3,REVIEW,LEGACY,MEDIUM CONFIDENCE,1,bangla,1,0,43.711,Bangladesh demand + near-ranking opportunity + useful source,DATA QUALITY REVIEW
23,rod,https://ovidhan.net/word/rod.html,POOL A — OBSERVED BANGLADESH DEMAND,1,0,0.0,16.0,B,3,REVIEW,LEGACY,MEDIUM CONFIDENCE,1,bangla,0,2,42.857,Bangladesh demand + near-ranking opportunity + useful source,DATA QUALITY REVIEW
24,legible,https://ovidhan.net/word/legible.html,POOL A — OBSERVED BANGLADESH DEMAND,2,0,0.0,24.0,B,3,REVIEW,LEGACY,MEDIUM CONFIDENCE,1,bangla,2,7,42.646,Bangladesh demand + near-ranking opportunity + useful source,DATA QUALITY REVIEW
25,tram,https://ovidhan.net/word/tram.html,POOL A — OBSERVED BANGLADESH DEMAND,2,0,0.0,42.5,B,3,REVIEW,LEGACY,MEDIUM CONFIDENCE,1,bangla,2,4,42.27,Bangladesh demand + near-ranking opportunity + useful source,DATA QUALITY REVIEW
26,labour,https://ovidhan.net/word/labour.html,POOL A — OBSERVED BANGLADESH DEMAND,1,0,0.0,19.0,B,3,REVIEW,LEGACY,MEDIUM CONFIDENCE,1,bangla,0,0,41.978,Bangladesh demand + near-ranking opportunity + useful source,DATA QUALITY REVIEW
27,loophole,https://ovidhan.net/word/loophole.html,POOL A — OBSERVED BANGLADESH DEMAND,1,0,0.0,11.0,B,3,REVIEW,LEGACY,MEDIUM CONFIDENCE,1,bangla,0,0,41.978,Bangladesh demand + near-ranking opportunity + useful source,DATA QUALITY REVIEW
28,tire,https://ovidhan.net/word/tire.html,POOL A — OBSERVED BANGLADESH DEMAND,1,0,0.0,19.0,B,3,REVIEW,LEGACY,MEDIUM CONFIDENCE,1,bangla,0,0,41.978,Bangladesh demand + near-ranking opportunity + useful source,DATA QUALITY REVIEW
29,magenta,https://ovidhan.net/word/magenta.html,POOL A — OBSERVED BANGLADESH DEMAND,2,0,0.0,42.5,B,3,REVIEW,LEGACY,MEDIUM CONFIDENCE,1,bangla,2,2,41.861,Bangladesh demand + near-ranking opportunity + useful source,DATA QUALITY REVIEW
30,terrible,https://ovidhan.net/word/terrible.html,POOL A — OBSERVED BANGLADESH DEMAND,2,0,0.0,50.0,B,3,REVIEW,LEGACY,MEDIUM CONFIDENCE,1,bangla,1,3,41.077,Bangladesh demand + near-ranking opportunity + useful source,DATA QUALITY REVIEW
31,lean,https://ovidhan.net/word/lean.html,POOL A — OBSERVED BANGLADESH DEMAND,3,0,0.0,51.0,B,3,REVIEW,LEGACY,MEDIUM CONFIDENCE,1,bangla,3,4,41.009,Bangladesh demand + near-ranking opportunity + useful source,STATIC-UPGRADE PRIORITY
32,sack,https://ovidhan.net/word/sack.html,POOL A — OBSERVED BANGLADESH DEMAND,2,0,0.0,37.5,B,3,REVIEW,LEGACY,MEDIUM CONFIDENCE,1,bangla,1,2,40.847,Bangladesh demand + near-ranking opportunity + useful source,DATA QUALITY REVIEW
33,sink,https://ovidhan.net/word/sink.html,POOL A — OBSERVED BANGLADESH DEMAND,2,0,0.0,47.5,B,3,REVIEW,LEGACY,MEDIUM CONFIDENCE,1,bangla,0,2,39.114,Bangladesh demand + near-ranking opportunity + useful source,DATA QUALITY REVIEW
34,mirth,https://ovidhan.net/word/mirth.html,POOL A — OBSERVED BANGLADESH DEMAND,1,0,0.0,24.0,B,3,REVIEW,LEGACY,MEDIUM CONFIDENCE,1,bangla,1,9,37.553,Bangladesh demand + near-ranking opportunity + useful source,DATA QUALITY REVIEW
35,mutiny,https://ovidhan.net/word/mutiny.html,POOL A — OBSERVED BANGLADESH DEMAND,1,0,0.0,38.0,B,3,REVIEW,LEGACY,MEDIUM CONFIDENCE,1,bangla,1,5,37.144,Bangladesh demand + near-ranking opportunity + useful source,DATA QUALITY REVIEW
36,quilt,https://ovidhan.net/word/quilt.html,POOL A — OBSERVED BANGLADESH DEMAND,2,0,0.0,58.0,B,3,REVIEW,LEGACY,MEDIUM CONFIDENCE,1,bangla,2,3,37.091,Bangladesh demand + near-ranking opportunity + useful source,DATA QUALITY REVIEW
37,sanguine,https://ovidhan.net/word/sanguine.html,POOL A — OBSERVED BANGLADESH DEMAND,2,0,0.0,81.5,B,3,REVIEW,LEGACY,MEDIUM CONFIDENCE,1,bangla,2,3,37.091,Bangladesh demand + near-ranking opportunity + useful source,DATA QUALITY REVIEW
38,purge,https://ovidhan.net/word/purge.html,POOL A — OBSERVED BANGLADESH DEMAND,1,0,0.0,42.0,B,3,REVIEW,LEGACY,MEDIUM CONFIDENCE,1,bangla,1,4,36.998,Bangladesh demand + near-ranking opportunity + useful source,DATA QUALITY REVIEW
39,sturdy,https://ovidhan.net/word/sturdy.html,POOL A — OBSERVED BANGLADESH DEMAND,1,0,0.0,31.0,B,3,REVIEW,LEGACY,MEDIUM CONFIDENCE,1,bangla,1,4,36.998,Bangladesh demand + near-ranking opportunity + useful source,DATA QUALITY REVIEW
40,militant,https://ovidhan.net/word/militant.html,POOL A — OBSERVED BANGLADESH DEMAND,1,0,0.0,27.0,B,3,REVIEW,LEGACY,MEDIUM CONFIDENCE,1,bangla,1,3,36.82,Bangladesh demand + near-ranking opportunity + useful source,DATA QUALITY REVIEW
41,musk,https://ovidhan.net/word/musk.html,POOL A — OBSERVED BANGLADESH DEMAND,1,0,0.0,34.0,B,3,REVIEW,LEGACY,MEDIUM CONFIDENCE,1,bangla,1,3,36.82,Bangladesh demand + near-ranking opportunity + useful source,DATA QUALITY REVIEW
42,rudimentary,https://ovidhan.net/word/rudimentary.html,POOL A — OBSERVED BANGLADESH DEMAND,1,0,0.0,32.0,B,3,REVIEW,LEGACY,MEDIUM CONFIDENCE,1,bangla,1,3,36.82,Bangladesh demand + near-ranking opportunity + useful source,DATA QUALITY REVIEW
43,terrific,https://ovidhan.net/word/terrific.html,POOL A — OBSERVED BANGLADESH DEMAND,1,0,0.0,26.0,B,3,REVIEW,LEGACY,MEDIUM CONFIDENCE,1,bangla,1,3,36.82,Bangladesh demand + near-ranking opportunity + useful source,DATA QUALITY REVIEW
44,tunnel,https://ovidhan.net/word/tunnel.html,POOL A — OBSERVED BANGLADESH DEMAND,1,0,0.0,39.0,B,3,REVIEW,LEGACY,MEDIUM CONFIDENCE,1,bangla,1,3,36.82,Bangladesh demand + near-ranking opportunity + useful source,DATA QUALITY REVIEW
45,constellation,https://ovidhan.net/word/constellation.html,POOL A — OBSERVED BANGLADESH DEMAND,1,0,0.0,27.0,B,3,REVIEW,LEGACY,MEDIUM CONFIDENCE,1,bangla,1,2,36.59,Bangladesh demand + near-ranking opportunity + useful source,DATA QUALITY REVIEW
46,prologue,https://ovidhan.net/word/prologue.html,POOL A — OBSERVED BANGLADESH DEMAND,1,0,0.0,31.0,B,3,REVIEW,LEGACY,MEDIUM CONFIDENCE,1,bangla,1,2,36.59,Bangladesh demand + near-ranking opportunity + useful source,DATA QUALITY REVIEW
47,quake,https://ovidhan.net/word/quake.html,POOL A — OBSERVED BANGLADESH DEMAND,1,0,0.0,37.0,B,3,REVIEW,LEGACY,MEDIUM CONFIDENCE,1,bangla,1,2,36.59,Bangladesh demand + near-ranking opportunity + useful source,DATA QUALITY REVIEW
48,spectacular,https://ovidhan.net/word/spectacular.html,POOL A — OBSERVED BANGLADESH DEMAND,1,0,0.0,30.0,B,3,REVIEW,LEGACY,MEDIUM CONFIDENCE,1,bangla,1,2,36.59,Bangladesh demand + near-ranking opportunity + useful source,DATA QUALITY REVIEW
49,wallet,https://ovidhan.net/word/wallet.html,POOL A — OBSERVED BANGLADESH DEMAND,2,0,0.0,53.0,B,3,REVIEW,LEGACY,MEDIUM CONFIDENCE,1,bangla,1,4,36.256,Bangladesh demand + near-ranking opportunity + useful source,DATA QUALITY REVIEW
50,stalk,https://ovidhan.net/word/stalk.html,POOL A — OBSERVED BANGLADESH DEMAND,2,0,0.0,53.0,B,3,REVIEW,LEGACY,MEDIUM CONFIDENCE,1,bangla,1,3,36.077,Bangladesh demand + near-ranking opportunity + useful source,DATA QUALITY REVIEW
51,economical,https://ovidhan.net/word/economical.html,POOL A — OBSERVED BANGLADESH DEMAND,1,0,0.0,30.0,B,3,REVIEW,LEGACY,MEDIUM CONFIDENCE,1,bangla,1,0,35.711,Bangladesh demand + near-ranking opportunity + useful source,DATA QUALITY REVIEW
52,integrity,https://ovidhan.net/word/integrity.html,POOL A — OBSERVED BANGLADESH DEMAND,1,0,0.0,48.0,B,3,REVIEW,LEGACY,MEDIUM CONFIDENCE,1,bangla,1,0,35.711,Bangladesh demand + near-ranking opportunity + useful source,DATA QUALITY REVIEW
53,monumental,https://ovidhan.net/word/monumental.html,POOL A — OBSERVED BANGLADESH DEMAND,1,0,0.0,26.0,B,3,REVIEW,LEGACY,MEDIUM CONFIDENCE,1,bangla,1,0,35.711,Bangladesh demand + near-ranking opportunity + useful source,DATA QUALITY REVIEW
54,nun,https://ovidhan.net/word/nun.html,POOL A — OBSERVED BANGLADESH DEMAND,1,0,0.0,33.0,B,3,REVIEW,LEGACY,MEDIUM CONFIDENCE,1,bangla,1,0,35.711,Bangladesh demand + near-ranking opportunity + useful source,DATA QUALITY REVIEW
55,pedestrian,https://ovidhan.net/word/pedestrian.html,POOL A — OBSERVED BANGLADESH DEMAND,1,0,0.0,25.0,B,3,REVIEW,LEGACY,MEDIUM CONFIDENCE,1,bangla,1,0,35.711,Bangladesh demand + near-ranking opportunity + useful source,DATA QUALITY REVIEW
56,shout,https://ovidhan.net/word/shout.html,POOL A — OBSERVED BANGLADESH DEMAND,1,0,0.0,49.0,B,3,REVIEW,LEGACY,MEDIUM CONFIDENCE,1,bangla,1,0,35.711,Bangladesh demand + near-ranking opportunity + useful source,DATA QUALITY REVIEW
57,swing,https://ovidhan.net/word/swing.html,POOL A — OBSERVED BANGLADESH DEMAND,1,0,0.0,45.0,B,3,REVIEW,LEGACY,MEDIUM CONFIDENCE,1,bangla,1,0,35.711,Bangladesh demand + near-ranking opportunity + useful source,DATA QUALITY REVIEW
58,sympathy,https://ovidhan.net/word/sympathy.html,POOL A — OBSERVED BANGLADESH DEMAND,1,0,0.0,38.0,B,3,REVIEW,LEGACY,MEDIUM CONFIDENCE,1,bangla,1,0,35.711,Bangladesh demand + near-ranking opportunity + useful source,DATA QUALITY REVIEW
59,torch,https://ovidhan.net/word/torch.html,POOL A — OBSERVED BANGLADESH DEMAND,1,0,0.0,34.0,B,3,REVIEW,LEGACY,MEDIUM CONFIDENCE,1,bangla,1,0,35.711,Bangladesh demand + near-ranking opportunity + useful source,DATA QUALITY REVIEW
60,wagon,https://ovidhan.net/word/wagon.html,POOL A — OBSERVED BANGLADESH DEMAND,1,0,0.0,36.0,B,3,REVIEW,LEGACY,MEDIUM CONFIDENCE,1,bangla,1,0,35.711,Bangladesh demand + near-ranking opportunity + useful source,DATA QUALITY REVIEW
61,subside,https://ovidhan.net/word/subside.html,POOL A — OBSERVED BANGLADESH DEMAND,1,0,0.0,42.0,B,3,REVIEW,LEGACY,MEDIUM CONFIDENCE,1,bangla,0,6,35.535,Bangladesh demand + near-ranking opportunity + useful source,DATA QUALITY REVIEW
62,quarry,https://ovidhan.net/word/quarry.html,POOL A — OBSERVED BANGLADESH DEMAND,1,0,0.0,37.0,B,3,REVIEW,LEGACY,MEDIUM CONFIDENCE,1,bangla,0,3,35.087,Bangladesh demand + near-ranking opportunity + useful source,DATA QUALITY REVIEW
63,vocabulary,https://ovidhan.net/word/vocabulary.html,POOL A — OBSERVED BANGLADESH DEMAND,1,0,0.0,52.0,B,3,REVIEW,LEGACY,MEDIUM CONFIDENCE,1,bangla,7,2,35.056,Bangladesh demand + near-ranking opportunity + useful source,DATA QUALITY REVIEW
64,nevertheless,https://ovidhan.net/word/nevertheless.html,POOL A — OBSERVED BANGLADESH DEMAND,1,0,0.0,47.0,B,3,REVIEW,LEGACY,MEDIUM CONFIDENCE,1,bangla,0,2,34.857,Bangladesh demand + near-ranking opportunity + useful source,DATA QUALITY REVIEW
65,spine,https://ovidhan.net/word/spine.html,POOL A — OBSERVED BANGLADESH DEMAND,1,0,0.0,32.0,B,3,REVIEW,LEGACY,MEDIUM CONFIDENCE,1,bangla,0,2,34.857,Bangladesh demand + near-ranking opportunity + useful source,DATA QUALITY REVIEW
66,stab,https://ovidhan.net/word/stab.html,POOL A — OBSERVED BANGLADESH DEMAND,1,0,0.0,46.0,B,3,REVIEW,LEGACY,MEDIUM CONFIDENCE,1,bangla,0,2,34.857,Bangladesh demand + near-ranking opportunity + useful source,DATA QUALITY REVIEW
67,ultimatum,https://ovidhan.net/word/ultimatum.html,POOL A — OBSERVED BANGLADESH DEMAND,1,0,0.0,50.0,B,3,REVIEW,LEGACY,MEDIUM CONFIDENCE,1,bangla,0,2,34.857,Bangladesh demand + near-ranking opportunity + useful source,DATA QUALITY REVIEW
68,quantum,https://ovidhan.net/word/quantum.html,POOL A — OBSERVED BANGLADESH DEMAND,2,0,0.0,68.0,B,3,REVIEW,LEGACY,MEDIUM CONFIDENCE,1,bangla,0,6,34.792,Bangladesh demand + near-ranking opportunity + useful source,DATA QUALITY REVIEW
69,moss,https://ovidhan.net/word/moss.html,POOL A — OBSERVED BANGLADESH DEMAND,2,0,0.0,57.0,B,3,REVIEW,LEGACY,MEDIUM CONFIDENCE,1,bangla,0,5,34.669,Bangladesh demand + near-ranking opportunity + useful source,DATA QUALITY REVIEW
70,sneeze,https://ovidhan.net/word/sneeze.html,POOL A — OBSERVED BANGLADESH DEMAND,2,0,0.0,56.5,B,3,REVIEW,LEGACY,MEDIUM CONFIDENCE,1,bangla,0,4,34.523,Bangladesh demand + near-ranking opportunity + useful source,DATA QUALITY REVIEW
71,vanish,https://ovidhan.net/word/vanish.html,POOL A — OBSERVED BANGLADESH DEMAND,2,0,0.0,70.0,B,3,REVIEW,LEGACY,MEDIUM CONFIDENCE,1,bangla,0,4,34.523,Bangladesh demand + near-ranking opportunity + useful source,DATA QUALITY REVIEW
72,equable,https://ovidhan.net/word/equable.html,POOL A — OBSERVED BANGLADESH DEMAND,1,0,0.0,39.0,B,3,REVIEW,LEGACY,MEDIUM CONFIDENCE,1,bangla,0,0,33.978,Bangladesh demand + near-ranking opportunity + useful source,DATA QUALITY REVIEW
73,hallmark,https://ovidhan.net/word/hallmark.html,POOL A — OBSERVED BANGLADESH DEMAND,1,0,0.0,42.0,B,3,REVIEW,LEGACY,MEDIUM CONFIDENCE,1,bangla,0,0,33.978,Bangladesh demand + near-ranking opportunity + useful source,DATA QUALITY REVIEW
74,sad,https://ovidhan.net/word/sad.html,POOL A — OBSERVED BANGLADESH DEMAND,1,0,0.0,45.0,B,3,REVIEW,LEGACY,MEDIUM CONFIDENCE,1,bangla,0,0,33.978,Bangladesh demand + near-ranking opportunity + useful source,DATA QUALITY REVIEW
75,slant,https://ovidhan.net/word/slant.html,POOL A — OBSERVED BANGLADESH DEMAND,1,0,0.0,39.0,B,3,REVIEW,LEGACY,MEDIUM CONFIDENCE,1,bangla,0,0,33.978,Bangladesh demand + near-ranking opportunity + useful source,DATA QUALITY REVIEW
76,slobber,https://ovidhan.net/word/slobber.html,POOL A — OBSERVED BANGLADESH DEMAND,1,0,0.0,23.0,B,3,REVIEW,LEGACY,MEDIUM CONFIDENCE,1,bangla,0,0,33.978,Bangladesh demand + near-ranking opportunity + useful source,DATA QUALITY REVIEW
77,suppose,https://ovidhan.net/word/suppose.html,POOL A — OBSERVED BANGLADESH DEMAND,1,0,0.0,36.0,B,3,REVIEW,LEGACY,MEDIUM CONFIDENCE,1,bangla,0,0,33.978,Bangladesh demand + near-ranking opportunity + useful source,DATA QUALITY REVIEW
78,tear,https://ovidhan.net/word/tear.html,POOL A — OBSERVED BANGLADESH DEMAND,1,0,0.0,46.0,B,3,REVIEW,LEGACY,MEDIUM CONFIDENCE,1,bangla,0,0,33.978,Bangladesh demand + near-ranking opportunity + useful source,DATA QUALITY REVIEW
79,deficit,https://ovidhan.net/word/deficit.html,POOL A — OBSERVED BANGLADESH DEMAND,1,0,0.0,69.0,B,3,REVIEW,LEGACY,MEDIUM CONFIDENCE,1,bangla,1,0,30.711,Bangladesh demand + near-ranking opportunity + useful source,DATA QUALITY REVIEW
80,stroke,https://ovidhan.net/word/stroke.html,POOL A — OBSERVED BANGLADESH DEMAND,1,0,0.0,54.0,B,3,REVIEW,LEGACY,MEDIUM CONFIDENCE,1,bangla,1,0,30.711,Bangladesh demand + near-ranking opportunity + useful source,DATA QUALITY REVIEW
81,telescope,https://ovidhan.net/word/telescope.html,POOL A — OBSERVED BANGLADESH DEMAND,1,0,0.0,58.0,B,3,REVIEW,LEGACY,MEDIUM CONFIDENCE,1,bangla,1,0,30.711,Bangladesh demand + near-ranking opportunity + useful source,DATA QUALITY REVIEW
82,shy,https://ovidhan.net/word/shy.html,POOL A — OBSERVED BANGLADESH DEMAND,1,0,0.0,87.0,B,3,REVIEW,LEGACY,MEDIUM CONFIDENCE,1,bangla,0,4,30.266,Bangladesh demand + near-ranking opportunity + useful source,DATA QUALITY REVIEW
83,manipulate,https://ovidhan.net/word/manipulate.html,POOL A — OBSERVED BANGLADESH DEMAND,1,0,0.0,53.0,B,3,REVIEW,LEGACY,MEDIUM CONFIDENCE,1,bangla,0,3,30.087,Bangladesh demand + near-ranking opportunity + useful source,DATA QUALITY REVIEW
84,friction,https://ovidhan.net/word/friction.html,POOL A — OBSERVED BANGLADESH DEMAND,1,0,0.0,51.0,B,3,REVIEW,LEGACY,MEDIUM CONFIDENCE,1,bangla,0,2,29.857,Bangladesh demand + near-ranking opportunity + useful source,DATA QUALITY REVIEW
85,mess,https://ovidhan.net/word/mess.html,POOL A — OBSERVED BANGLADESH DEMAND,1,0,0.0,62.0,B,3,REVIEW,LEGACY,MEDIUM CONFIDENCE,1,bangla,0,2,29.857,Bangladesh demand + near-ranking opportunity + useful source,DATA QUALITY REVIEW
86,offset,https://ovidhan.net/word/offset.html,POOL A — OBSERVED BANGLADESH DEMAND,1,0,0.0,92.0,B,3,REVIEW,LEGACY,MEDIUM CONFIDENCE,1,bangla,0,2,29.857,Bangladesh demand + near-ranking opportunity + useful source,DATA QUALITY REVIEW
87,rant,https://ovidhan.net/word/rant.html,POOL A — OBSERVED BANGLADESH DEMAND,1,0,0.0,58.0,B,3,REVIEW,LEGACY,MEDIUM CONFIDENCE,1,bangla,0,2,29.857,Bangladesh demand + near-ranking opportunity + useful source,DATA QUALITY REVIEW
88,reckon,https://ovidhan.net/word/reckon.html,POOL A — OBSERVED BANGLADESH DEMAND,1,0,0.0,76.0,B,3,REVIEW,LEGACY,MEDIUM CONFIDENCE,1,bangla,0,2,29.857,Bangladesh demand + near-ranking opportunity + useful source,DATA QUALITY REVIEW
89,velocity,https://ovidhan.net/word/velocity.html,POOL A — OBSERVED BANGLADESH DEMAND,1,0,0.0,70.0,B,3,REVIEW,LEGACY,MEDIUM CONFIDENCE,1,bangla,0,2,29.857,Bangladesh demand + near-ranking opportunity + useful source,DATA QUALITY REVIEW
90,crunch,https://ovidhan.net/word/crunch.html,POOL A — OBSERVED BANGLADESH DEMAND,1,0,0.0,78.0,B,3,REVIEW,LEGACY,MEDIUM CONFIDENCE,1,bangla,0,0,28.978,Bangladesh demand + near-ranking opportunity + useful source,DATA QUALITY REVIEW
91,lash,https://ovidhan.net/word/lash.html,POOL A — OBSERVED BANGLADESH DEMAND,1,0,0.0,83.0,B,3,REVIEW,LEGACY,MEDIUM CONFIDENCE,1,bangla,0,0,28.978,Bangladesh demand + near-ranking opportunity + useful source,DATA QUALITY REVIEW
92,nest,https://ovidhan.net/word/nest.html,POOL A — OBSERVED BANGLADESH DEMAND,1,0,0.0,74.0,B,3,REVIEW,LEGACY,MEDIUM CONFIDENCE,1,bangla,0,0,28.978,Bangladesh demand + near-ranking opportunity + useful source,DATA QUALITY REVIEW
93,opportune,https://ovidhan.net/word/opportune.html,POOL A — OBSERVED BANGLADESH DEMAND,1,0,0.0,57.0,B,3,REVIEW,LEGACY,MEDIUM CONFIDENCE,1,bangla,0,0,28.978,Bangladesh demand + near-ranking opportunity + useful source,DATA QUALITY REVIEW
94,phenomenon,https://ovidhan.net/word/phenomenon.html,POOL A — OBSERVED BANGLADESH DEMAND,1,0,0.0,55.0,B,3,REVIEW,LEGACY,MEDIUM CONFIDENCE,1,bangla,0,0,28.978,Bangladesh demand + near-ranking opportunity + useful source,DATA QUALITY REVIEW
95,reassure,https://ovidhan.net/word/reassure.html,POOL A — OBSERVED BANGLADESH DEMAND,1,0,0.0,54.0,B,3,REVIEW,LEGACY,MEDIUM CONFIDENCE,1,bangla,0,0,28.978,Bangladesh demand + near-ranking opportunity + useful source,DATA QUALITY REVIEW
96,recital,https://ovidhan.net/word/recital.html,POOL A — OBSERVED BANGLADESH DEMAND,1,0,0.0,72.0,B,3,REVIEW,LEGACY,MEDIUM CONFIDENCE,1,bangla,0,0,28.978,Bangladesh demand + near-ranking opportunity + useful source,DATA QUALITY REVIEW
97,squash,https://ovidhan.net/word/squash.html,POOL A — OBSERVED BANGLADESH DEMAND,1,0,0.0,69.0,B,3,REVIEW,LEGACY,MEDIUM CONFIDENCE,1,bangla,0,0,28.978,Bangladesh demand + near-ranking opportunity + useful source,DATA QUALITY REVIEW
98,wash,https://ovidhan.net/word/wash.html,POOL A — OBSERVED BANGLADESH DEMAND,1,0,0.0,51.0,B,3,REVIEW,LEGACY,MEDIUM CONFIDENCE,1,bangla,0,0,28.978,Bangladesh demand + near-ranking opportunity + useful source,DATA QUALITY REVIEW
99,wipe,https://ovidhan.net/word/wipe.html,POOL A — OBSERVED BANGLADESH DEMAND,1,0,0.0,53.0,B,3,REVIEW,LEGACY,MEDIUM CONFIDENCE,1,bangla,0,0,28.978,Bangladesh demand + near-ranking opportunity + useful source,DATA QUALITY REVIEW
100,withdrawal,https://ovidhan.net/word/withdrawal.html,POOL A — OBSERVED BANGLADESH DEMAND,1,0,0.0,82.0,B,3,REVIEW,LEGACY,MEDIUM CONFIDENCE,1,bangla,0,0,28.978,Bangladesh demand + near-ranking opportunity + useful source,DATA QUALITY REVIEW
101,meaning,https://ovidhan.net/word/meaning.html,POOL B — HIGH-QUALITY DISCOVERY,0,0,0,0,A,7,REVIEW,LEGACY,LOW CONFIDENCE,4,bangla;definition;part_of_speech;example,664,0,42.3,Tier A/B source quality; discovery candidate requiring external demand data,CONTENT REVIEW
102,in,https://ovidhan.net/word/in.html,POOL B — HIGH-QUALITY DISCOVERY,0,0,0,0,A,7,REVIEW,LEGACY,LOW CONFIDENCE,4,bangla;definition;part_of_speech;example,657,0,42.3,Tier A/B source quality; discovery candidate requiring external demand data,CONTENT REVIEW
103,rules,https://ovidhan.net/word/rules.html,POOL B — HIGH-QUALITY DISCOVERY,0,0,0,0,A,7,REVIEW,LEGACY,LOW CONFIDENCE,4,bangla;definition;part_of_speech;example,19,0,42.3,Tier A/B source quality; discovery candidate requiring external demand data,CONTENT REVIEW
104,english,https://ovidhan.net/word/english.html,POOL B — HIGH-QUALITY DISCOVERY,0,0,0,0,A,7,REVIEW,LEGACY,LOW CONFIDENCE,4,bangla;definition;part_of_speech;example,11,0,41.512,Tier A/B source quality; discovery candidate requiring external demand data,CONTENT REVIEW
105,net,https://ovidhan.net/word/net.html,POOL B — HIGH-QUALITY DISCOVERY,0,0,0,0,A,7,REVIEW,LEGACY,LOW CONFIDENCE,4,bangla;definition;part_of_speech;example,4,9,41.166,Tier A/B source quality; discovery candidate requiring external demand data,CONTENT REVIEW
106,dictionary,https://ovidhan.net/word/dictionary.html,POOL B — HIGH-QUALITY DISCOVERY,0,0,0,0,A,7,REVIEW,LEGACY,LOW CONFIDENCE,4,bangla;definition;part_of_speech;example,7,0,40.499,Tier A/B source quality; discovery candidate requiring external demand data,CONTENT REVIEW
107,soft,https://ovidhan.net/word/soft.html,POOL B — HIGH-QUALITY DISCOVERY,0,0,0,0,A,7,REVIEW,LEGACY,LOW CONFIDENCE,4,bangla;definition;part_of_speech;example,4,0,39.324,Tier A/B source quality; discovery candidate requiring external demand data,CONTENT REVIEW
108,worth,https://ovidhan.net/word/worth.html,POOL B — HIGH-QUALITY DISCOVERY,0,0,0,0,A,7,REVIEW,LEGACY,LOW CONFIDENCE,4,bangla;definition;part_of_speech;example,4,0,39.324,Tier A/B source quality; discovery candidate requiring external demand data,CONTENT REVIEW
109,examples,https://ovidhan.net/word/examples.html,POOL B — HIGH-QUALITY DISCOVERY,0,0,0,0,A,7,REVIEW,LEGACY,LOW CONFIDENCE,4,bangla;definition;part_of_speech;example,2,2,38.925,Tier A/B source quality; discovery candidate requiring external demand data,CONTENT REVIEW
110,slow,https://ovidhan.net/word/slow.html,POOL B — HIGH-QUALITY DISCOVERY,0,0,0,0,A,7,REVIEW,LEGACY,LOW CONFIDENCE,4,bangla;definition;part_of_speech;example,3,0,38.766,Tier A/B source quality; discovery candidate requiring external demand data,CONTENT REVIEW
111,except,https://ovidhan.net/word/except.html,POOL B — HIGH-QUALITY DISCOVERY,0,0,0,0,A,7,REVIEW,LEGACY,LOW CONFIDENCE,4,bangla;definition;part_of_speech;example,2,0,38.047,Tier A/B source quality; discovery candidate requiring external demand data,CONTENT REVIEW
112,forms,https://ovidhan.net/word/forms.html,POOL B — HIGH-QUALITY DISCOVERY,0,0,0,0,A,7,REVIEW,LEGACY,LOW CONFIDENCE,4,bangla;definition;part_of_speech;example,2,0,38.047,Tier A/B source quality; discovery candidate requiring external demand data,CONTENT REVIEW
113,notice,https://ovidhan.net/word/notice.html,POOL B — HIGH-QUALITY DISCOVERY,0,0,0,0,A,7,REVIEW,LEGACY,LOW CONFIDENCE,4,bangla;definition;part_of_speech;example,2,0,38.047,Tier A/B source quality; discovery candidate requiring external demand data,CONTENT REVIEW
114,online,https://ovidhan.net/word/online.html,POOL B — HIGH-QUALITY DISCOVERY,0,0,0,0,A,7,REVIEW,LEGACY,LOW CONFIDENCE,4,bangla;definition;part_of_speech;example,2,0,38.047,Tier A/B source quality; discovery candidate requiring external demand data,CONTENT REVIEW
115,producing,https://ovidhan.net/word/producing.html,POOL B — HIGH-QUALITY DISCOVERY,0,0,0,0,A,7,REVIEW,LEGACY,LOW CONFIDENCE,4,bangla;definition;part_of_speech;example,0,10,37.218,Tier A/B source quality; discovery candidate requiring external demand data,CONTENT REVIEW
116,translation,https://ovidhan.net/word/translation.html,POOL B — HIGH-QUALITY DISCOVERY,0,0,0,0,A,7,REVIEW,LEGACY,LOW CONFIDENCE,4,bangla;definition;part_of_speech;example,0,9,37.142,Tier A/B source quality; discovery candidate requiring external demand data,CONTENT REVIEW
117,by,https://ovidhan.net/word/by.html,POOL B — HIGH-QUALITY DISCOVERY,0,0,0,0,A,7,REVIEW,LEGACY,LOW CONFIDENCE,4,bangla;definition;part_of_speech;example,1,0,37.033,Tier A/B source quality; discovery candidate requiring external demand data,CONTENT REVIEW
118,economic,https://ovidhan.net/word/economic.html,POOL B — HIGH-QUALITY DISCOVERY,0,0,0,0,A,7,REVIEW,LEGACY,LOW CONFIDENCE,4,bangla;definition;part_of_speech;example,1,0,37.033,Tier A/B source quality; discovery candidate requiring external demand data,CONTENT REVIEW
119,example,https://ovidhan.net/word/example.html,POOL B — HIGH-QUALITY DISCOVERY,0,0,0,0,A,7,REVIEW,LEGACY,LOW CONFIDENCE,4,bangla;definition;part_of_speech;example,1,0,37.033,Tier A/B source quality; discovery candidate requiring external demand data,CONTENT REVIEW
120,finder,https://ovidhan.net/word/finder.html,POOL B — HIGH-QUALITY DISCOVERY,0,0,0,0,A,7,REVIEW,LEGACY,LOW CONFIDENCE,4,bangla;definition;part_of_speech;example,1,0,37.033,Tier A/B source quality; discovery candidate requiring external demand data,CONTENT REVIEW
121,liberal,https://ovidhan.net/word/liberal.html,POOL B — HIGH-QUALITY DISCOVERY,0,0,0,0,A,7,REVIEW,LEGACY,LOW CONFIDENCE,4,bangla;definition;part_of_speech;example,1,0,37.033,Tier A/B source quality; discovery candidate requiring external demand data,CONTENT REVIEW
122,manufacturer,https://ovidhan.net/word/manufacturer.html,POOL B — HIGH-QUALITY DISCOVERY,0,0,0,0,A,7,REVIEW,LEGACY,LOW CONFIDENCE,4,bangla;definition;part_of_speech;example,1,0,37.033,Tier A/B source quality; discovery candidate requiring external demand data,CONTENT REVIEW
123,max,https://ovidhan.net/word/max.html,POOL B — HIGH-QUALITY DISCOVERY,0,0,0,0,A,7,REVIEW,LEGACY,LOW CONFIDENCE,4,bangla;definition;part_of_speech;example,1,0,37.033,Tier A/B source quality; discovery candidate requiring external demand data,CONTENT REVIEW
124,mayor,https://ovidhan.net/word/mayor.html,POOL B — HIGH-QUALITY DISCOVERY,0,0,0,0,A,7,REVIEW,LEGACY,LOW CONFIDENCE,4,bangla;definition;part_of_speech;example,1,0,37.033,Tier A/B source quality; discovery candidate requiring external demand data,CONTENT REVIEW
125,meet,https://ovidhan.net/word/meet.html,POOL B — HIGH-QUALITY DISCOVERY,0,0,0,0,A,7,REVIEW,LEGACY,LOW CONFIDENCE,4,bangla;definition;part_of_speech;example,1,0,37.033,Tier A/B source quality; discovery candidate requiring external demand data,CONTENT REVIEW
126,municipal,https://ovidhan.net/word/municipal.html,POOL B — HIGH-QUALITY DISCOVERY,0,0,0,0,A,7,REVIEW,LEGACY,LOW CONFIDENCE,4,bangla;definition;part_of_speech;example,1,0,37.033,Tier A/B source quality; discovery candidate requiring external demand data,CONTENT REVIEW
127,not,https://ovidhan.net/word/not.html,POOL B — HIGH-QUALITY DISCOVERY,0,0,0,0,A,7,REVIEW,LEGACY,LOW CONFIDENCE,4,bangla;definition;part_of_speech;example,1,0,37.033,Tier A/B source quality; discovery candidate requiring external demand data,CONTENT REVIEW
128,off,https://ovidhan.net/word/off.html,POOL B — HIGH-QUALITY DISCOVERY,0,0,0,0,A,7,REVIEW,LEGACY,LOW CONFIDENCE,4,bangla;definition;part_of_speech;example,1,0,37.033,Tier A/B source quality; discovery candidate requiring external demand data,CONTENT REVIEW
129,officer,https://ovidhan.net/word/officer.html,POOL B — HIGH-QUALITY DISCOVERY,0,0,0,0,A,7,REVIEW,LEGACY,LOW CONFIDENCE,4,bangla;definition;part_of_speech;example,1,0,37.033,Tier A/B source quality; discovery candidate requiring external demand data,CONTENT REVIEW
130,over,https://ovidhan.net/word/over.html,POOL B — HIGH-QUALITY DISCOVERY,0,0,0,0,A,7,REVIEW,LEGACY,LOW CONFIDENCE,4,bangla;definition;part_of_speech;example,1,0,37.033,Tier A/B source quality; discovery candidate requiring external demand data,CONTENT REVIEW
131,parts,https://ovidhan.net/word/parts.html,POOL B — HIGH-QUALITY DISCOVERY,0,0,0,0,A,7,REVIEW,LEGACY,LOW CONFIDENCE,4,bangla;definition;part_of_speech;example,1,0,37.033,Tier A/B source quality; discovery candidate requiring external demand data,CONTENT REVIEW
132,pattern,https://ovidhan.net/word/pattern.html,POOL B — HIGH-QUALITY DISCOVERY,0,0,0,0,A,7,REVIEW,LEGACY,LOW CONFIDENCE,4,bangla;definition;part_of_speech;example,1,0,37.033,Tier A/B source quality; discovery candidate requiring external demand data,CONTENT REVIEW
133,quest,https://ovidhan.net/word/quest.html,POOL B — HIGH-QUALITY DISCOVERY,0,0,0,0,A,7,REVIEW,LEGACY,LOW CONFIDENCE,4,bangla;definition;part_of_speech;example,1,0,37.033,Tier A/B source quality; discovery candidate requiring external demand data,CONTENT REVIEW
134,question,https://ovidhan.net/word/question.html,POOL B — HIGH-QUALITY DISCOVERY,0,0,0,0,A,7,REVIEW,LEGACY,LOW CONFIDENCE,4,bangla;definition;part_of_speech;example,1,0,37.033,Tier A/B source quality; discovery candidate requiring external demand data,CONTENT REVIEW
135,right,https://ovidhan.net/word/right.html,POOL B — HIGH-QUALITY DISCOVERY,0,0,0,0,A,7,REVIEW,LEGACY,LOW CONFIDENCE,4,bangla;definition;part_of_speech;example,1,0,37.033,Tier A/B source quality; discovery candidate requiring external demand data,CONTENT REVIEW
136,second,https://ovidhan.net/word/second.html,POOL B — HIGH-QUALITY DISCOVERY,0,0,0,0,A,7,REVIEW,LEGACY,LOW CONFIDENCE,4,bangla;definition;part_of_speech;example,1,0,37.033,Tier A/B source quality; discovery candidate requiring external demand data,CONTENT REVIEW
137,south,https://ovidhan.net/word/south.html,POOL B — HIGH-QUALITY DISCOVERY,0,0,0,0,A,7,REVIEW,LEGACY,LOW CONFIDENCE,4,bangla;definition;part_of_speech;example,1,0,37.033,Tier A/B source quality; discovery candidate requiring external demand data,CONTENT REVIEW
138,speech,https://ovidhan.net/word/speech.html,POOL B — HIGH-QUALITY DISCOVERY,0,0,0,0,A,7,REVIEW,LEGACY,LOW CONFIDENCE,4,bangla;definition;part_of_speech;example,1,0,37.033,Tier A/B source quality; discovery candidate requiring external demand data,CONTENT REVIEW
139,supposed,https://ovidhan.net/word/supposed.html,POOL B — HIGH-QUALITY DISCOVERY,0,0,0,0,A,7,REVIEW,LEGACY,LOW CONFIDENCE,4,bangla;definition;part_of_speech;example,1,0,37.033,Tier A/B source quality; discovery candidate requiring external demand data,CONTENT REVIEW
140,switch,https://ovidhan.net/word/switch.html,POOL B — HIGH-QUALITY DISCOVERY,0,0,0,0,A,7,REVIEW,LEGACY,LOW CONFIDENCE,4,bangla;definition;part_of_speech;example,1,0,37.033,Tier A/B source quality; discovery candidate requiring external demand data,CONTENT REVIEW
141,take,https://ovidhan.net/word/take.html,POOL B — HIGH-QUALITY DISCOVERY,0,0,0,0,A,7,REVIEW,LEGACY,LOW CONFIDENCE,4,bangla;definition;part_of_speech;example,1,0,37.033,Tier A/B source quality; discovery candidate requiring external demand data,CONTENT REVIEW
142,throw,https://ovidhan.net/word/throw.html,POOL B — HIGH-QUALITY DISCOVERY,0,0,0,0,A,7,REVIEW,LEGACY,LOW CONFIDENCE,4,bangla;definition;part_of_speech;example,1,0,37.033,Tier A/B source quality; discovery candidate requiring external demand data,CONTENT REVIEW
143,trade,https://ovidhan.net/word/trade.html,POOL B — HIGH-QUALITY DISCOVERY,0,0,0,0,A,7,REVIEW,LEGACY,LOW CONFIDENCE,4,bangla;definition;part_of_speech;example,1,0,37.033,Tier A/B source quality; discovery candidate requiring external demand data,CONTENT REVIEW
144,university,https://ovidhan.net/word/university.html,POOL B — HIGH-QUALITY DISCOVERY,0,0,0,0,A,7,REVIEW,LEGACY,LOW CONFIDENCE,4,bangla;definition;part_of_speech;example,1,0,37.033,Tier A/B source quality; discovery candidate requiring external demand data,CONTENT REVIEW
145,up,https://ovidhan.net/word/up.html,POOL B — HIGH-QUALITY DISCOVERY,0,0,0,0,A,7,REVIEW,LEGACY,LOW CONFIDENCE,4,bangla;definition;part_of_speech;example,1,0,37.033,Tier A/B source quality; discovery candidate requiring external demand data,CONTENT REVIEW
146,world,https://ovidhan.net/word/world.html,POOL B — HIGH-QUALITY DISCOVERY,0,0,0,0,A,7,REVIEW,LEGACY,LOW CONFIDENCE,4,bangla;definition;part_of_speech;example,1,0,37.033,Tier A/B source quality; discovery candidate requiring external demand data,CONTENT REVIEW
147,yard,https://ovidhan.net/word/yard.html,POOL B — HIGH-QUALITY DISCOVERY,0,0,0,0,A,7,REVIEW,LEGACY,LOW CONFIDENCE,4,bangla;definition;part_of_speech;example,1,0,37.033,Tier A/B source quality; discovery candidate requiring external demand data,CONTENT REVIEW
148,creating,https://ovidhan.net/word/creating.html,POOL B — HIGH-QUALITY DISCOVERY,0,0,0,0,A,7,REVIEW,LEGACY,LOW CONFIDENCE,4,bangla;definition;part_of_speech;example,0,7,36.964,Tier A/B source quality; discovery candidate requiring external demand data,CONTENT REVIEW
149,smaller,https://ovidhan.net/word/smaller.html,POOL B — HIGH-QUALITY DISCOVERY,0,0,0,0,A,7,REVIEW,LEGACY,LOW CONFIDENCE,4,bangla;definition;part_of_speech;example,0,5,36.733,Tier A/B source quality; discovery candidate requiring external demand data,CONTENT REVIEW
150,must,https://ovidhan.net/word/must.html,POOL B — HIGH-QUALITY DISCOVERY,0,0,0,0,A,7,REVIEW,LEGACY,LOW CONFIDENCE,4,bangla;definition;part_of_speech;example,0,4,36.588,Tier A/B source quality; discovery candidate requiring external demand data,CONTENT REVIEW
151,creates,https://ovidhan.net/word/creates.html,POOL B — HIGH-QUALITY DISCOVERY,0,0,0,0,A,7,REVIEW,LEGACY,LOW CONFIDENCE,4,bangla;definition;part_of_speech;example,0,2,36.179,Tier A/B source quality; discovery candidate requiring external demand data,CONTENT REVIEW
152,establish,https://ovidhan.net/word/establish.html,POOL B — HIGH-QUALITY DISCOVERY,0,0,0,0,A,7,REVIEW,LEGACY,LOW CONFIDENCE,4,bangla;definition;part_of_speech;example,0,2,36.179,Tier A/B source quality; discovery candidate requiring external demand data,CONTENT REVIEW
153,faces,https://ovidhan.net/word/faces.html,POOL B — HIGH-QUALITY DISCOVERY,0,0,0,0,A,7,REVIEW,LEGACY,LOW CONFIDENCE,4,bangla;definition;part_of_speech;example,0,2,36.179,Tier A/B source quality; discovery candidate requiring external demand data,CONTENT REVIEW
154,having,https://ovidhan.net/word/having.html,POOL B — HIGH-QUALITY DISCOVERY,0,0,0,0,A,7,REVIEW,LEGACY,LOW CONFIDENCE,4,bangla;definition;part_of_speech;example,0,2,36.179,Tier A/B source quality; discovery candidate requiring external demand data,CONTENT REVIEW
155,organisations,https://ovidhan.net/word/organisations.html,POOL B — HIGH-QUALITY DISCOVERY,0,0,0,0,A,7,REVIEW,LEGACY,LOW CONFIDENCE,4,bangla;definition;part_of_speech;example,0,2,36.179,Tier A/B source quality; discovery candidate requiring external demand data,CONTENT REVIEW
156,unable,https://ovidhan.net/word/unable.html,POOL B — HIGH-QUALITY DISCOVERY,0,0,0,0,A,7,REVIEW,LEGACY,LOW CONFIDENCE,4,bangla;definition;part_of_speech;example,0,2,36.179,Tier A/B source quality; discovery candidate requiring external demand data,CONTENT REVIEW
157,boots,https://ovidhan.net/word/boots.html,POOL B — HIGH-QUALITY DISCOVERY,0,0,0,0,A,7,REVIEW,LEGACY,LOW CONFIDENCE,4,bangla;definition;part_of_speech;example,0,0,35.3,Tier A/B source quality; discovery candidate requiring external demand data,CONTENT REVIEW
158,booty,https://ovidhan.net/word/booty.html,POOL B — HIGH-QUALITY DISCOVERY,0,0,0,0,A,7,REVIEW,LEGACY,LOW CONFIDENCE,4,bangla;definition;part_of_speech;example,0,0,35.3,Tier A/B source quality; discovery candidate requiring external demand data,CONTENT REVIEW
159,border,https://ovidhan.net/word/border.html,POOL B — HIGH-QUALITY DISCOVERY,0,0,0,0,A,7,REVIEW,LEGACY,LOW CONFIDENCE,4,bangla;definition;part_of_speech;example,0,0,35.3,Tier A/B source quality; discovery candidate requiring external demand data,CONTENT REVIEW
160,born,https://ovidhan.net/word/born.html,POOL B — HIGH-QUALITY DISCOVERY,0,0,0,0,A,7,REVIEW,LEGACY,LOW CONFIDENCE,4,bangla;definition;part_of_speech;example,0,0,35.3,Tier A/B source quality; discovery candidate requiring external demand data,CONTENT REVIEW
161,boss,https://ovidhan.net/word/boss.html,POOL B — HIGH-QUALITY DISCOVERY,0,0,0,0,A,7,REVIEW,LEGACY,LOW CONFIDENCE,4,bangla;definition;part_of_speech;example,0,0,35.3,Tier A/B source quality; discovery candidate requiring external demand data,CONTENT REVIEW
162,boston,https://ovidhan.net/word/boston.html,POOL B — HIGH-QUALITY DISCOVERY,0,0,0,0,A,7,REVIEW,LEGACY,LOW CONFIDENCE,4,bangla;definition;part_of_speech;example,0,0,35.3,Tier A/B source quality; discovery candidate requiring external demand data,CONTENT REVIEW
163,both,https://ovidhan.net/word/both.html,POOL B — HIGH-QUALITY DISCOVERY,0,0,0,0,A,7,REVIEW,LEGACY,LOW CONFIDENCE,4,bangla;definition;part_of_speech;example,0,0,35.3,Tier A/B source quality; discovery candidate requiring external demand data,CONTENT REVIEW
164,bottle,https://ovidhan.net/word/bottle.html,POOL B — HIGH-QUALITY DISCOVERY,0,0,0,0,A,7,REVIEW,LEGACY,LOW CONFIDENCE,4,bangla;definition;part_of_speech;example,0,0,35.3,Tier A/B source quality; discovery candidate requiring external demand data,CONTENT REVIEW
165,bottom,https://ovidhan.net/word/bottom.html,POOL B — HIGH-QUALITY DISCOVERY,0,0,0,0,A,7,REVIEW,LEGACY,LOW CONFIDENCE,4,bangla;definition;part_of_speech;example,0,0,35.3,Tier A/B source quality; discovery candidate requiring external demand data,CONTENT REVIEW
166,bought,https://ovidhan.net/word/bought.html,POOL B — HIGH-QUALITY DISCOVERY,0,0,0,0,A,7,REVIEW,LEGACY,LOW CONFIDENCE,4,bangla;definition;part_of_speech;example,0,0,35.3,Tier A/B source quality; discovery candidate requiring external demand data,CONTENT REVIEW
167,bound,https://ovidhan.net/word/bound.html,POOL B — HIGH-QUALITY DISCOVERY,0,0,0,0,A,7,REVIEW,LEGACY,LOW CONFIDENCE,4,bangla;definition;part_of_speech;example,0,0,35.3,Tier A/B source quality; discovery candidate requiring external demand data,CONTENT REVIEW
168,bowl,https://ovidhan.net/word/bowl.html,POOL B — HIGH-QUALITY DISCOVERY,0,0,0,0,A,7,REVIEW,LEGACY,LOW CONFIDENCE,4,bangla;definition;part_of_speech;example,0,0,35.3,Tier A/B source quality; discovery candidate requiring external demand data,CONTENT REVIEW
169,box,https://ovidhan.net/word/box.html,POOL B — HIGH-QUALITY DISCOVERY,0,0,0,0,A,7,REVIEW,LEGACY,LOW CONFIDENCE,4,bangla;definition;part_of_speech;example,0,0,35.3,Tier A/B source quality; discovery candidate requiring external demand data,CONTENT REVIEW
170,boxes,https://ovidhan.net/word/boxes.html,POOL B — HIGH-QUALITY DISCOVERY,0,0,0,0,A,7,REVIEW,LEGACY,LOW CONFIDENCE,4,bangla;definition;part_of_speech;example,0,0,35.3,Tier A/B source quality; discovery candidate requiring external demand data,CONTENT REVIEW
171,boy,https://ovidhan.net/word/boy.html,POOL B — HIGH-QUALITY DISCOVERY,0,0,0,0,A,7,REVIEW,LEGACY,LOW CONFIDENCE,4,bangla;definition;part_of_speech;example,0,0,35.3,Tier A/B source quality; discovery candidate requiring external demand data,CONTENT REVIEW
172,boys,https://ovidhan.net/word/boys.html,POOL B — HIGH-QUALITY DISCOVERY,0,0,0,0,A,7,REVIEW,LEGACY,LOW CONFIDENCE,4,bangla;definition;part_of_speech;example,0,0,35.3,Tier A/B source quality; discovery candidate requiring external demand data,CONTENT REVIEW
173,brain,https://ovidhan.net/word/brain.html,POOL B — HIGH-QUALITY DISCOVERY,0,0,0,0,A,7,REVIEW,LEGACY,LOW CONFIDENCE,4,bangla;definition;part_of_speech;example,0,0,35.3,Tier A/B source quality; discovery candidate requiring external demand data,CONTENT REVIEW
174,branch,https://ovidhan.net/word/branch.html,POOL B — HIGH-QUALITY DISCOVERY,0,0,0,0,A,7,REVIEW,LEGACY,LOW CONFIDENCE,4,bangla;definition;part_of_speech;example,0,0,35.3,Tier A/B source quality; discovery candidate requiring external demand data,CONTENT REVIEW
175,brand,https://ovidhan.net/word/brand.html,POOL B — HIGH-QUALITY DISCOVERY,0,0,0,0,A,7,REVIEW,LEGACY,LOW CONFIDENCE,4,bangla;definition;part_of_speech;example,0,0,35.3,Tier A/B source quality; discovery candidate requiring external demand data,CONTENT REVIEW
176,brands,https://ovidhan.net/word/brands.html,POOL B — HIGH-QUALITY DISCOVERY,0,0,0,0,A,7,REVIEW,LEGACY,LOW CONFIDENCE,4,bangla;definition;part_of_speech;example,0,0,35.3,Tier A/B source quality; discovery candidate requiring external demand data,CONTENT REVIEW
177,brass,https://ovidhan.net/word/brass.html,POOL B — HIGH-QUALITY DISCOVERY,0,0,0,0,A,7,REVIEW,LEGACY,LOW CONFIDENCE,4,bangla;definition;part_of_speech;example,0,0,35.3,Tier A/B source quality; discovery candidate requiring external demand data,CONTENT REVIEW
178,brazil,https://ovidhan.net/word/brazil.html,POOL B — HIGH-QUALITY DISCOVERY,0,0,0,0,A,7,REVIEW,LEGACY,LOW CONFIDENCE,4,bangla;definition;part_of_speech;example,0,0,35.3,Tier A/B source quality; discovery candidate requiring external demand data,CONTENT REVIEW
179,bread,https://ovidhan.net/word/bread.html,POOL B — HIGH-QUALITY DISCOVERY,0,0,0,0,A,7,REVIEW,LEGACY,LOW CONFIDENCE,4,bangla;definition;part_of_speech;example,0,0,35.3,Tier A/B source quality; discovery candidate requiring external demand data,CONTENT REVIEW
180,break,https://ovidhan.net/word/break.html,POOL B — HIGH-QUALITY DISCOVERY,0,0,0,0,A,7,REVIEW,LEGACY,LOW CONFIDENCE,4,bangla;definition;part_of_speech;example,0,0,35.3,Tier A/B source quality; discovery candidate requiring external demand data,CONTENT REVIEW
181,breakfast,https://ovidhan.net/word/breakfast.html,POOL B — HIGH-QUALITY DISCOVERY,0,0,0,0,A,7,REVIEW,LEGACY,LOW CONFIDENCE,4,bangla;definition;part_of_speech;example,0,0,35.3,Tier A/B source quality; discovery candidate requiring external demand data,CONTENT REVIEW
182,breaking,https://ovidhan.net/word/breaking.html,POOL B — HIGH-QUALITY DISCOVERY,0,0,0,0,A,7,REVIEW,LEGACY,LOW CONFIDENCE,4,bangla;definition;part_of_speech;example,0,0,35.3,Tier A/B source quality; discovery candidate requiring external demand data,CONTENT REVIEW
183,breaks,https://ovidhan.net/word/breaks.html,POOL B — HIGH-QUALITY DISCOVERY,0,0,0,0,A,7,REVIEW,LEGACY,LOW CONFIDENCE,4,bangla;definition;part_of_speech;example,0,0,35.3,Tier A/B source quality; discovery candidate requiring external demand data,CONTENT REVIEW
184,breast,https://ovidhan.net/word/breast.html,POOL B — HIGH-QUALITY DISCOVERY,0,0,0,0,A,7,REVIEW,LEGACY,LOW CONFIDENCE,4,bangla;definition;part_of_speech;example,0,0,35.3,Tier A/B source quality; discovery candidate requiring external demand data,CONTENT REVIEW
185,breasts,https://ovidhan.net/word/breasts.html,POOL B — HIGH-QUALITY DISCOVERY,0,0,0,0,A,7,REVIEW,LEGACY,LOW CONFIDENCE,4,bangla;definition;part_of_speech;example,0,0,35.3,Tier A/B source quality; discovery candidate requiring external demand data,CONTENT REVIEW
186,bridge,https://ovidhan.net/word/bridge.html,POOL B — HIGH-QUALITY DISCOVERY,0,0,0,0,A,7,REVIEW,LEGACY,LOW CONFIDENCE,4,bangla;definition;part_of_speech;example,0,0,35.3,Tier A/B source quality; discovery candidate requiring external demand data,CONTENT REVIEW
187,brief,https://ovidhan.net/word/brief.html,POOL B — HIGH-QUALITY DISCOVERY,0,0,0,0,A,7,REVIEW,LEGACY,LOW CONFIDENCE,4,bangla;definition;part_of_speech;example,0,0,35.3,Tier A/B source quality; discovery candidate requiring external demand data,CONTENT REVIEW
188,bright,https://ovidhan.net/word/bright.html,POOL B — HIGH-QUALITY DISCOVERY,0,0,0,0,A,7,REVIEW,LEGACY,LOW CONFIDENCE,4,bangla;definition;part_of_speech;example,0,0,35.3,Tier A/B source quality; discovery candidate requiring external demand data,CONTENT REVIEW
189,bring,https://ovidhan.net/word/bring.html,POOL B — HIGH-QUALITY DISCOVERY,0,0,0,0,A,7,REVIEW,LEGACY,LOW CONFIDENCE,4,bangla;definition;part_of_speech;example,0,0,35.3,Tier A/B source quality; discovery candidate requiring external demand data,CONTENT REVIEW
190,bringing,https://ovidhan.net/word/bringing.html,POOL B — HIGH-QUALITY DISCOVERY,0,0,0,0,A,7,REVIEW,LEGACY,LOW CONFIDENCE,4,bangla;definition;part_of_speech;example,0,0,35.3,Tier A/B source quality; discovery candidate requiring external demand data,CONTENT REVIEW
191,brings,https://ovidhan.net/word/brings.html,POOL B — HIGH-QUALITY DISCOVERY,0,0,0,0,A,7,REVIEW,LEGACY,LOW CONFIDENCE,4,bangla;definition;part_of_speech;example,0,0,35.3,Tier A/B source quality; discovery candidate requiring external demand data,CONTENT REVIEW
192,britain,https://ovidhan.net/word/britain.html,POOL B — HIGH-QUALITY DISCOVERY,0,0,0,0,A,7,REVIEW,LEGACY,LOW CONFIDENCE,4,bangla;definition;part_of_speech;example,0,0,35.3,Tier A/B source quality; discovery candidate requiring external demand data,CONTENT REVIEW
193,british,https://ovidhan.net/word/british.html,POOL B — HIGH-QUALITY DISCOVERY,0,0,0,0,A,7,REVIEW,LEGACY,LOW CONFIDENCE,4,bangla;definition;part_of_speech;example,0,0,35.3,Tier A/B source quality; discovery candidate requiring external demand data,CONTENT REVIEW
194,broad,https://ovidhan.net/word/broad.html,POOL B — HIGH-QUALITY DISCOVERY,0,0,0,0,A,7,REVIEW,LEGACY,LOW CONFIDENCE,4,bangla;definition;part_of_speech;example,0,0,35.3,Tier A/B source quality; discovery candidate requiring external demand data,CONTENT REVIEW
195,broadband,https://ovidhan.net/word/broadband.html,POOL B — HIGH-QUALITY DISCOVERY,0,0,0,0,A,7,REVIEW,LEGACY,LOW CONFIDENCE,4,bangla;definition;part_of_speech;example,0,0,35.3,Tier A/B source quality; discovery candidate requiring external demand data,CONTENT REVIEW
196,broadcast,https://ovidhan.net/word/broadcast.html,POOL B — HIGH-QUALITY DISCOVERY,0,0,0,0,A,7,REVIEW,LEGACY,LOW CONFIDENCE,4,bangla;definition;part_of_speech;example,0,0,35.3,Tier A/B source quality; discovery candidate requiring external demand data,CONTENT REVIEW
197,broken,https://ovidhan.net/word/broken.html,POOL B — HIGH-QUALITY DISCOVERY,0,0,0,0,A,7,REVIEW,LEGACY,LOW CONFIDENCE,4,bangla;definition;part_of_speech;example,0,0,35.3,Tier A/B source quality; discovery candidate requiring external demand data,CONTENT REVIEW
198,broker,https://ovidhan.net/word/broker.html,POOL B — HIGH-QUALITY DISCOVERY,0,0,0,0,A,7,REVIEW,LEGACY,LOW CONFIDENCE,4,bangla;definition;part_of_speech;example,0,0,35.3,Tier A/B source quality; discovery candidate requiring external demand data,CONTENT REVIEW
199,brother,https://ovidhan.net/word/brother.html,POOL B — HIGH-QUALITY DISCOVERY,0,0,0,0,A,7,REVIEW,LEGACY,LOW CONFIDENCE,4,bangla;definition;part_of_speech;example,0,0,35.3,Tier A/B source quality; discovery candidate requiring external demand data,CONTENT REVIEW
200,brothers,https://ovidhan.net/word/brothers.html,POOL B — HIGH-QUALITY DISCOVERY,0,0,0,0,A,7,REVIEW,LEGACY,LOW CONFIDENCE,4,bangla;definition;part_of_speech;example,0,0,35.3,Tier A/B source quality; discovery candidate requiring external demand data,CONTENT REVIEW
201,brought,https://ovidhan.net/word/brought.html,POOL B — HIGH-QUALITY DISCOVERY,0,0,0,0,A,7,REVIEW,LEGACY,LOW CONFIDENCE,4,bangla;definition;part_of_speech;example,0,0,35.3,Tier A/B source quality; discovery candidate requiring external demand data,CONTENT REVIEW
202,brown,https://ovidhan.net/word/brown.html,POOL B — HIGH-QUALITY DISCOVERY,0,0,0,0,A,7,REVIEW,LEGACY,LOW CONFIDENCE,4,bangla;definition;part_of_speech;example,0,0,35.3,Tier A/B source quality; discovery candidate requiring external demand data,CONTENT REVIEW
203,browse,https://ovidhan.net/word/browse.html,POOL B — HIGH-QUALITY DISCOVERY,0,0,0,0,A,7,REVIEW,LEGACY,LOW CONFIDENCE,4,bangla;definition;part_of_speech;example,0,0,35.3,Tier A/B source quality; discovery candidate requiring external demand data,CONTENT REVIEW
204,browser,https://ovidhan.net/word/browser.html,POOL B — HIGH-QUALITY DISCOVERY,0,0,0,0,A,7,REVIEW,LEGACY,LOW CONFIDENCE,4,bangla;definition;part_of_speech;example,0,0,35.3,Tier A/B source quality; discovery candidate requiring external demand data,CONTENT REVIEW
205,bruce,https://ovidhan.net/word/bruce.html,POOL B — HIGH-QUALITY DISCOVERY,0,0,0,0,A,7,REVIEW,LEGACY,LOW CONFIDENCE,4,bangla;definition;part_of_speech;example,0,0,35.3,Tier A/B source quality; discovery candidate requiring external demand data,CONTENT REVIEW
206,buddy,https://ovidhan.net/word/buddy.html,POOL B — HIGH-QUALITY DISCOVERY,0,0,0,0,A,7,REVIEW,LEGACY,LOW CONFIDENCE,4,bangla;definition;part_of_speech;example,0,0,35.3,Tier A/B source quality; discovery candidate requiring external demand data,CONTENT REVIEW
207,budget,https://ovidhan.net/word/budget.html,POOL B — HIGH-QUALITY DISCOVERY,0,0,0,0,A,7,REVIEW,LEGACY,LOW CONFIDENCE,4,bangla;definition;part_of_speech;example,0,0,35.3,Tier A/B source quality; discovery candidate requiring external demand data,CONTENT REVIEW
208,buffalo,https://ovidhan.net/word/buffalo.html,POOL B — HIGH-QUALITY DISCOVERY,0,0,0,0,A,7,REVIEW,LEGACY,LOW CONFIDENCE,4,bangla;definition;part_of_speech;example,0,0,35.3,Tier A/B source quality; discovery candidate requiring external demand data,CONTENT REVIEW
209,buffer,https://ovidhan.net/word/buffer.html,POOL B — HIGH-QUALITY DISCOVERY,0,0,0,0,A,7,REVIEW,LEGACY,LOW CONFIDENCE,4,bangla;definition;part_of_speech;example,0,0,35.3,Tier A/B source quality; discovery candidate requiring external demand data,CONTENT REVIEW
210,bug,https://ovidhan.net/word/bug.html,POOL B — HIGH-QUALITY DISCOVERY,0,0,0,0,A,7,REVIEW,LEGACY,LOW CONFIDENCE,4,bangla;definition;part_of_speech;example,0,0,35.3,Tier A/B source quality; discovery candidate requiring external demand data,CONTENT REVIEW
211,bugs,https://ovidhan.net/word/bugs.html,POOL B — HIGH-QUALITY DISCOVERY,0,0,0,0,A,7,REVIEW,LEGACY,LOW CONFIDENCE,4,bangla;definition;part_of_speech;example,0,0,35.3,Tier A/B source quality; discovery candidate requiring external demand data,CONTENT REVIEW
212,build,https://ovidhan.net/word/build.html,POOL B — HIGH-QUALITY DISCOVERY,0,0,0,0,A,7,REVIEW,LEGACY,LOW CONFIDENCE,4,bangla;definition;part_of_speech;example,0,0,35.3,Tier A/B source quality; discovery candidate requiring external demand data,CONTENT REVIEW
213,builder,https://ovidhan.net/word/builder.html,POOL B — HIGH-QUALITY DISCOVERY,0,0,0,0,A,7,REVIEW,LEGACY,LOW CONFIDENCE,4,bangla;definition;part_of_speech;example,0,0,35.3,Tier A/B source quality; discovery candidate requiring external demand data,CONTENT REVIEW
214,building,https://ovidhan.net/word/building.html,POOL B — HIGH-QUALITY DISCOVERY,0,0,0,0,A,7,REVIEW,LEGACY,LOW CONFIDENCE,4,bangla;definition;part_of_speech;example,0,0,35.3,Tier A/B source quality; discovery candidate requiring external demand data,CONTENT REVIEW
215,buildings,https://ovidhan.net/word/buildings.html,POOL B — HIGH-QUALITY DISCOVERY,0,0,0,0,A,7,REVIEW,LEGACY,LOW CONFIDENCE,4,bangla;definition;part_of_speech;example,0,0,35.3,Tier A/B source quality; discovery candidate requiring external demand data,CONTENT REVIEW
216,built,https://ovidhan.net/word/built.html,POOL B — HIGH-QUALITY DISCOVERY,0,0,0,0,A,7,REVIEW,LEGACY,LOW CONFIDENCE,4,bangla;definition;part_of_speech;example,0,0,35.3,Tier A/B source quality; discovery candidate requiring external demand data,CONTENT REVIEW
217,bulgaria,https://ovidhan.net/word/bulgaria.html,POOL B — HIGH-QUALITY DISCOVERY,0,0,0,0,A,7,REVIEW,LEGACY,LOW CONFIDENCE,4,bangla;definition;part_of_speech;example,0,0,35.3,Tier A/B source quality; discovery candidate requiring external demand data,CONTENT REVIEW
218,bulk,https://ovidhan.net/word/bulk.html,POOL B — HIGH-QUALITY DISCOVERY,0,0,0,0,A,7,REVIEW,LEGACY,LOW CONFIDENCE,4,bangla;definition;part_of_speech;example,0,0,35.3,Tier A/B source quality; discovery candidate requiring external demand data,CONTENT REVIEW
219,bulletin,https://ovidhan.net/word/bulletin.html,POOL B — HIGH-QUALITY DISCOVERY,0,0,0,0,A,7,REVIEW,LEGACY,LOW CONFIDENCE,4,bangla;definition;part_of_speech;example,0,0,35.3,Tier A/B source quality; discovery candidate requiring external demand data,CONTENT REVIEW
220,bureau,https://ovidhan.net/word/bureau.html,POOL B — HIGH-QUALITY DISCOVERY,0,0,0,0,A,7,REVIEW,LEGACY,LOW CONFIDENCE,4,bangla;definition;part_of_speech;example,0,0,35.3,Tier A/B source quality; discovery candidate requiring external demand data,CONTENT REVIEW
221,burn,https://ovidhan.net/word/burn.html,POOL B — HIGH-QUALITY DISCOVERY,0,0,0,0,A,7,REVIEW,LEGACY,LOW CONFIDENCE,4,bangla;definition;part_of_speech;example,0,0,35.3,Tier A/B source quality; discovery candidate requiring external demand data,CONTENT REVIEW
222,burning,https://ovidhan.net/word/burning.html,POOL B — HIGH-QUALITY DISCOVERY,0,0,0,0,A,7,REVIEW,LEGACY,LOW CONFIDENCE,4,bangla;definition;part_of_speech;example,0,0,35.3,Tier A/B source quality; discovery candidate requiring external demand data,CONTENT REVIEW
223,bus,https://ovidhan.net/word/bus.html,POOL B — HIGH-QUALITY DISCOVERY,0,0,0,0,A,7,REVIEW,LEGACY,LOW CONFIDENCE,4,bangla;definition;part_of_speech;example,0,0,35.3,Tier A/B source quality; discovery candidate requiring external demand data,CONTENT REVIEW
224,bush,https://ovidhan.net/word/bush.html,POOL B — HIGH-QUALITY DISCOVERY,0,0,0,0,A,7,REVIEW,LEGACY,LOW CONFIDENCE,4,bangla;definition;part_of_speech;example,0,0,35.3,Tier A/B source quality; discovery candidate requiring external demand data,CONTENT REVIEW
225,business,https://ovidhan.net/word/business.html,POOL B — HIGH-QUALITY DISCOVERY,0,0,0,0,A,7,REVIEW,LEGACY,LOW CONFIDENCE,4,bangla;definition;part_of_speech;example,0,0,35.3,Tier A/B source quality; discovery candidate requiring external demand data,CONTENT REVIEW
226,businesses,https://ovidhan.net/word/businesses.html,POOL B — HIGH-QUALITY DISCOVERY,0,0,0,0,A,7,REVIEW,LEGACY,LOW CONFIDENCE,4,bangla;definition;part_of_speech;example,0,0,35.3,Tier A/B source quality; discovery candidate requiring external demand data,CONTENT REVIEW
227,busy,https://ovidhan.net/word/busy.html,POOL B — HIGH-QUALITY DISCOVERY,0,0,0,0,A,7,REVIEW,LEGACY,LOW CONFIDENCE,4,bangla;definition;part_of_speech;example,0,0,35.3,Tier A/B source quality; discovery candidate requiring external demand data,CONTENT REVIEW
228,but,https://ovidhan.net/word/but.html,POOL B — HIGH-QUALITY DISCOVERY,0,0,0,0,A,7,REVIEW,LEGACY,LOW CONFIDENCE,4,bangla;definition;part_of_speech;example,0,0,35.3,Tier A/B source quality; discovery candidate requiring external demand data,CONTENT REVIEW
229,butt,https://ovidhan.net/word/butt.html,POOL B — HIGH-QUALITY DISCOVERY,0,0,0,0,A,7,REVIEW,LEGACY,LOW CONFIDENCE,4,bangla;definition;part_of_speech;example,0,0,35.3,Tier A/B source quality; discovery candidate requiring external demand data,CONTENT REVIEW
230,button,https://ovidhan.net/word/button.html,POOL B — HIGH-QUALITY DISCOVERY,0,0,0,0,A,7,REVIEW,LEGACY,LOW CONFIDENCE,4,bangla;definition;part_of_speech;example,0,0,35.3,Tier A/B source quality; discovery candidate requiring external demand data,CONTENT REVIEW
231,buttons,https://ovidhan.net/word/buttons.html,POOL B — HIGH-QUALITY DISCOVERY,0,0,0,0,A,7,REVIEW,LEGACY,LOW CONFIDENCE,4,bangla;definition;part_of_speech;example,0,0,35.3,Tier A/B source quality; discovery candidate requiring external demand data,CONTENT REVIEW
232,buy,https://ovidhan.net/word/buy.html,POOL B — HIGH-QUALITY DISCOVERY,0,0,0,0,A,7,REVIEW,LEGACY,LOW CONFIDENCE,4,bangla;definition;part_of_speech;example,0,0,35.3,Tier A/B source quality; discovery candidate requiring external demand data,CONTENT REVIEW
233,buyer,https://ovidhan.net/word/buyer.html,POOL B — HIGH-QUALITY DISCOVERY,0,0,0,0,A,7,REVIEW,LEGACY,LOW CONFIDENCE,4,bangla;definition;part_of_speech;example,0,0,35.3,Tier A/B source quality; discovery candidate requiring external demand data,CONTENT REVIEW
234,buyers,https://ovidhan.net/word/buyers.html,POOL B — HIGH-QUALITY DISCOVERY,0,0,0,0,A,7,REVIEW,LEGACY,LOW CONFIDENCE,4,bangla;definition;part_of_speech;example,0,0,35.3,Tier A/B source quality; discovery candidate requiring external demand data,CONTENT REVIEW
235,buying,https://ovidhan.net/word/buying.html,POOL B — HIGH-QUALITY DISCOVERY,0,0,0,0,A,7,REVIEW,LEGACY,LOW CONFIDENCE,4,bangla;definition;part_of_speech;example,0,0,35.3,Tier A/B source quality; discovery candidate requiring external demand data,CONTENT REVIEW
236,bytes,https://ovidhan.net/word/bytes.html,POOL B — HIGH-QUALITY DISCOVERY,0,0,0,0,A,7,REVIEW,LEGACY,LOW CONFIDENCE,4,bangla;definition;part_of_speech;example,0,0,35.3,Tier A/B source quality; discovery candidate requiring external demand data,CONTENT REVIEW
237,c,https://ovidhan.net/word/c.html,POOL B — HIGH-QUALITY DISCOVERY,0,0,0,0,A,7,REVIEW,LEGACY,LOW CONFIDENCE,4,bangla;definition;part_of_speech;example,0,0,35.3,Tier A/B source quality; discovery candidate requiring external demand data,CONTENT REVIEW
238,cabinet,https://ovidhan.net/word/cabinet.html,POOL B — HIGH-QUALITY DISCOVERY,0,0,0,0,A,7,REVIEW,LEGACY,LOW CONFIDENCE,4,bangla;definition;part_of_speech;example,0,0,35.3,Tier A/B source quality; discovery candidate requiring external demand data,CONTENT REVIEW
239,cable,https://ovidhan.net/word/cable.html,POOL B — HIGH-QUALITY DISCOVERY,0,0,0,0,A,7,REVIEW,LEGACY,LOW CONFIDENCE,4,bangla;definition;part_of_speech;example,0,0,35.3,Tier A/B source quality; discovery candidate requiring external demand data,CONTENT REVIEW
240,cables,https://ovidhan.net/word/cables.html,POOL B — HIGH-QUALITY DISCOVERY,0,0,0,0,A,7,REVIEW,LEGACY,LOW CONFIDENCE,4,bangla;definition;part_of_speech;example,0,0,35.3,Tier A/B source quality; discovery candidate requiring external demand data,CONTENT REVIEW
241,cache,https://ovidhan.net/word/cache.html,POOL B — HIGH-QUALITY DISCOVERY,0,0,0,0,A,7,REVIEW,LEGACY,LOW CONFIDENCE,4,bangla;definition;part_of_speech;example,0,0,35.3,Tier A/B source quality; discovery candidate requiring external demand data,CONTENT REVIEW
242,cafe,https://ovidhan.net/word/cafe.html,POOL B — HIGH-QUALITY DISCOVERY,0,0,0,0,A,7,REVIEW,LEGACY,LOW CONFIDENCE,4,bangla;definition;part_of_speech;example,0,0,35.3,Tier A/B source quality; discovery candidate requiring external demand data,CONTENT REVIEW
243,cake,https://ovidhan.net/word/cake.html,POOL B — HIGH-QUALITY DISCOVERY,0,0,0,0,A,7,REVIEW,LEGACY,LOW CONFIDENCE,4,bangla;definition;part_of_speech;example,0,0,35.3,Tier A/B source quality; discovery candidate requiring external demand data,CONTENT REVIEW
244,calculate,https://ovidhan.net/word/calculate.html,POOL B — HIGH-QUALITY DISCOVERY,0,0,0,0,A,7,REVIEW,LEGACY,LOW CONFIDENCE,4,bangla;definition;part_of_speech;example,0,0,35.3,Tier A/B source quality; discovery candidate requiring external demand data,CONTENT REVIEW
245,calculated,https://ovidhan.net/word/calculated.html,POOL B — HIGH-QUALITY DISCOVERY,0,0,0,0,A,7,REVIEW,LEGACY,LOW CONFIDENCE,4,bangla;definition;part_of_speech;example,0,0,35.3,Tier A/B source quality; discovery candidate requiring external demand data,CONTENT REVIEW
246,calculator,https://ovidhan.net/word/calculator.html,POOL B — HIGH-QUALITY DISCOVERY,0,0,0,0,A,7,REVIEW,LEGACY,LOW CONFIDENCE,4,bangla;definition;part_of_speech;example,0,0,35.3,Tier A/B source quality; discovery candidate requiring external demand data,CONTENT REVIEW
247,calendar,https://ovidhan.net/word/calendar.html,POOL B — HIGH-QUALITY DISCOVERY,0,0,0,0,A,7,REVIEW,LEGACY,LOW CONFIDENCE,4,bangla;definition;part_of_speech;example,0,0,35.3,Tier A/B source quality; discovery candidate requiring external demand data,CONTENT REVIEW
248,california,https://ovidhan.net/word/california.html,POOL B — HIGH-QUALITY DISCOVERY,0,0,0,0,A,7,REVIEW,LEGACY,LOW CONFIDENCE,4,bangla;definition;part_of_speech;example,0,0,35.3,Tier A/B source quality; discovery candidate requiring external demand data,CONTENT REVIEW
249,call,https://ovidhan.net/word/call.html,POOL B — HIGH-QUALITY DISCOVERY,0,0,0,0,A,7,REVIEW,LEGACY,LOW CONFIDENCE,4,bangla;definition;part_of_speech;example,0,0,35.3,Tier A/B source quality; discovery candidate requiring external demand data,CONTENT REVIEW
250,called,https://ovidhan.net/word/called.html,POOL B — HIGH-QUALITY DISCOVERY,0,0,0,0,A,7,REVIEW,LEGACY,LOW CONFIDENCE,4,bangla;definition;part_of_speech;example,0,0,35.3,Tier A/B source quality; discovery candidate requiring external demand data,CONTENT REVIEW
251,calling,https://ovidhan.net/word/calling.html,POOL B — HIGH-QUALITY DISCOVERY,0,0,0,0,A,7,REVIEW,LEGACY,LOW CONFIDENCE,4,bangla;definition;part_of_speech;example,0,0,35.3,Tier A/B source quality; discovery candidate requiring external demand data,CONTENT REVIEW
252,calls,https://ovidhan.net/word/calls.html,POOL B — HIGH-QUALITY DISCOVERY,0,0,0,0,A,7,REVIEW,LEGACY,LOW CONFIDENCE,4,bangla;definition;part_of_speech;example,0,0,35.3,Tier A/B source quality; discovery candidate requiring external demand data,CONTENT REVIEW
253,cam,https://ovidhan.net/word/cam.html,POOL B — HIGH-QUALITY DISCOVERY,0,0,0,0,A,7,REVIEW,LEGACY,LOW CONFIDENCE,4,bangla;definition;part_of_speech;example,0,0,35.3,Tier A/B source quality; discovery candidate requiring external demand data,CONTENT REVIEW
254,cambridge,https://ovidhan.net/word/cambridge.html,POOL B — HIGH-QUALITY DISCOVERY,0,0,0,0,A,7,REVIEW,LEGACY,LOW CONFIDENCE,4,bangla;definition;part_of_speech;example,0,0,35.3,Tier A/B source quality; discovery candidate requiring external demand data,CONTENT REVIEW
255,camcorder,https://ovidhan.net/word/camcorder.html,POOL B — HIGH-QUALITY DISCOVERY,0,0,0,0,A,7,REVIEW,LEGACY,LOW CONFIDENCE,4,bangla;definition;part_of_speech;example,0,0,35.3,Tier A/B source quality; discovery candidate requiring external demand data,CONTENT REVIEW
256,came,https://ovidhan.net/word/came.html,POOL B — HIGH-QUALITY DISCOVERY,0,0,0,0,A,7,REVIEW,LEGACY,LOW CONFIDENCE,4,bangla;definition;part_of_speech;example,0,0,35.3,Tier A/B source quality; discovery candidate requiring external demand data,CONTENT REVIEW
257,camera,https://ovidhan.net/word/camera.html,POOL B — HIGH-QUALITY DISCOVERY,0,0,0,0,A,7,REVIEW,LEGACY,LOW CONFIDENCE,4,bangla;definition;part_of_speech;example,0,0,35.3,Tier A/B source quality; discovery candidate requiring external demand data,CONTENT REVIEW
258,cameras,https://ovidhan.net/word/cameras.html,POOL B — HIGH-QUALITY DISCOVERY,0,0,0,0,A,7,REVIEW,LEGACY,LOW CONFIDENCE,4,bangla;definition;part_of_speech;example,0,0,35.3,Tier A/B source quality; discovery candidate requiring external demand data,CONTENT REVIEW
259,camp,https://ovidhan.net/word/camp.html,POOL B — HIGH-QUALITY DISCOVERY,0,0,0,0,A,7,REVIEW,LEGACY,LOW CONFIDENCE,4,bangla;definition;part_of_speech;example,0,0,35.3,Tier A/B source quality; discovery candidate requiring external demand data,CONTENT REVIEW
260,campaign,https://ovidhan.net/word/campaign.html,POOL B — HIGH-QUALITY DISCOVERY,0,0,0,0,A,7,REVIEW,LEGACY,LOW CONFIDENCE,4,bangla;definition;part_of_speech;example,0,0,35.3,Tier A/B source quality; discovery candidate requiring external demand data,CONTENT REVIEW
261,campbell,https://ovidhan.net/word/campbell.html,POOL B — HIGH-QUALITY DISCOVERY,0,0,0,0,A,7,REVIEW,LEGACY,LOW CONFIDENCE,4,bangla;definition;part_of_speech;example,0,0,35.3,Tier A/B source quality; discovery candidate requiring external demand data,CONTENT REVIEW
262,camping,https://ovidhan.net/word/camping.html,POOL B — HIGH-QUALITY DISCOVERY,0,0,0,0,A,7,REVIEW,LEGACY,LOW CONFIDENCE,4,bangla;definition;part_of_speech;example,0,0,35.3,Tier A/B source quality; discovery candidate requiring external demand data,CONTENT REVIEW
263,campus,https://ovidhan.net/word/campus.html,POOL B — HIGH-QUALITY DISCOVERY,0,0,0,0,A,7,REVIEW,LEGACY,LOW CONFIDENCE,4,bangla;definition;part_of_speech;example,0,0,35.3,Tier A/B source quality; discovery candidate requiring external demand data,CONTENT REVIEW
264,can,https://ovidhan.net/word/can.html,POOL B — HIGH-QUALITY DISCOVERY,0,0,0,0,A,7,REVIEW,LEGACY,LOW CONFIDENCE,4,bangla;definition;part_of_speech;example,0,0,35.3,Tier A/B source quality; discovery candidate requiring external demand data,CONTENT REVIEW
265,canada,https://ovidhan.net/word/canada.html,POOL B — HIGH-QUALITY DISCOVERY,0,0,0,0,A,7,REVIEW,LEGACY,LOW CONFIDENCE,4,bangla;definition;part_of_speech;example,0,0,35.3,Tier A/B source quality; discovery candidate requiring external demand data,CONTENT REVIEW
266,canadian,https://ovidhan.net/word/canadian.html,POOL B — HIGH-QUALITY DISCOVERY,0,0,0,0,A,7,REVIEW,LEGACY,LOW CONFIDENCE,4,bangla;definition;part_of_speech;example,0,0,35.3,Tier A/B source quality; discovery candidate requiring external demand data,CONTENT REVIEW
267,cancel,https://ovidhan.net/word/cancel.html,POOL B — HIGH-QUALITY DISCOVERY,0,0,0,0,A,7,REVIEW,LEGACY,LOW CONFIDENCE,4,bangla;definition;part_of_speech;example,0,0,35.3,Tier A/B source quality; discovery candidate requiring external demand data,CONTENT REVIEW
268,cancer,https://ovidhan.net/word/cancer.html,POOL B — HIGH-QUALITY DISCOVERY,0,0,0,0,A,7,REVIEW,LEGACY,LOW CONFIDENCE,4,bangla;definition;part_of_speech;example,0,0,35.3,Tier A/B source quality; discovery candidate requiring external demand data,CONTENT REVIEW
269,candidate,https://ovidhan.net/word/candidate.html,POOL B — HIGH-QUALITY DISCOVERY,0,0,0,0,A,7,REVIEW,LEGACY,LOW CONFIDENCE,4,bangla;definition;part_of_speech;example,0,0,35.3,Tier A/B source quality; discovery candidate requiring external demand data,CONTENT REVIEW
270,candidates,https://ovidhan.net/word/candidates.html,POOL B — HIGH-QUALITY DISCOVERY,0,0,0,0,A,7,REVIEW,LEGACY,LOW CONFIDENCE,4,bangla;definition;part_of_speech;example,0,0,35.3,Tier A/B source quality; discovery candidate requiring external demand data,CONTENT REVIEW
271,candy,https://ovidhan.net/word/candy.html,POOL B — HIGH-QUALITY DISCOVERY,0,0,0,0,A,7,REVIEW,LEGACY,LOW CONFIDENCE,4,bangla;definition;part_of_speech;example,0,0,35.3,Tier A/B source quality; discovery candidate requiring external demand data,CONTENT REVIEW
272,canon,https://ovidhan.net/word/canon.html,POOL B — HIGH-QUALITY DISCOVERY,0,0,0,0,A,7,REVIEW,LEGACY,LOW CONFIDENCE,4,bangla;definition;part_of_speech;example,0,0,35.3,Tier A/B source quality; discovery candidate requiring external demand data,CONTENT REVIEW
273,cap,https://ovidhan.net/word/cap.html,POOL B — HIGH-QUALITY DISCOVERY,0,0,0,0,A,7,REVIEW,LEGACY,LOW CONFIDENCE,4,bangla;definition;part_of_speech;example,0,0,35.3,Tier A/B source quality; discovery candidate requiring external demand data,CONTENT REVIEW
274,capabilities,https://ovidhan.net/word/capabilities.html,POOL B — HIGH-QUALITY DISCOVERY,0,0,0,0,A,7,REVIEW,LEGACY,LOW CONFIDENCE,4,bangla;definition;part_of_speech;example,0,0,35.3,Tier A/B source quality; discovery candidate requiring external demand data,CONTENT REVIEW
275,capability,https://ovidhan.net/word/capability.html,POOL B — HIGH-QUALITY DISCOVERY,0,0,0,0,A,7,REVIEW,LEGACY,LOW CONFIDENCE,4,bangla;definition;part_of_speech;example,0,0,35.3,Tier A/B source quality; discovery candidate requiring external demand data,CONTENT REVIEW
276,capable,https://ovidhan.net/word/capable.html,POOL B — HIGH-QUALITY DISCOVERY,0,0,0,0,A,7,REVIEW,LEGACY,LOW CONFIDENCE,4,bangla;definition;part_of_speech;example,0,0,35.3,Tier A/B source quality; discovery candidate requiring external demand data,CONTENT REVIEW
277,capacity,https://ovidhan.net/word/capacity.html,POOL B — HIGH-QUALITY DISCOVERY,0,0,0,0,A,7,REVIEW,LEGACY,LOW CONFIDENCE,4,bangla;definition;part_of_speech;example,0,0,35.3,Tier A/B source quality; discovery candidate requiring external demand data,CONTENT REVIEW
278,cape,https://ovidhan.net/word/cape.html,POOL B — HIGH-QUALITY DISCOVERY,0,0,0,0,A,7,REVIEW,LEGACY,LOW CONFIDENCE,4,bangla;definition;part_of_speech;example,0,0,35.3,Tier A/B source quality; discovery candidate requiring external demand data,CONTENT REVIEW
279,capital,https://ovidhan.net/word/capital.html,POOL B — HIGH-QUALITY DISCOVERY,0,0,0,0,A,7,REVIEW,LEGACY,LOW CONFIDENCE,4,bangla;definition;part_of_speech;example,0,0,35.3,Tier A/B source quality; discovery candidate requiring external demand data,CONTENT REVIEW
280,captain,https://ovidhan.net/word/captain.html,POOL B — HIGH-QUALITY DISCOVERY,0,0,0,0,A,7,REVIEW,LEGACY,LOW CONFIDENCE,4,bangla;definition;part_of_speech;example,0,0,35.3,Tier A/B source quality; discovery candidate requiring external demand data,CONTENT REVIEW
281,capture,https://ovidhan.net/word/capture.html,POOL B — HIGH-QUALITY DISCOVERY,0,0,0,0,A,7,REVIEW,LEGACY,LOW CONFIDENCE,4,bangla;definition;part_of_speech;example,0,0,35.3,Tier A/B source quality; discovery candidate requiring external demand data,CONTENT REVIEW
282,car,https://ovidhan.net/word/car.html,POOL B — HIGH-QUALITY DISCOVERY,0,0,0,0,A,7,REVIEW,LEGACY,LOW CONFIDENCE,4,bangla;definition;part_of_speech;example,0,0,35.3,Tier A/B source quality; discovery candidate requiring external demand data,CONTENT REVIEW
283,carbon,https://ovidhan.net/word/carbon.html,POOL B — HIGH-QUALITY DISCOVERY,0,0,0,0,A,7,REVIEW,LEGACY,LOW CONFIDENCE,4,bangla;definition;part_of_speech;example,0,0,35.3,Tier A/B source quality; discovery candidate requiring external demand data,CONTENT REVIEW
284,card,https://ovidhan.net/word/card.html,POOL B — HIGH-QUALITY DISCOVERY,0,0,0,0,A,7,REVIEW,LEGACY,LOW CONFIDENCE,4,bangla;definition;part_of_speech;example,0,0,35.3,Tier A/B source quality; discovery candidate requiring external demand data,CONTENT REVIEW
285,cards,https://ovidhan.net/word/cards.html,POOL B — HIGH-QUALITY DISCOVERY,0,0,0,0,A,7,REVIEW,LEGACY,LOW CONFIDENCE,4,bangla;definition;part_of_speech;example,0,0,35.3,Tier A/B source quality; discovery candidate requiring external demand data,CONTENT REVIEW
286,care,https://ovidhan.net/word/care.html,POOL B — HIGH-QUALITY DISCOVERY,0,0,0,0,A,7,REVIEW,LEGACY,LOW CONFIDENCE,4,bangla;definition;part_of_speech;example,0,0,35.3,Tier A/B source quality; discovery candidate requiring external demand data,CONTENT REVIEW
287,career,https://ovidhan.net/word/career.html,POOL B — HIGH-QUALITY DISCOVERY,0,0,0,0,A,7,REVIEW,LEGACY,LOW CONFIDENCE,4,bangla;definition;part_of_speech;example,0,0,35.3,Tier A/B source quality; discovery candidate requiring external demand data,CONTENT REVIEW
288,careers,https://ovidhan.net/word/careers.html,POOL B — HIGH-QUALITY DISCOVERY,0,0,0,0,A,7,REVIEW,LEGACY,LOW CONFIDENCE,4,bangla;definition;part_of_speech;example,0,0,35.3,Tier A/B source quality; discovery candidate requiring external demand data,CONTENT REVIEW
289,carefully,https://ovidhan.net/word/carefully.html,POOL B — HIGH-QUALITY DISCOVERY,0,0,0,0,A,7,REVIEW,LEGACY,LOW CONFIDENCE,4,bangla;definition;part_of_speech;example,0,0,35.3,Tier A/B source quality; discovery candidate requiring external demand data,CONTENT REVIEW
290,caribbean,https://ovidhan.net/word/caribbean.html,POOL B — HIGH-QUALITY DISCOVERY,0,0,0,0,A,7,REVIEW,LEGACY,LOW CONFIDENCE,4,bangla;definition;part_of_speech;example,0,0,35.3,Tier A/B source quality; discovery candidate requiring external demand data,CONTENT REVIEW
291,carolina,https://ovidhan.net/word/carolina.html,POOL B — HIGH-QUALITY DISCOVERY,0,0,0,0,A,7,REVIEW,LEGACY,LOW CONFIDENCE,4,bangla;definition;part_of_speech;example,0,0,35.3,Tier A/B source quality; discovery candidate requiring external demand data,CONTENT REVIEW
292,carried,https://ovidhan.net/word/carried.html,POOL B — HIGH-QUALITY DISCOVERY,0,0,0,0,A,7,REVIEW,LEGACY,LOW CONFIDENCE,4,bangla;definition;part_of_speech;example,0,0,35.3,Tier A/B source quality; discovery candidate requiring external demand data,CONTENT REVIEW
293,carrier,https://ovidhan.net/word/carrier.html,POOL B — HIGH-QUALITY DISCOVERY,0,0,0,0,A,7,REVIEW,LEGACY,LOW CONFIDENCE,4,bangla;definition;part_of_speech;example,0,0,35.3,Tier A/B source quality; discovery candidate requiring external demand data,CONTENT REVIEW
294,carry,https://ovidhan.net/word/carry.html,POOL B — HIGH-QUALITY DISCOVERY,0,0,0,0,A,7,REVIEW,LEGACY,LOW CONFIDENCE,4,bangla;definition;part_of_speech;example,0,0,35.3,Tier A/B source quality; discovery candidate requiring external demand data,CONTENT REVIEW
295,carrying,https://ovidhan.net/word/carrying.html,POOL B — HIGH-QUALITY DISCOVERY,0,0,0,0,A,7,REVIEW,LEGACY,LOW CONFIDENCE,4,bangla;definition;part_of_speech;example,0,0,35.3,Tier A/B source quality; discovery candidate requiring external demand data,CONTENT REVIEW
296,cars,https://ovidhan.net/word/cars.html,POOL B — HIGH-QUALITY DISCOVERY,0,0,0,0,A,7,REVIEW,LEGACY,LOW CONFIDENCE,4,bangla;definition;part_of_speech;example,0,0,35.3,Tier A/B source quality; discovery candidate requiring external demand data,CONTENT REVIEW
297,cart,https://ovidhan.net/word/cart.html,POOL B — HIGH-QUALITY DISCOVERY,0,0,0,0,A,7,REVIEW,LEGACY,LOW CONFIDENCE,4,bangla;definition;part_of_speech;example,0,0,35.3,Tier A/B source quality; discovery candidate requiring external demand data,CONTENT REVIEW
298,cartoon,https://ovidhan.net/word/cartoon.html,POOL B — HIGH-QUALITY DISCOVERY,0,0,0,0,A,7,REVIEW,LEGACY,LOW CONFIDENCE,4,bangla;definition;part_of_speech;example,0,0,35.3,Tier A/B source quality; discovery candidate requiring external demand data,CONTENT REVIEW
299,cartoons,https://ovidhan.net/word/cartoons.html,POOL B — HIGH-QUALITY DISCOVERY,0,0,0,0,A,7,REVIEW,LEGACY,LOW CONFIDENCE,4,bangla;definition;part_of_speech;example,0,0,35.3,Tier A/B source quality; discovery candidate requiring external demand data,CONTENT REVIEW
300,cartridge,https://ovidhan.net/word/cartridge.html,POOL B — HIGH-QUALITY DISCOVERY,0,0,0,0,A,7,REVIEW,LEGACY,LOW CONFIDENCE,4,bangla;definition;part_of_speech;example,0,0,35.3,Tier A/B source quality; discovery candidate requiring external demand data,CONTENT REVIEW
301,case,https://ovidhan.net/word/case.html,POOL B — HIGH-QUALITY DISCOVERY,0,0,0,0,A,7,REVIEW,LEGACY,LOW CONFIDENCE,4,bangla;definition;part_of_speech;example,0,0,35.3,Tier A/B source quality; discovery candidate requiring external demand data,CONTENT REVIEW
302,cases,https://ovidhan.net/word/cases.html,POOL B — HIGH-QUALITY DISCOVERY,0,0,0,0,A,7,REVIEW,LEGACY,LOW CONFIDENCE,4,bangla;definition;part_of_speech;example,0,0,35.3,Tier A/B source quality; discovery candidate requiring external demand data,CONTENT REVIEW
303,cash,https://ovidhan.net/word/cash.html,POOL B — HIGH-QUALITY DISCOVERY,0,0,0,0,A,7,REVIEW,LEGACY,LOW CONFIDENCE,4,bangla;definition;part_of_speech;example,0,0,35.3,Tier A/B source quality; discovery candidate requiring external demand data,CONTENT REVIEW
304,casino,https://ovidhan.net/word/casino.html,POOL B — HIGH-QUALITY DISCOVERY,0,0,0,0,A,7,REVIEW,LEGACY,LOW CONFIDENCE,4,bangla;definition;part_of_speech;example,0,0,35.3,Tier A/B source quality; discovery candidate requiring external demand data,CONTENT REVIEW
305,casinos,https://ovidhan.net/word/casinos.html,POOL B — HIGH-QUALITY DISCOVERY,0,0,0,0,A,7,REVIEW,LEGACY,LOW CONFIDENCE,4,bangla;definition;part_of_speech;example,0,0,35.3,Tier A/B source quality; discovery candidate requiring external demand data,CONTENT REVIEW
306,cast,https://ovidhan.net/word/cast.html,POOL B — HIGH-QUALITY DISCOVERY,0,0,0,0,A,7,REVIEW,LEGACY,LOW CONFIDENCE,4,bangla;definition;part_of_speech;example,0,0,35.3,Tier A/B source quality; discovery candidate requiring external demand data,CONTENT REVIEW
307,castle,https://ovidhan.net/word/castle.html,POOL B — HIGH-QUALITY DISCOVERY,0,0,0,0,A,7,REVIEW,LEGACY,LOW CONFIDENCE,4,bangla;definition;part_of_speech;example,0,0,35.3,Tier A/B source quality; discovery candidate requiring external demand data,CONTENT REVIEW
308,casual,https://ovidhan.net/word/casual.html,POOL B — HIGH-QUALITY DISCOVERY,0,0,0,0,A,7,REVIEW,LEGACY,LOW CONFIDENCE,4,bangla;definition;part_of_speech;example,0,0,35.3,Tier A/B source quality; discovery candidate requiring external demand data,CONTENT REVIEW
309,cat,https://ovidhan.net/word/cat.html,POOL B — HIGH-QUALITY DISCOVERY,0,0,0,0,A,7,REVIEW,LEGACY,LOW CONFIDENCE,4,bangla;definition;part_of_speech;example,0,0,35.3,Tier A/B source quality; discovery candidate requiring external demand data,CONTENT REVIEW
310,catalog,https://ovidhan.net/word/catalog.html,POOL B — HIGH-QUALITY DISCOVERY,0,0,0,0,A,7,REVIEW,LEGACY,LOW CONFIDENCE,4,bangla;definition;part_of_speech;example,0,0,35.3,Tier A/B source quality; discovery candidate requiring external demand data,CONTENT REVIEW
311,catalogue,https://ovidhan.net/word/catalogue.html,POOL B — HIGH-QUALITY DISCOVERY,0,0,0,0,A,7,REVIEW,LEGACY,LOW CONFIDENCE,4,bangla;definition;part_of_speech;example,0,0,35.3,Tier A/B source quality; discovery candidate requiring external demand data,CONTENT REVIEW
312,catch,https://ovidhan.net/word/catch.html,POOL B — HIGH-QUALITY DISCOVERY,0,0,0,0,A,7,REVIEW,LEGACY,LOW CONFIDENCE,4,bangla;definition;part_of_speech;example,0,0,35.3,Tier A/B source quality; discovery candidate requiring external demand data,CONTENT REVIEW
313,categories,https://ovidhan.net/word/categories.html,POOL B — HIGH-QUALITY DISCOVERY,0,0,0,0,A,7,REVIEW,LEGACY,LOW CONFIDENCE,4,bangla;definition;part_of_speech;example,0,0,35.3,Tier A/B source quality; discovery candidate requiring external demand data,CONTENT REVIEW
314,category,https://ovidhan.net/word/category.html,POOL B — HIGH-QUALITY DISCOVERY,0,0,0,0,A,7,REVIEW,LEGACY,LOW CONFIDENCE,4,bangla;definition;part_of_speech;example,0,0,35.3,Tier A/B source quality; discovery candidate requiring external demand data,CONTENT REVIEW
315,catering,https://ovidhan.net/word/catering.html,POOL B — HIGH-QUALITY DISCOVERY,0,0,0,0,A,7,REVIEW,LEGACY,LOW CONFIDENCE,4,bangla;definition;part_of_speech;example,0,0,35.3,Tier A/B source quality; discovery candidate requiring external demand data,CONTENT REVIEW
316,catholic,https://ovidhan.net/word/catholic.html,POOL B — HIGH-QUALITY DISCOVERY,0,0,0,0,A,7,REVIEW,LEGACY,LOW CONFIDENCE,4,bangla;definition;part_of_speech;example,0,0,35.3,Tier A/B source quality; discovery candidate requiring external demand data,CONTENT REVIEW
317,cats,https://ovidhan.net/word/cats.html,POOL B — HIGH-QUALITY DISCOVERY,0,0,0,0,A,7,REVIEW,LEGACY,LOW CONFIDENCE,4,bangla;definition;part_of_speech;example,0,0,35.3,Tier A/B source quality; discovery candidate requiring external demand data,CONTENT REVIEW
318,caught,https://ovidhan.net/word/caught.html,POOL B — HIGH-QUALITY DISCOVERY,0,0,0,0,A,7,REVIEW,LEGACY,LOW CONFIDENCE,4,bangla;definition;part_of_speech;example,0,0,35.3,Tier A/B source quality; discovery candidate requiring external demand data,CONTENT REVIEW
319,cause,https://ovidhan.net/word/cause.html,POOL B — HIGH-QUALITY DISCOVERY,0,0,0,0,A,7,REVIEW,LEGACY,LOW CONFIDENCE,4,bangla;definition;part_of_speech;example,0,0,35.3,Tier A/B source quality; discovery candidate requiring external demand data,CONTENT REVIEW
320,caused,https://ovidhan.net/word/caused.html,POOL B — HIGH-QUALITY DISCOVERY,0,0,0,0,A,7,REVIEW,LEGACY,LOW CONFIDENCE,4,bangla;definition;part_of_speech;example,0,0,35.3,Tier A/B source quality; discovery candidate requiring external demand data,CONTENT REVIEW
321,causes,https://ovidhan.net/word/causes.html,POOL B — HIGH-QUALITY DISCOVERY,0,0,0,0,A,7,REVIEW,LEGACY,LOW CONFIDENCE,4,bangla;definition;part_of_speech;example,0,0,35.3,Tier A/B source quality; discovery candidate requiring external demand data,CONTENT REVIEW
322,cd,https://ovidhan.net/word/cd.html,POOL B — HIGH-QUALITY DISCOVERY,0,0,0,0,A,7,REVIEW,LEGACY,LOW CONFIDENCE,4,bangla;definition;part_of_speech;example,0,0,35.3,Tier A/B source quality; discovery candidate requiring external demand data,CONTENT REVIEW
323,cds,https://ovidhan.net/word/cds.html,POOL B — HIGH-QUALITY DISCOVERY,0,0,0,0,A,7,REVIEW,LEGACY,LOW CONFIDENCE,4,bangla;definition;part_of_speech;example,0,0,35.3,Tier A/B source quality; discovery candidate requiring external demand data,CONTENT REVIEW
324,celebrity,https://ovidhan.net/word/celebrity.html,POOL B — HIGH-QUALITY DISCOVERY,0,0,0,0,A,7,REVIEW,LEGACY,LOW CONFIDENCE,4,bangla;definition;part_of_speech;example,0,0,35.3,Tier A/B source quality; discovery candidate requiring external demand data,CONTENT REVIEW
325,cell,https://ovidhan.net/word/cell.html,POOL B — HIGH-QUALITY DISCOVERY,0,0,0,0,A,7,REVIEW,LEGACY,LOW CONFIDENCE,4,bangla;definition;part_of_speech;example,0,0,35.3,Tier A/B source quality; discovery candidate requiring external demand data,CONTENT REVIEW
326,cells,https://ovidhan.net/word/cells.html,POOL B — HIGH-QUALITY DISCOVERY,0,0,0,0,A,7,REVIEW,LEGACY,LOW CONFIDENCE,4,bangla;definition;part_of_speech;example,0,0,35.3,Tier A/B source quality; discovery candidate requiring external demand data,CONTENT REVIEW
327,cellular,https://ovidhan.net/word/cellular.html,POOL B — HIGH-QUALITY DISCOVERY,0,0,0,0,A,7,REVIEW,LEGACY,LOW CONFIDENCE,4,bangla;definition;part_of_speech;example,0,0,35.3,Tier A/B source quality; discovery candidate requiring external demand data,CONTENT REVIEW
328,census,https://ovidhan.net/word/census.html,POOL B — HIGH-QUALITY DISCOVERY,0,0,0,0,A,7,REVIEW,LEGACY,LOW CONFIDENCE,4,bangla;definition;part_of_speech;example,0,0,35.3,Tier A/B source quality; discovery candidate requiring external demand data,CONTENT REVIEW
329,cent,https://ovidhan.net/word/cent.html,POOL B — HIGH-QUALITY DISCOVERY,0,0,0,0,A,7,REVIEW,LEGACY,LOW CONFIDENCE,4,bangla;definition;part_of_speech;example,0,0,35.3,Tier A/B source quality; discovery candidate requiring external demand data,CONTENT REVIEW
330,center,https://ovidhan.net/word/center.html,POOL B — HIGH-QUALITY DISCOVERY,0,0,0,0,A,7,REVIEW,LEGACY,LOW CONFIDENCE,4,bangla;definition;part_of_speech;example,0,0,35.3,Tier A/B source quality; discovery candidate requiring external demand data,CONTENT REVIEW
331,centers,https://ovidhan.net/word/centers.html,POOL B — HIGH-QUALITY DISCOVERY,0,0,0,0,A,7,REVIEW,LEGACY,LOW CONFIDENCE,4,bangla;definition;part_of_speech;example,0,0,35.3,Tier A/B source quality; discovery candidate requiring external demand data,CONTENT REVIEW
332,central,https://ovidhan.net/word/central.html,POOL B — HIGH-QUALITY DISCOVERY,0,0,0,0,A,7,REVIEW,LEGACY,LOW CONFIDENCE,4,bangla;definition;part_of_speech;example,0,0,35.3,Tier A/B source quality; discovery candidate requiring external demand data,CONTENT REVIEW
333,centre,https://ovidhan.net/word/centre.html,POOL B — HIGH-QUALITY DISCOVERY,0,0,0,0,A,7,REVIEW,LEGACY,LOW CONFIDENCE,4,bangla;definition;part_of_speech;example,0,0,35.3,Tier A/B source quality; discovery candidate requiring external demand data,CONTENT REVIEW
334,centres,https://ovidhan.net/word/centres.html,POOL B — HIGH-QUALITY DISCOVERY,0,0,0,0,A,7,REVIEW,LEGACY,LOW CONFIDENCE,4,bangla;definition;part_of_speech;example,0,0,35.3,Tier A/B source quality; discovery candidate requiring external demand data,CONTENT REVIEW
335,century,https://ovidhan.net/word/century.html,POOL B — HIGH-QUALITY DISCOVERY,0,0,0,0,A,7,REVIEW,LEGACY,LOW CONFIDENCE,4,bangla;definition;part_of_speech;example,0,0,35.3,Tier A/B source quality; discovery candidate requiring external demand data,CONTENT REVIEW
336,ceo,https://ovidhan.net/word/ceo.html,POOL B — HIGH-QUALITY DISCOVERY,0,0,0,0,A,7,REVIEW,LEGACY,LOW CONFIDENCE,4,bangla;definition;part_of_speech;example,0,0,35.3,Tier A/B source quality; discovery candidate requiring external demand data,CONTENT REVIEW
337,certain,https://ovidhan.net/word/certain.html,POOL B — HIGH-QUALITY DISCOVERY,0,0,0,0,A,7,REVIEW,LEGACY,LOW CONFIDENCE,4,bangla;definition;part_of_speech;example,0,0,35.3,Tier A/B source quality; discovery candidate requiring external demand data,CONTENT REVIEW
338,certainly,https://ovidhan.net/word/certainly.html,POOL B — HIGH-QUALITY DISCOVERY,0,0,0,0,A,7,REVIEW,LEGACY,LOW CONFIDENCE,4,bangla;definition;part_of_speech;example,0,0,35.3,Tier A/B source quality; discovery candidate requiring external demand data,CONTENT REVIEW
339,certificate,https://ovidhan.net/word/certificate.html,POOL B — HIGH-QUALITY DISCOVERY,0,0,0,0,A,7,REVIEW,LEGACY,LOW CONFIDENCE,4,bangla;definition;part_of_speech;example,0,0,35.3,Tier A/B source quality; discovery candidate requiring external demand data,CONTENT REVIEW
340,certificates,https://ovidhan.net/word/certificates.html,POOL B — HIGH-QUALITY DISCOVERY,0,0,0,0,A,7,REVIEW,LEGACY,LOW CONFIDENCE,4,bangla;definition;part_of_speech;example,0,0,35.3,Tier A/B source quality; discovery candidate requiring external demand data,CONTENT REVIEW
341,certification,https://ovidhan.net/word/certification.html,POOL B — HIGH-QUALITY DISCOVERY,0,0,0,0,A,7,REVIEW,LEGACY,LOW CONFIDENCE,4,bangla;definition;part_of_speech;example,0,0,35.3,Tier A/B source quality; discovery candidate requiring external demand data,CONTENT REVIEW
342,certified,https://ovidhan.net/word/certified.html,POOL B — HIGH-QUALITY DISCOVERY,0,0,0,0,A,7,REVIEW,LEGACY,LOW CONFIDENCE,4,bangla;definition;part_of_speech;example,0,0,35.3,Tier A/B source quality; discovery candidate requiring external demand data,CONTENT REVIEW
343,chain,https://ovidhan.net/word/chain.html,POOL B — HIGH-QUALITY DISCOVERY,0,0,0,0,A,7,REVIEW,LEGACY,LOW CONFIDENCE,4,bangla;definition;part_of_speech;example,0,0,35.3,Tier A/B source quality; discovery candidate requiring external demand data,CONTENT REVIEW
344,chair,https://ovidhan.net/word/chair.html,POOL B — HIGH-QUALITY DISCOVERY,0,0,0,0,A,7,REVIEW,LEGACY,LOW CONFIDENCE,4,bangla;definition;part_of_speech;example,0,0,35.3,Tier A/B source quality; discovery candidate requiring external demand data,CONTENT REVIEW
345,chairman,https://ovidhan.net/word/chairman.html,POOL B — HIGH-QUALITY DISCOVERY,0,0,0,0,A,7,REVIEW,LEGACY,LOW CONFIDENCE,4,bangla;definition;part_of_speech;example,0,0,35.3,Tier A/B source quality; discovery candidate requiring external demand data,CONTENT REVIEW
346,chairs,https://ovidhan.net/word/chairs.html,POOL B — HIGH-QUALITY DISCOVERY,0,0,0,0,A,7,REVIEW,LEGACY,LOW CONFIDENCE,4,bangla;definition;part_of_speech;example,0,0,35.3,Tier A/B source quality; discovery candidate requiring external demand data,CONTENT REVIEW
347,challenge,https://ovidhan.net/word/challenge.html,POOL B — HIGH-QUALITY DISCOVERY,0,0,0,0,A,7,REVIEW,LEGACY,LOW CONFIDENCE,4,bangla;definition;part_of_speech;example,0,0,35.3,Tier A/B source quality; discovery candidate requiring external demand data,CONTENT REVIEW
348,challenges,https://ovidhan.net/word/challenges.html,POOL B — HIGH-QUALITY DISCOVERY,0,0,0,0,A,7,REVIEW,LEGACY,LOW CONFIDENCE,4,bangla;definition;part_of_speech;example,0,0,35.3,Tier A/B source quality; discovery candidate requiring external demand data,CONTENT REVIEW
349,chamber,https://ovidhan.net/word/chamber.html,POOL B — HIGH-QUALITY DISCOVERY,0,0,0,0,A,7,REVIEW,LEGACY,LOW CONFIDENCE,4,bangla;definition;part_of_speech;example,0,0,35.3,Tier A/B source quality; discovery candidate requiring external demand data,CONTENT REVIEW
350,champion,https://ovidhan.net/word/champion.html,POOL B — HIGH-QUALITY DISCOVERY,0,0,0,0,A,7,REVIEW,LEGACY,LOW CONFIDENCE,4,bangla;definition;part_of_speech;example,0,0,35.3,Tier A/B source quality; discovery candidate requiring external demand data,CONTENT REVIEW
351,championship,https://ovidhan.net/word/championship.html,POOL B — HIGH-QUALITY DISCOVERY,0,0,0,0,A,7,REVIEW,LEGACY,LOW CONFIDENCE,4,bangla;definition;part_of_speech;example,0,0,35.3,Tier A/B source quality; discovery candidate requiring external demand data,CONTENT REVIEW
352,chance,https://ovidhan.net/word/chance.html,POOL B — HIGH-QUALITY DISCOVERY,0,0,0,0,A,7,REVIEW,LEGACY,LOW CONFIDENCE,4,bangla;definition;part_of_speech;example,0,0,35.3,Tier A/B source quality; discovery candidate requiring external demand data,CONTENT REVIEW
353,change,https://ovidhan.net/word/change.html,POOL B — HIGH-QUALITY DISCOVERY,0,0,0,0,A,7,REVIEW,LEGACY,LOW CONFIDENCE,4,bangla;definition;part_of_speech;example,0,0,35.3,Tier A/B source quality; discovery candidate requiring external demand data,CONTENT REVIEW
354,changed,https://ovidhan.net/word/changed.html,POOL B — HIGH-QUALITY DISCOVERY,0,0,0,0,A,7,REVIEW,LEGACY,LOW CONFIDENCE,4,bangla;definition;part_of_speech;example,0,0,35.3,Tier A/B source quality; discovery candidate requiring external demand data,CONTENT REVIEW
355,changes,https://ovidhan.net/word/changes.html,POOL B — HIGH-QUALITY DISCOVERY,0,0,0,0,A,7,REVIEW,LEGACY,LOW CONFIDENCE,4,bangla;definition;part_of_speech;example,0,0,35.3,Tier A/B source quality; discovery candidate requiring external demand data,CONTENT REVIEW
356,changing,https://ovidhan.net/word/changing.html,POOL B — HIGH-QUALITY DISCOVERY,0,0,0,0,A,7,REVIEW,LEGACY,LOW CONFIDENCE,4,bangla;definition;part_of_speech;example,0,0,35.3,Tier A/B source quality; discovery candidate requiring external demand data,CONTENT REVIEW
357,channel,https://ovidhan.net/word/channel.html,POOL B — HIGH-QUALITY DISCOVERY,0,0,0,0,A,7,REVIEW,LEGACY,LOW CONFIDENCE,4,bangla;definition;part_of_speech;example,0,0,35.3,Tier A/B source quality; discovery candidate requiring external demand data,CONTENT REVIEW
358,channels,https://ovidhan.net/word/channels.html,POOL B — HIGH-QUALITY DISCOVERY,0,0,0,0,A,7,REVIEW,LEGACY,LOW CONFIDENCE,4,bangla;definition;part_of_speech;example,0,0,35.3,Tier A/B source quality; discovery candidate requiring external demand data,CONTENT REVIEW
359,chapter,https://ovidhan.net/word/chapter.html,POOL B — HIGH-QUALITY DISCOVERY,0,0,0,0,A,7,REVIEW,LEGACY,LOW CONFIDENCE,4,bangla;definition;part_of_speech;example,0,0,35.3,Tier A/B source quality; discovery candidate requiring external demand data,CONTENT REVIEW
360,char,https://ovidhan.net/word/char.html,POOL B — HIGH-QUALITY DISCOVERY,0,0,0,0,A,7,REVIEW,LEGACY,LOW CONFIDENCE,4,bangla;definition;part_of_speech;example,0,0,35.3,Tier A/B source quality; discovery candidate requiring external demand data,CONTENT REVIEW
361,character,https://ovidhan.net/word/character.html,POOL B — HIGH-QUALITY DISCOVERY,0,0,0,0,A,7,REVIEW,LEGACY,LOW CONFIDENCE,4,bangla;definition;part_of_speech;example,0,0,35.3,Tier A/B source quality; discovery candidate requiring external demand data,CONTENT REVIEW
362,characteristics,https://ovidhan.net/word/characteristics.html,POOL B — HIGH-QUALITY DISCOVERY,0,0,0,0,A,7,REVIEW,LEGACY,LOW CONFIDENCE,4,bangla;definition;part_of_speech;example,0,0,35.3,Tier A/B source quality; discovery candidate requiring external demand data,CONTENT REVIEW
363,characters,https://ovidhan.net/word/characters.html,POOL B — HIGH-QUALITY DISCOVERY,0,0,0,0,A,7,REVIEW,LEGACY,LOW CONFIDENCE,4,bangla;definition;part_of_speech;example,0,0,35.3,Tier A/B source quality; discovery candidate requiring external demand data,CONTENT REVIEW
364,charge,https://ovidhan.net/word/charge.html,POOL B — HIGH-QUALITY DISCOVERY,0,0,0,0,A,7,REVIEW,LEGACY,LOW CONFIDENCE,4,bangla;definition;part_of_speech;example,0,0,35.3,Tier A/B source quality; discovery candidate requiring external demand data,CONTENT REVIEW
365,charged,https://ovidhan.net/word/charged.html,POOL B — HIGH-QUALITY DISCOVERY,0,0,0,0,A,7,REVIEW,LEGACY,LOW CONFIDENCE,4,bangla;definition;part_of_speech;example,0,0,35.3,Tier A/B source quality; discovery candidate requiring external demand data,CONTENT REVIEW
366,charger,https://ovidhan.net/word/charger.html,POOL B — HIGH-QUALITY DISCOVERY,0,0,0,0,A,7,REVIEW,LEGACY,LOW CONFIDENCE,4,bangla;definition;part_of_speech;example,0,0,35.3,Tier A/B source quality; discovery candidate requiring external demand data,CONTENT REVIEW
367,charges,https://ovidhan.net/word/charges.html,POOL B — HIGH-QUALITY DISCOVERY,0,0,0,0,A,7,REVIEW,LEGACY,LOW CONFIDENCE,4,bangla;definition;part_of_speech;example,0,0,35.3,Tier A/B source quality; discovery candidate requiring external demand data,CONTENT REVIEW
368,charity,https://ovidhan.net/word/charity.html,POOL B — HIGH-QUALITY DISCOVERY,0,0,0,0,A,7,REVIEW,LEGACY,LOW CONFIDENCE,4,bangla;definition;part_of_speech;example,0,0,35.3,Tier A/B source quality; discovery candidate requiring external demand data,CONTENT REVIEW
369,charles,https://ovidhan.net/word/charles.html,POOL B — HIGH-QUALITY DISCOVERY,0,0,0,0,A,7,REVIEW,LEGACY,LOW CONFIDENCE,4,bangla;definition;part_of_speech;example,0,0,35.3,Tier A/B source quality; discovery candidate requiring external demand data,CONTENT REVIEW
370,charlotte,https://ovidhan.net/word/charlotte.html,POOL B — HIGH-QUALITY DISCOVERY,0,0,0,0,A,7,REVIEW,LEGACY,LOW CONFIDENCE,4,bangla;definition;part_of_speech;example,0,0,35.3,Tier A/B source quality; discovery candidate requiring external demand data,CONTENT REVIEW
371,chart,https://ovidhan.net/word/chart.html,POOL B — HIGH-QUALITY DISCOVERY,0,0,0,0,A,7,REVIEW,LEGACY,LOW CONFIDENCE,4,bangla;definition;part_of_speech;example,0,0,35.3,Tier A/B source quality; discovery candidate requiring external demand data,CONTENT REVIEW
372,charter,https://ovidhan.net/word/charter.html,POOL B — HIGH-QUALITY DISCOVERY,0,0,0,0,A,7,REVIEW,LEGACY,LOW CONFIDENCE,4,bangla;definition;part_of_speech;example,0,0,35.3,Tier A/B source quality; discovery candidate requiring external demand data,CONTENT REVIEW
373,charts,https://ovidhan.net/word/charts.html,POOL B — HIGH-QUALITY DISCOVERY,0,0,0,0,A,7,REVIEW,LEGACY,LOW CONFIDENCE,4,bangla;definition;part_of_speech;example,0,0,35.3,Tier A/B source quality; discovery candidate requiring external demand data,CONTENT REVIEW
374,chat,https://ovidhan.net/word/chat.html,POOL B — HIGH-QUALITY DISCOVERY,0,0,0,0,A,7,REVIEW,LEGACY,LOW CONFIDENCE,4,bangla;definition;part_of_speech;example,0,0,35.3,Tier A/B source quality; discovery candidate requiring external demand data,CONTENT REVIEW
375,cheap,https://ovidhan.net/word/cheap.html,POOL B — HIGH-QUALITY DISCOVERY,0,0,0,0,A,7,REVIEW,LEGACY,LOW CONFIDENCE,4,bangla;definition;part_of_speech;example,0,0,35.3,Tier A/B source quality; discovery candidate requiring external demand data,CONTENT REVIEW
376,cheats,https://ovidhan.net/word/cheats.html,POOL B — HIGH-QUALITY DISCOVERY,0,0,0,0,A,7,REVIEW,LEGACY,LOW CONFIDENCE,4,bangla;definition;part_of_speech;example,0,0,35.3,Tier A/B source quality; discovery candidate requiring external demand data,CONTENT REVIEW
377,check,https://ovidhan.net/word/check.html,POOL B — HIGH-QUALITY DISCOVERY,0,0,0,0,A,7,REVIEW,LEGACY,LOW CONFIDENCE,4,bangla;definition;part_of_speech;example,0,0,35.3,Tier A/B source quality; discovery candidate requiring external demand data,CONTENT REVIEW
378,checked,https://ovidhan.net/word/checked.html,POOL B — HIGH-QUALITY DISCOVERY,0,0,0,0,A,7,REVIEW,LEGACY,LOW CONFIDENCE,4,bangla;definition;part_of_speech;example,0,0,35.3,Tier A/B source quality; discovery candidate requiring external demand data,CONTENT REVIEW
379,checking,https://ovidhan.net/word/checking.html,POOL B — HIGH-QUALITY DISCOVERY,0,0,0,0,A,7,REVIEW,LEGACY,LOW CONFIDENCE,4,bangla;definition;part_of_speech;example,0,0,35.3,Tier A/B source quality; discovery candidate requiring external demand data,CONTENT REVIEW
380,checkout,https://ovidhan.net/word/checkout.html,POOL B — HIGH-QUALITY DISCOVERY,0,0,0,0,A,7,REVIEW,LEGACY,LOW CONFIDENCE,4,bangla;definition;part_of_speech;example,0,0,35.3,Tier A/B source quality; discovery candidate requiring external demand data,CONTENT REVIEW
381,checks,https://ovidhan.net/word/checks.html,POOL B — HIGH-QUALITY DISCOVERY,0,0,0,0,A,7,REVIEW,LEGACY,LOW CONFIDENCE,4,bangla;definition;part_of_speech;example,0,0,35.3,Tier A/B source quality; discovery candidate requiring external demand data,CONTENT REVIEW
382,cheese,https://ovidhan.net/word/cheese.html,POOL B — HIGH-QUALITY DISCOVERY,0,0,0,0,A,7,REVIEW,LEGACY,LOW CONFIDENCE,4,bangla;definition;part_of_speech;example,0,0,35.3,Tier A/B source quality; discovery candidate requiring external demand data,CONTENT REVIEW
383,chemical,https://ovidhan.net/word/chemical.html,POOL B — HIGH-QUALITY DISCOVERY,0,0,0,0,A,7,REVIEW,LEGACY,LOW CONFIDENCE,4,bangla;definition;part_of_speech;example,0,0,35.3,Tier A/B source quality; discovery candidate requiring external demand data,CONTENT REVIEW
384,chemicals,https://ovidhan.net/word/chemicals.html,POOL B — HIGH-QUALITY DISCOVERY,0,0,0,0,A,7,REVIEW,LEGACY,LOW CONFIDENCE,4,bangla;definition;part_of_speech;example,0,0,35.3,Tier A/B source quality; discovery candidate requiring external demand data,CONTENT REVIEW
385,chemistry,https://ovidhan.net/word/chemistry.html,POOL B — HIGH-QUALITY DISCOVERY,0,0,0,0,A,7,REVIEW,LEGACY,LOW CONFIDENCE,4,bangla;definition;part_of_speech;example,0,0,35.3,Tier A/B source quality; discovery candidate requiring external demand data,CONTENT REVIEW
386,chest,https://ovidhan.net/word/chest.html,POOL B — HIGH-QUALITY DISCOVERY,0,0,0,0,A,7,REVIEW,LEGACY,LOW CONFIDENCE,4,bangla;definition;part_of_speech;example,0,0,35.3,Tier A/B source quality; discovery candidate requiring external demand data,CONTENT REVIEW
387,chicago,https://ovidhan.net/word/chicago.html,POOL B — HIGH-QUALITY DISCOVERY,0,0,0,0,A,7,REVIEW,LEGACY,LOW CONFIDENCE,4,bangla;definition;part_of_speech;example,0,0,35.3,Tier A/B source quality; discovery candidate requiring external demand data,CONTENT REVIEW
388,chicken,https://ovidhan.net/word/chicken.html,POOL B — HIGH-QUALITY DISCOVERY,0,0,0,0,A,7,REVIEW,LEGACY,LOW CONFIDENCE,4,bangla;definition;part_of_speech;example,0,0,35.3,Tier A/B source quality; discovery candidate requiring external demand data,CONTENT REVIEW
389,chief,https://ovidhan.net/word/chief.html,POOL B — HIGH-QUALITY DISCOVERY,0,0,0,0,A,7,REVIEW,LEGACY,LOW CONFIDENCE,4,bangla;definition;part_of_speech;example,0,0,35.3,Tier A/B source quality; discovery candidate requiring external demand data,CONTENT REVIEW
390,child,https://ovidhan.net/word/child.html,POOL B — HIGH-QUALITY DISCOVERY,0,0,0,0,A,7,REVIEW,LEGACY,LOW CONFIDENCE,4,bangla;definition;part_of_speech;example,0,0,35.3,Tier A/B source quality; discovery candidate requiring external demand data,CONTENT REVIEW
391,children,https://ovidhan.net/word/children.html,POOL B — HIGH-QUALITY DISCOVERY,0,0,0,0,A,7,REVIEW,LEGACY,LOW CONFIDENCE,4,bangla;definition;part_of_speech;example,0,0,35.3,Tier A/B source quality; discovery candidate requiring external demand data,CONTENT REVIEW
392,chile,https://ovidhan.net/word/chile.html,POOL B — HIGH-QUALITY DISCOVERY,0,0,0,0,A,7,REVIEW,LEGACY,LOW CONFIDENCE,4,bangla;definition;part_of_speech;example,0,0,35.3,Tier A/B source quality; discovery candidate requiring external demand data,CONTENT REVIEW
393,china,https://ovidhan.net/word/china.html,POOL B — HIGH-QUALITY DISCOVERY,0,0,0,0,A,7,REVIEW,LEGACY,LOW CONFIDENCE,4,bangla;definition;part_of_speech;example,0,0,35.3,Tier A/B source quality; discovery candidate requiring external demand data,CONTENT REVIEW
394,chinese,https://ovidhan.net/word/chinese.html,POOL B — HIGH-QUALITY DISCOVERY,0,0,0,0,A,7,REVIEW,LEGACY,LOW CONFIDENCE,4,bangla;definition;part_of_speech;example,0,0,35.3,Tier A/B source quality; discovery candidate requiring external demand data,CONTENT REVIEW
395,chip,https://ovidhan.net/word/chip.html,POOL B — HIGH-QUALITY DISCOVERY,0,0,0,0,A,7,REVIEW,LEGACY,LOW CONFIDENCE,4,bangla;definition;part_of_speech;example,0,0,35.3,Tier A/B source quality; discovery candidate requiring external demand data,CONTENT REVIEW
396,chips,https://ovidhan.net/word/chips.html,POOL B — HIGH-QUALITY DISCOVERY,0,0,0,0,A,7,REVIEW,LEGACY,LOW CONFIDENCE,4,bangla;definition;part_of_speech;example,0,0,35.3,Tier A/B source quality; discovery candidate requiring external demand data,CONTENT REVIEW
397,chocolate,https://ovidhan.net/word/chocolate.html,POOL B — HIGH-QUALITY DISCOVERY,0,0,0,0,A,7,REVIEW,LEGACY,LOW CONFIDENCE,4,bangla;definition;part_of_speech;example,0,0,35.3,Tier A/B source quality; discovery candidate requiring external demand data,CONTENT REVIEW
398,choice,https://ovidhan.net/word/choice.html,POOL B — HIGH-QUALITY DISCOVERY,0,0,0,0,A,7,REVIEW,LEGACY,LOW CONFIDENCE,4,bangla;definition;part_of_speech;example,0,0,35.3,Tier A/B source quality; discovery candidate requiring external demand data,CONTENT REVIEW
399,choices,https://ovidhan.net/word/choices.html,POOL B — HIGH-QUALITY DISCOVERY,0,0,0,0,A,7,REVIEW,LEGACY,LOW CONFIDENCE,4,bangla;definition;part_of_speech;example,0,0,35.3,Tier A/B source quality; discovery candidate requiring external demand data,CONTENT REVIEW
400,choose,https://ovidhan.net/word/choose.html,POOL B — HIGH-QUALITY DISCOVERY,0,0,0,0,A,7,REVIEW,LEGACY,LOW CONFIDENCE,4,bangla;definition;part_of_speech;example,0,0,35.3,Tier A/B source quality; discovery candidate requiring external demand data,CONTENT REVIEW
401,chosen,https://ovidhan.net/word/chosen.html,POOL B — HIGH-QUALITY DISCOVERY,0,0,0,0,A,7,REVIEW,LEGACY,LOW CONFIDENCE,4,bangla;definition;part_of_speech;example,0,0,35.3,Tier A/B source quality; discovery candidate requiring external demand data,CONTENT REVIEW
402,christ,https://ovidhan.net/word/christ.html,POOL B — HIGH-QUALITY DISCOVERY,0,0,0,0,A,7,REVIEW,LEGACY,LOW CONFIDENCE,4,bangla;definition;part_of_speech;example,0,0,35.3,Tier A/B source quality; discovery candidate requiring external demand data,CONTENT REVIEW
403,christian,https://ovidhan.net/word/christian.html,POOL B — HIGH-QUALITY DISCOVERY,0,0,0,0,A,7,REVIEW,LEGACY,LOW CONFIDENCE,4,bangla;definition;part_of_speech;example,0,0,35.3,Tier A/B source quality; discovery candidate requiring external demand data,CONTENT REVIEW
404,christmas,https://ovidhan.net/word/christmas.html,POOL B — HIGH-QUALITY DISCOVERY,0,0,0,0,A,7,REVIEW,LEGACY,LOW CONFIDENCE,4,bangla;definition;part_of_speech;example,0,0,35.3,Tier A/B source quality; discovery candidate requiring external demand data,CONTENT REVIEW
405,christopher,https://ovidhan.net/word/christopher.html,POOL B — HIGH-QUALITY DISCOVERY,0,0,0,0,A,7,REVIEW,LEGACY,LOW CONFIDENCE,4,bangla;definition;part_of_speech;example,0,0,35.3,Tier A/B source quality; discovery candidate requiring external demand data,CONTENT REVIEW
406,chronic,https://ovidhan.net/word/chronic.html,POOL B — HIGH-QUALITY DISCOVERY,0,0,0,0,A,7,REVIEW,LEGACY,LOW CONFIDENCE,4,bangla;definition;part_of_speech;example,0,0,35.3,Tier A/B source quality; discovery candidate requiring external demand data,CONTENT REVIEW
407,church,https://ovidhan.net/word/church.html,POOL B — HIGH-QUALITY DISCOVERY,0,0,0,0,A,7,REVIEW,LEGACY,LOW CONFIDENCE,4,bangla;definition;part_of_speech;example,0,0,35.3,Tier A/B source quality; discovery candidate requiring external demand data,CONTENT REVIEW
408,churches,https://ovidhan.net/word/churches.html,POOL B — HIGH-QUALITY DISCOVERY,0,0,0,0,A,7,REVIEW,LEGACY,LOW CONFIDENCE,4,bangla;definition;part_of_speech;example,0,0,35.3,Tier A/B source quality; discovery candidate requiring external demand data,CONTENT REVIEW
409,cincinnati,https://ovidhan.net/word/cincinnati.html,POOL B — HIGH-QUALITY DISCOVERY,0,0,0,0,A,7,REVIEW,LEGACY,LOW CONFIDENCE,4,bangla;definition;part_of_speech;example,0,0,35.3,Tier A/B source quality; discovery candidate requiring external demand data,CONTENT REVIEW
410,cinema,https://ovidhan.net/word/cinema.html,POOL B — HIGH-QUALITY DISCOVERY,0,0,0,0,A,7,REVIEW,LEGACY,LOW CONFIDENCE,4,bangla;definition;part_of_speech;example,0,0,35.3,Tier A/B source quality; discovery candidate requiring external demand data,CONTENT REVIEW
411,circle,https://ovidhan.net/word/circle.html,POOL B — HIGH-QUALITY DISCOVERY,0,0,0,0,A,7,REVIEW,LEGACY,LOW CONFIDENCE,4,bangla;definition;part_of_speech;example,0,0,35.3,Tier A/B source quality; discovery candidate requiring external demand data,CONTENT REVIEW
412,circuit,https://ovidhan.net/word/circuit.html,POOL B — HIGH-QUALITY DISCOVERY,0,0,0,0,A,7,REVIEW,LEGACY,LOW CONFIDENCE,4,bangla;definition;part_of_speech;example,0,0,35.3,Tier A/B source quality; discovery candidate requiring external demand data,CONTENT REVIEW
413,circumstances,https://ovidhan.net/word/circumstances.html,POOL B — HIGH-QUALITY DISCOVERY,0,0,0,0,A,7,REVIEW,LEGACY,LOW CONFIDENCE,4,bangla;definition;part_of_speech;example,0,0,35.3,Tier A/B source quality; discovery candidate requiring external demand data,CONTENT REVIEW
414,cisco,https://ovidhan.net/word/cisco.html,POOL B — HIGH-QUALITY DISCOVERY,0,0,0,0,A,7,REVIEW,LEGACY,LOW CONFIDENCE,4,bangla;definition;part_of_speech;example,0,0,35.3,Tier A/B source quality; discovery candidate requiring external demand data,CONTENT REVIEW
415,cities,https://ovidhan.net/word/cities.html,POOL B — HIGH-QUALITY DISCOVERY,0,0,0,0,A,7,REVIEW,LEGACY,LOW CONFIDENCE,4,bangla;definition;part_of_speech;example,0,0,35.3,Tier A/B source quality; discovery candidate requiring external demand data,CONTENT REVIEW
416,citizen,https://ovidhan.net/word/citizen.html,POOL B — HIGH-QUALITY DISCOVERY,0,0,0,0,A,7,REVIEW,LEGACY,LOW CONFIDENCE,4,bangla;definition;part_of_speech;example,0,0,35.3,Tier A/B source quality; discovery candidate requiring external demand data,CONTENT REVIEW
417,citizens,https://ovidhan.net/word/citizens.html,POOL B — HIGH-QUALITY DISCOVERY,0,0,0,0,A,7,REVIEW,LEGACY,LOW CONFIDENCE,4,bangla;definition;part_of_speech;example,0,0,35.3,Tier A/B source quality; discovery candidate requiring external demand data,CONTENT REVIEW
418,city,https://ovidhan.net/word/city.html,POOL B — HIGH-QUALITY DISCOVERY,0,0,0,0,A,7,REVIEW,LEGACY,LOW CONFIDENCE,4,bangla;definition;part_of_speech;example,0,0,35.3,Tier A/B source quality; discovery candidate requiring external demand data,CONTENT REVIEW
419,civil,https://ovidhan.net/word/civil.html,POOL B — HIGH-QUALITY DISCOVERY,0,0,0,0,A,7,REVIEW,LEGACY,LOW CONFIDENCE,4,bangla;definition;part_of_speech;example,0,0,35.3,Tier A/B source quality; discovery candidate requiring external demand data,CONTENT REVIEW
420,claim,https://ovidhan.net/word/claim.html,POOL B — HIGH-QUALITY DISCOVERY,0,0,0,0,A,7,REVIEW,LEGACY,LOW CONFIDENCE,4,bangla;definition;part_of_speech;example,0,0,35.3,Tier A/B source quality; discovery candidate requiring external demand data,CONTENT REVIEW
421,claims,https://ovidhan.net/word/claims.html,POOL B — HIGH-QUALITY DISCOVERY,0,0,0,0,A,7,REVIEW,LEGACY,LOW CONFIDENCE,4,bangla;definition;part_of_speech;example,0,0,35.3,Tier A/B source quality; discovery candidate requiring external demand data,CONTENT REVIEW
422,clark,https://ovidhan.net/word/clark.html,POOL B — HIGH-QUALITY DISCOVERY,0,0,0,0,A,7,REVIEW,LEGACY,LOW CONFIDENCE,4,bangla;definition;part_of_speech;example,0,0,35.3,Tier A/B source quality; discovery candidate requiring external demand data,CONTENT REVIEW
423,class,https://ovidhan.net/word/class.html,POOL B — HIGH-QUALITY DISCOVERY,0,0,0,0,A,7,REVIEW,LEGACY,LOW CONFIDENCE,4,bangla;definition;part_of_speech;example,0,0,35.3,Tier A/B source quality; discovery candidate requiring external demand data,CONTENT REVIEW
424,classes,https://ovidhan.net/word/classes.html,POOL B — HIGH-QUALITY DISCOVERY,0,0,0,0,A,7,REVIEW,LEGACY,LOW CONFIDENCE,4,bangla;definition;part_of_speech;example,0,0,35.3,Tier A/B source quality; discovery candidate requiring external demand data,CONTENT REVIEW
425,classic,https://ovidhan.net/word/classic.html,POOL B — HIGH-QUALITY DISCOVERY,0,0,0,0,A,7,REVIEW,LEGACY,LOW CONFIDENCE,4,bangla;definition;part_of_speech;example,0,0,35.3,Tier A/B source quality; discovery candidate requiring external demand data,CONTENT REVIEW
426,classical,https://ovidhan.net/word/classical.html,POOL B — HIGH-QUALITY DISCOVERY,0,0,0,0,A,7,REVIEW,LEGACY,LOW CONFIDENCE,4,bangla;definition;part_of_speech;example,0,0,35.3,Tier A/B source quality; discovery candidate requiring external demand data,CONTENT REVIEW
427,classics,https://ovidhan.net/word/classics.html,POOL B — HIGH-QUALITY DISCOVERY,0,0,0,0,A,7,REVIEW,LEGACY,LOW CONFIDENCE,4,bangla;definition;part_of_speech;example,0,0,35.3,Tier A/B source quality; discovery candidate requiring external demand data,CONTENT REVIEW
428,classification,https://ovidhan.net/word/classification.html,POOL B — HIGH-QUALITY DISCOVERY,0,0,0,0,A,7,REVIEW,LEGACY,LOW CONFIDENCE,4,bangla;definition;part_of_speech;example,0,0,35.3,Tier A/B source quality; discovery candidate requiring external demand data,CONTENT REVIEW
429,classified,https://ovidhan.net/word/classified.html,POOL B — HIGH-QUALITY DISCOVERY,0,0,0,0,A,7,REVIEW,LEGACY,LOW CONFIDENCE,4,bangla;definition;part_of_speech;example,0,0,35.3,Tier A/B source quality; discovery candidate requiring external demand data,CONTENT REVIEW
430,classifieds,https://ovidhan.net/word/classifieds.html,POOL B — HIGH-QUALITY DISCOVERY,0,0,0,0,A,7,REVIEW,LEGACY,LOW CONFIDENCE,4,bangla;definition;part_of_speech;example,0,0,35.3,Tier A/B source quality; discovery candidate requiring external demand data,CONTENT REVIEW
431,classroom,https://ovidhan.net/word/classroom.html,POOL B — HIGH-QUALITY DISCOVERY,0,0,0,0,A,7,REVIEW,LEGACY,LOW CONFIDENCE,4,bangla;definition;part_of_speech;example,0,0,35.3,Tier A/B source quality; discovery candidate requiring external demand data,CONTENT REVIEW
432,clause,https://ovidhan.net/word/clause.html,POOL B — HIGH-QUALITY DISCOVERY,0,0,0,0,A,7,REVIEW,LEGACY,LOW CONFIDENCE,4,bangla;definition;part_of_speech;example,0,0,35.3,Tier A/B source quality; discovery candidate requiring external demand data,CONTENT REVIEW
433,clay,https://ovidhan.net/word/clay.html,POOL B — HIGH-QUALITY DISCOVERY,0,0,0,0,A,7,REVIEW,LEGACY,LOW CONFIDENCE,4,bangla;definition;part_of_speech;example,0,0,35.3,Tier A/B source quality; discovery candidate requiring external demand data,CONTENT REVIEW
434,clean,https://ovidhan.net/word/clean.html,POOL B — HIGH-QUALITY DISCOVERY,0,0,0,0,A,7,REVIEW,LEGACY,LOW CONFIDENCE,4,bangla;definition;part_of_speech;example,0,0,35.3,Tier A/B source quality; discovery candidate requiring external demand data,CONTENT REVIEW
435,cleaning,https://ovidhan.net/word/cleaning.html,POOL B — HIGH-QUALITY DISCOVERY,0,0,0,0,A,7,REVIEW,LEGACY,LOW CONFIDENCE,4,bangla;definition;part_of_speech;example,0,0,35.3,Tier A/B source quality; discovery candidate requiring external demand data,CONTENT REVIEW
436,clear,https://ovidhan.net/word/clear.html,POOL B — HIGH-QUALITY DISCOVERY,0,0,0,0,A,7,REVIEW,LEGACY,LOW CONFIDENCE,4,bangla;definition;part_of_speech;example,0,0,35.3,Tier A/B source quality; discovery candidate requiring external demand data,CONTENT REVIEW
437,clearance,https://ovidhan.net/word/clearance.html,POOL B — HIGH-QUALITY DISCOVERY,0,0,0,0,A,7,REVIEW,LEGACY,LOW CONFIDENCE,4,bangla;definition;part_of_speech;example,0,0,35.3,Tier A/B source quality; discovery candidate requiring external demand data,CONTENT REVIEW
438,clearly,https://ovidhan.net/word/clearly.html,POOL B — HIGH-QUALITY DISCOVERY,0,0,0,0,A,7,REVIEW,LEGACY,LOW CONFIDENCE,4,bangla;definition;part_of_speech;example,0,0,35.3,Tier A/B source quality; discovery candidate requiring external demand data,CONTENT REVIEW
439,cleveland,https://ovidhan.net/word/cleveland.html,POOL B — HIGH-QUALITY DISCOVERY,0,0,0,0,A,7,REVIEW,LEGACY,LOW CONFIDENCE,4,bangla;definition;part_of_speech;example,0,0,35.3,Tier A/B source quality; discovery candidate requiring external demand data,CONTENT REVIEW
440,click,https://ovidhan.net/word/click.html,POOL B — HIGH-QUALITY DISCOVERY,0,0,0,0,A,7,REVIEW,LEGACY,LOW CONFIDENCE,4,bangla;definition;part_of_speech;example,0,0,35.3,Tier A/B source quality; discovery candidate requiring external demand data,CONTENT REVIEW
441,clicking,https://ovidhan.net/word/clicking.html,POOL B — HIGH-QUALITY DISCOVERY,0,0,0,0,A,7,REVIEW,LEGACY,LOW CONFIDENCE,4,bangla;definition;part_of_speech;example,0,0,35.3,Tier A/B source quality; discovery candidate requiring external demand data,CONTENT REVIEW
442,client,https://ovidhan.net/word/client.html,POOL B — HIGH-QUALITY DISCOVERY,0,0,0,0,A,7,REVIEW,LEGACY,LOW CONFIDENCE,4,bangla;definition;part_of_speech;example,0,0,35.3,Tier A/B source quality; discovery candidate requiring external demand data,CONTENT REVIEW
443,clients,https://ovidhan.net/word/clients.html,POOL B — HIGH-QUALITY DISCOVERY,0,0,0,0,A,7,REVIEW,LEGACY,LOW CONFIDENCE,4,bangla;definition;part_of_speech;example,0,0,35.3,Tier A/B source quality; discovery candidate requiring external demand data,CONTENT REVIEW
444,climate,https://ovidhan.net/word/climate.html,POOL B — HIGH-QUALITY DISCOVERY,0,0,0,0,A,7,REVIEW,LEGACY,LOW CONFIDENCE,4,bangla;definition;part_of_speech;example,0,0,35.3,Tier A/B source quality; discovery candidate requiring external demand data,CONTENT REVIEW
445,clinic,https://ovidhan.net/word/clinic.html,POOL B — HIGH-QUALITY DISCOVERY,0,0,0,0,A,7,REVIEW,LEGACY,LOW CONFIDENCE,4,bangla;definition;part_of_speech;example,0,0,35.3,Tier A/B source quality; discovery candidate requiring external demand data,CONTENT REVIEW
446,clinical,https://ovidhan.net/word/clinical.html,POOL B — HIGH-QUALITY DISCOVERY,0,0,0,0,A,7,REVIEW,LEGACY,LOW CONFIDENCE,4,bangla;definition;part_of_speech;example,0,0,35.3,Tier A/B source quality; discovery candidate requiring external demand data,CONTENT REVIEW
447,clinton,https://ovidhan.net/word/clinton.html,POOL B — HIGH-QUALITY DISCOVERY,0,0,0,0,A,7,REVIEW,LEGACY,LOW CONFIDENCE,4,bangla;definition;part_of_speech;example,0,0,35.3,Tier A/B source quality; discovery candidate requiring external demand data,CONTENT REVIEW
448,clip,https://ovidhan.net/word/clip.html,POOL B — HIGH-QUALITY DISCOVERY,0,0,0,0,A,7,REVIEW,LEGACY,LOW CONFIDENCE,4,bangla;definition;part_of_speech;example,0,0,35.3,Tier A/B source quality; discovery candidate requiring external demand data,CONTENT REVIEW
449,clips,https://ovidhan.net/word/clips.html,POOL B — HIGH-QUALITY DISCOVERY,0,0,0,0,A,7,REVIEW,LEGACY,LOW CONFIDENCE,4,bangla;definition;part_of_speech;example,0,0,35.3,Tier A/B source quality; discovery candidate requiring external demand data,CONTENT REVIEW
450,clock,https://ovidhan.net/word/clock.html,POOL B — HIGH-QUALITY DISCOVERY,0,0,0,0,A,7,REVIEW,LEGACY,LOW CONFIDENCE,4,bangla;definition;part_of_speech;example,0,0,35.3,Tier A/B source quality; discovery candidate requiring external demand data,CONTENT REVIEW
451,close,https://ovidhan.net/word/close.html,POOL B — HIGH-QUALITY DISCOVERY,0,0,0,0,A,7,REVIEW,LEGACY,LOW CONFIDENCE,4,bangla;definition;part_of_speech;example,0,0,35.3,Tier A/B source quality; discovery candidate requiring external demand data,CONTENT REVIEW
452,closed,https://ovidhan.net/word/closed.html,POOL B — HIGH-QUALITY DISCOVERY,0,0,0,0,A,7,REVIEW,LEGACY,LOW CONFIDENCE,4,bangla;definition;part_of_speech;example,0,0,35.3,Tier A/B source quality; discovery candidate requiring external demand data,CONTENT REVIEW
453,closely,https://ovidhan.net/word/closely.html,POOL B — HIGH-QUALITY DISCOVERY,0,0,0,0,A,7,REVIEW,LEGACY,LOW CONFIDENCE,4,bangla;definition;part_of_speech;example,0,0,35.3,Tier A/B source quality; discovery candidate requiring external demand data,CONTENT REVIEW
454,closer,https://ovidhan.net/word/closer.html,POOL B — HIGH-QUALITY DISCOVERY,0,0,0,0,A,7,REVIEW,LEGACY,LOW CONFIDENCE,4,bangla;definition;part_of_speech;example,0,0,35.3,Tier A/B source quality; discovery candidate requiring external demand data,CONTENT REVIEW
455,closing,https://ovidhan.net/word/closing.html,POOL B — HIGH-QUALITY DISCOVERY,0,0,0,0,A,7,REVIEW,LEGACY,LOW CONFIDENCE,4,bangla;definition;part_of_speech;example,0,0,35.3,Tier A/B source quality; discovery candidate requiring external demand data,CONTENT REVIEW
456,clothes,https://ovidhan.net/word/clothes.html,POOL B — HIGH-QUALITY DISCOVERY,0,0,0,0,A,7,REVIEW,LEGACY,LOW CONFIDENCE,4,bangla;definition;part_of_speech;example,0,0,35.3,Tier A/B source quality; discovery candidate requiring external demand data,CONTENT REVIEW
457,clothing,https://ovidhan.net/word/clothing.html,POOL B — HIGH-QUALITY DISCOVERY,0,0,0,0,A,7,REVIEW,LEGACY,LOW CONFIDENCE,4,bangla;definition;part_of_speech;example,0,0,35.3,Tier A/B source quality; discovery candidate requiring external demand data,CONTENT REVIEW
458,cloudy,https://ovidhan.net/word/cloudy.html,POOL B — HIGH-QUALITY DISCOVERY,0,0,0,0,A,7,REVIEW,LEGACY,LOW CONFIDENCE,4,bangla;definition;part_of_speech;example,0,0,35.3,Tier A/B source quality; discovery candidate requiring external demand data,CONTENT REVIEW
459,club,https://ovidhan.net/word/club.html,POOL B — HIGH-QUALITY DISCOVERY,0,0,0,0,A,7,REVIEW,LEGACY,LOW CONFIDENCE,4,bangla;definition;part_of_speech;example,0,0,35.3,Tier A/B source quality; discovery candidate requiring external demand data,CONTENT REVIEW
460,clubs,https://ovidhan.net/word/clubs.html,POOL B — HIGH-QUALITY DISCOVERY,0,0,0,0,A,7,REVIEW,LEGACY,LOW CONFIDENCE,4,bangla;definition;part_of_speech;example,0,0,35.3,Tier A/B source quality; discovery candidate requiring external demand data,CONTENT REVIEW
461,cluster,https://ovidhan.net/word/cluster.html,POOL B — HIGH-QUALITY DISCOVERY,0,0,0,0,A,7,REVIEW,LEGACY,LOW CONFIDENCE,4,bangla;definition;part_of_speech;example,0,0,35.3,Tier A/B source quality; discovery candidate requiring external demand data,CONTENT REVIEW
462,cm,https://ovidhan.net/word/cm.html,POOL B — HIGH-QUALITY DISCOVERY,0,0,0,0,A,7,REVIEW,LEGACY,LOW CONFIDENCE,4,bangla;definition;part_of_speech;example,0,0,35.3,Tier A/B source quality; discovery candidate requiring external demand data,CONTENT REVIEW
463,co,https://ovidhan.net/word/co.html,POOL B — HIGH-QUALITY DISCOVERY,0,0,0,0,A,7,REVIEW,LEGACY,LOW CONFIDENCE,4,bangla;definition;part_of_speech;example,0,0,35.3,Tier A/B source quality; discovery candidate requiring external demand data,CONTENT REVIEW
464,coach,https://ovidhan.net/word/coach.html,POOL B — HIGH-QUALITY DISCOVERY,0,0,0,0,A,7,REVIEW,LEGACY,LOW CONFIDENCE,4,bangla;definition;part_of_speech;example,0,0,35.3,Tier A/B source quality; discovery candidate requiring external demand data,CONTENT REVIEW
465,coast,https://ovidhan.net/word/coast.html,POOL B — HIGH-QUALITY DISCOVERY,0,0,0,0,A,7,REVIEW,LEGACY,LOW CONFIDENCE,4,bangla;definition;part_of_speech;example,0,0,35.3,Tier A/B source quality; discovery candidate requiring external demand data,CONTENT REVIEW
466,coastal,https://ovidhan.net/word/coastal.html,POOL B — HIGH-QUALITY DISCOVERY,0,0,0,0,A,7,REVIEW,LEGACY,LOW CONFIDENCE,4,bangla;definition;part_of_speech;example,0,0,35.3,Tier A/B source quality; discovery candidate requiring external demand data,CONTENT REVIEW
467,cock,https://ovidhan.net/word/cock.html,POOL B — HIGH-QUALITY DISCOVERY,0,0,0,0,A,7,REVIEW,LEGACY,LOW CONFIDENCE,4,bangla;definition;part_of_speech;example,0,0,35.3,Tier A/B source quality; discovery candidate requiring external demand data,CONTENT REVIEW
468,code,https://ovidhan.net/word/code.html,POOL B — HIGH-QUALITY DISCOVERY,0,0,0,0,A,7,REVIEW,LEGACY,LOW CONFIDENCE,4,bangla;definition;part_of_speech;example,0,0,35.3,Tier A/B source quality; discovery candidate requiring external demand data,CONTENT REVIEW
469,codes,https://ovidhan.net/word/codes.html,POOL B — HIGH-QUALITY DISCOVERY,0,0,0,0,A,7,REVIEW,LEGACY,LOW CONFIDENCE,4,bangla;definition;part_of_speech;example,0,0,35.3,Tier A/B source quality; discovery candidate requiring external demand data,CONTENT REVIEW
470,coffee,https://ovidhan.net/word/coffee.html,POOL B — HIGH-QUALITY DISCOVERY,0,0,0,0,A,7,REVIEW,LEGACY,LOW CONFIDENCE,4,bangla;definition;part_of_speech;example,0,0,35.3,Tier A/B source quality; discovery candidate requiring external demand data,CONTENT REVIEW
471,coins,https://ovidhan.net/word/coins.html,POOL B — HIGH-QUALITY DISCOVERY,0,0,0,0,A,7,REVIEW,LEGACY,LOW CONFIDENCE,4,bangla;definition;part_of_speech;example,0,0,35.3,Tier A/B source quality; discovery candidate requiring external demand data,CONTENT REVIEW
472,cold,https://ovidhan.net/word/cold.html,POOL B — HIGH-QUALITY DISCOVERY,0,0,0,0,A,7,REVIEW,LEGACY,LOW CONFIDENCE,4,bangla;definition;part_of_speech;example,0,0,35.3,Tier A/B source quality; discovery candidate requiring external demand data,CONTENT REVIEW
473,collaboration,https://ovidhan.net/word/collaboration.html,POOL B — HIGH-QUALITY DISCOVERY,0,0,0,0,A,7,REVIEW,LEGACY,LOW CONFIDENCE,4,bangla;definition;part_of_speech;example,0,0,35.3,Tier A/B source quality; discovery candidate requiring external demand data,CONTENT REVIEW
474,collect,https://ovidhan.net/word/collect.html,POOL B — HIGH-QUALITY DISCOVERY,0,0,0,0,A,7,REVIEW,LEGACY,LOW CONFIDENCE,4,bangla;definition;part_of_speech;example,0,0,35.3,Tier A/B source quality; discovery candidate requiring external demand data,CONTENT REVIEW
475,collectables,https://ovidhan.net/word/collectables.html,POOL B — HIGH-QUALITY DISCOVERY,0,0,0,0,A,7,REVIEW,LEGACY,LOW CONFIDENCE,4,bangla;definition;part_of_speech;example,0,0,35.3,Tier A/B source quality; discovery candidate requiring external demand data,CONTENT REVIEW
476,collected,https://ovidhan.net/word/collected.html,POOL B — HIGH-QUALITY DISCOVERY,0,0,0,0,A,7,REVIEW,LEGACY,LOW CONFIDENCE,4,bangla;definition;part_of_speech;example,0,0,35.3,Tier A/B source quality; discovery candidate requiring external demand data,CONTENT REVIEW
477,collectibles,https://ovidhan.net/word/collectibles.html,POOL B — HIGH-QUALITY DISCOVERY,0,0,0,0,A,7,REVIEW,LEGACY,LOW CONFIDENCE,4,bangla;definition;part_of_speech;example,0,0,35.3,Tier A/B source quality; discovery candidate requiring external demand data,CONTENT REVIEW
478,collection,https://ovidhan.net/word/collection.html,POOL B — HIGH-QUALITY DISCOVERY,0,0,0,0,A,7,REVIEW,LEGACY,LOW CONFIDENCE,4,bangla;definition;part_of_speech;example,0,0,35.3,Tier A/B source quality; discovery candidate requiring external demand data,CONTENT REVIEW
479,collections,https://ovidhan.net/word/collections.html,POOL B — HIGH-QUALITY DISCOVERY,0,0,0,0,A,7,REVIEW,LEGACY,LOW CONFIDENCE,4,bangla;definition;part_of_speech;example,0,0,35.3,Tier A/B source quality; discovery candidate requiring external demand data,CONTENT REVIEW
480,college,https://ovidhan.net/word/college.html,POOL B — HIGH-QUALITY DISCOVERY,0,0,0,0,A,7,REVIEW,LEGACY,LOW CONFIDENCE,4,bangla;definition;part_of_speech;example,0,0,35.3,Tier A/B source quality; discovery candidate requiring external demand data,CONTENT REVIEW
481,colleges,https://ovidhan.net/word/colleges.html,POOL B — HIGH-QUALITY DISCOVERY,0,0,0,0,A,7,REVIEW,LEGACY,LOW CONFIDENCE,4,bangla;definition;part_of_speech;example,0,0,35.3,Tier A/B source quality; discovery candidate requiring external demand data,CONTENT REVIEW
482,color,https://ovidhan.net/word/color.html,POOL B — HIGH-QUALITY DISCOVERY,0,0,0,0,A,7,REVIEW,LEGACY,LOW CONFIDENCE,4,bangla;definition;part_of_speech;example,0,0,35.3,Tier A/B source quality; discovery candidate requiring external demand data,CONTENT REVIEW
483,colorado,https://ovidhan.net/word/colorado.html,POOL B — HIGH-QUALITY DISCOVERY,0,0,0,0,A,7,REVIEW,LEGACY,LOW CONFIDENCE,4,bangla;definition;part_of_speech;example,0,0,35.3,Tier A/B source quality; discovery candidate requiring external demand data,CONTENT REVIEW
484,colors,https://ovidhan.net/word/colors.html,POOL B — HIGH-QUALITY DISCOVERY,0,0,0,0,A,7,REVIEW,LEGACY,LOW CONFIDENCE,4,bangla;definition;part_of_speech;example,0,0,35.3,Tier A/B source quality; discovery candidate requiring external demand data,CONTENT REVIEW
485,columbia,https://ovidhan.net/word/columbia.html,POOL B — HIGH-QUALITY DISCOVERY,0,0,0,0,A,7,REVIEW,LEGACY,LOW CONFIDENCE,4,bangla;definition;part_of_speech;example,0,0,35.3,Tier A/B source quality; discovery candidate requiring external demand data,CONTENT REVIEW
486,columbus,https://ovidhan.net/word/columbus.html,POOL B — HIGH-QUALITY DISCOVERY,0,0,0,0,A,7,REVIEW,LEGACY,LOW CONFIDENCE,4,bangla;definition;part_of_speech;example,0,0,35.3,Tier A/B source quality; discovery candidate requiring external demand data,CONTENT REVIEW
487,column,https://ovidhan.net/word/column.html,POOL B — HIGH-QUALITY DISCOVERY,0,0,0,0,A,7,REVIEW,LEGACY,LOW CONFIDENCE,4,bangla;definition;part_of_speech;example,0,0,35.3,Tier A/B source quality; discovery candidate requiring external demand data,CONTENT REVIEW
488,columns,https://ovidhan.net/word/columns.html,POOL B — HIGH-QUALITY DISCOVERY,0,0,0,0,A,7,REVIEW,LEGACY,LOW CONFIDENCE,4,bangla;definition;part_of_speech;example,0,0,35.3,Tier A/B source quality; discovery candidate requiring external demand data,CONTENT REVIEW
489,combat,https://ovidhan.net/word/combat.html,POOL B — HIGH-QUALITY DISCOVERY,0,0,0,0,A,7,REVIEW,LEGACY,LOW CONFIDENCE,4,bangla;definition;part_of_speech;example,0,0,35.3,Tier A/B source quality; discovery candidate requiring external demand data,CONTENT REVIEW
490,combination,https://ovidhan.net/word/combination.html,POOL B — HIGH-QUALITY DISCOVERY,0,0,0,0,A,7,REVIEW,LEGACY,LOW CONFIDENCE,4,bangla;definition;part_of_speech;example,0,0,35.3,Tier A/B source quality; discovery candidate requiring external demand data,CONTENT REVIEW
491,combined,https://ovidhan.net/word/combined.html,POOL B — HIGH-QUALITY DISCOVERY,0,0,0,0,A,7,REVIEW,LEGACY,LOW CONFIDENCE,4,bangla;definition;part_of_speech;example,0,0,35.3,Tier A/B source quality; discovery candidate requiring external demand data,CONTENT REVIEW
492,come,https://ovidhan.net/word/come.html,POOL B — HIGH-QUALITY DISCOVERY,0,0,0,0,A,7,REVIEW,LEGACY,LOW CONFIDENCE,4,bangla;definition;part_of_speech;example,0,0,35.3,Tier A/B source quality; discovery candidate requiring external demand data,CONTENT REVIEW
493,comedy,https://ovidhan.net/word/comedy.html,POOL B — HIGH-QUALITY DISCOVERY,0,0,0,0,A,7,REVIEW,LEGACY,LOW CONFIDENCE,4,bangla;definition;part_of_speech;example,0,0,35.3,Tier A/B source quality; discovery candidate requiring external demand data,CONTENT REVIEW
494,comes,https://ovidhan.net/word/comes.html,POOL B — HIGH-QUALITY DISCOVERY,0,0,0,0,A,7,REVIEW,LEGACY,LOW CONFIDENCE,4,bangla;definition;part_of_speech;example,0,0,35.3,Tier A/B source quality; discovery candidate requiring external demand data,CONTENT REVIEW
495,comfort,https://ovidhan.net/word/comfort.html,POOL B — HIGH-QUALITY DISCOVERY,0,0,0,0,A,7,REVIEW,LEGACY,LOW CONFIDENCE,4,bangla;definition;part_of_speech;example,0,0,35.3,Tier A/B source quality; discovery candidate requiring external demand data,CONTENT REVIEW
496,comfortable,https://ovidhan.net/word/comfortable.html,POOL B — HIGH-QUALITY DISCOVERY,0,0,0,0,A,7,REVIEW,LEGACY,LOW CONFIDENCE,4,bangla;definition;part_of_speech;example,0,0,35.3,Tier A/B source quality; discovery candidate requiring external demand data,CONTENT REVIEW
497,comic,https://ovidhan.net/word/comic.html,POOL B — HIGH-QUALITY DISCOVERY,0,0,0,0,A,7,REVIEW,LEGACY,LOW CONFIDENCE,4,bangla;definition;part_of_speech;example,0,0,35.3,Tier A/B source quality; discovery candidate requiring external demand data,CONTENT REVIEW
498,comics,https://ovidhan.net/word/comics.html,POOL B — HIGH-QUALITY DISCOVERY,0,0,0,0,A,7,REVIEW,LEGACY,LOW CONFIDENCE,4,bangla;definition;part_of_speech;example,0,0,35.3,Tier A/B source quality; discovery candidate requiring external demand data,CONTENT REVIEW
499,coming,https://ovidhan.net/word/coming.html,POOL B — HIGH-QUALITY DISCOVERY,0,0,0,0,A,7,REVIEW,LEGACY,LOW CONFIDENCE,4,bangla;definition;part_of_speech;example,0,0,35.3,Tier A/B source quality; discovery candidate requiring external demand data,CONTENT REVIEW
500,command,https://ovidhan.net/word/command.html,POOL B — HIGH-QUALITY DISCOVERY,0,0,0,0,A,7,REVIEW,LEGACY,LOW CONFIDENCE,4,bangla;definition;part_of_speech;example,0,0,35.3,Tier A/B source quality; discovery candidate requiring external demand data,CONTENT REVIEW
