url,word,global_clicks,global_impressions,global_ctr,global_position,metric_scope,country_confidence,country_data_requirement,path,tier,tier_score,migration_class,batch_1,legacy_page,self_canonical,useful_without_javascript,indexability_signals_pass
https://ovidhan.net/word/unconventional.html,unconventional,0,43,0.0,10.47,GLOBAL AGGREGATE — FRANCE CONTAMINATION POSSIBLE,LOW,Bangladesh-filtered GSC page/query export required,word/unconventional.html,D,0,THIN-LEGACY,False,True,True,False,False
https://ovidhan.net/word/newsweek.html,newsweek,0,27,0.0,9.59,GLOBAL AGGREGATE — FRANCE CONTAMINATION POSSIBLE,LOW,Bangladesh-filtered GSC page/query export required,word/newsweek.html,D,0,THIN-LEGACY,False,True,True,False,False
https://ovidhan.net/word/tension.html,tension,0,16,0.0,55.81,GLOBAL AGGREGATE — FRANCE CONTAMINATION POSSIBLE,LOW,Bangladesh-filtered GSC page/query export required,word/tension.html,B,3,REVIEW,False,True,True,False,False
https://ovidhan.net/word/mayhem.html,mayhem,0,15,0.0,11.6,GLOBAL AGGREGATE — FRANCE CONTAMINATION POSSIBLE,LOW,Bangladesh-filtered GSC page/query export required,word/mayhem.html,B,3,REVIEW,False,True,True,False,False
https://ovidhan.net/word/net-worth.html,net-worth,0,14,0.0,13.36,GLOBAL AGGREGATE — FRANCE CONTAMINATION POSSIBLE,LOW,Bangladesh-filtered GSC page/query export required,word/net-worth.html,B,3,REVIEW,False,True,True,False,False
https://ovidhan.net/word/occlusion.html,occlusion,0,14,0.0,32.79,GLOBAL AGGREGATE — FRANCE CONTAMINATION POSSIBLE,LOW,Bangladesh-filtered GSC page/query export required,word/occlusion.html,D,0,THIN-LEGACY,False,True,True,False,False
https://ovidhan.net/word/ronin.html,ronin,0,12,0.0,22.17,GLOBAL AGGREGATE — FRANCE CONTAMINATION POSSIBLE,LOW,Bangladesh-filtered GSC page/query export required,word/ronin.html,D,0,THIN-LEGACY,False,True,True,False,False
https://ovidhan.net/word/shenanigans.html,shenanigans,0,12,0.0,10.83,GLOBAL AGGREGATE — FRANCE CONTAMINATION POSSIBLE,LOW,Bangladesh-filtered GSC page/query export required,word/shenanigans.html,D,0,THIN-LEGACY,False,True,True,False,False
https://ovidhan.net/word/slytherin.html,slytherin,1,12,0.083333,10.42,GLOBAL AGGREGATE — FRANCE CONTAMINATION POSSIBLE,LOW,Bangladesh-filtered GSC page/query export required,word/slytherin.html,D,0,THIN-LEGACY,False,True,True,False,False
https://ovidhan.net/word/spanned.html,spanned,0,12,0.0,67.92,GLOBAL AGGREGATE — FRANCE CONTAMINATION POSSIBLE,LOW,Bangladesh-filtered GSC page/query export required,word/spanned.html,D,0,THIN-LEGACY,False,True,True,False,False
https://ovidhan.net/word/wiser.html,wiser,0,12,0.0,78.08,GLOBAL AGGREGATE — FRANCE CONTAMINATION POSSIBLE,LOW,Bangladesh-filtered GSC page/query export required,word/wiser.html,D,0,THIN-LEGACY,False,True,True,False,False
https://ovidhan.net/word/relational.html,relational,0,11,0.0,65.36,GLOBAL AGGREGATE — FRANCE CONTAMINATION POSSIBLE,LOW,Bangladesh-filtered GSC page/query export required,word/relational.html,D,0,THIN-LEGACY,False,True,True,False,False
https://ovidhan.net/word/vetted.html,vetted,0,11,0.0,68.64,GLOBAL AGGREGATE — FRANCE CONTAMINATION POSSIBLE,LOW,Bangladesh-filtered GSC page/query export required,word/vetted.html,D,0,THIN-LEGACY,False,True,True,False,False
https://ovidhan.net/word/without.html,without,0,11,0.0,76.64,GLOBAL AGGREGATE — FRANCE CONTAMINATION POSSIBLE,LOW,Bangladesh-filtered GSC page/query export required,word/without.html,B,3,REVIEW,False,True,True,False,False
https://ovidhan.net/word/ambidextrous.html,ambidextrous,0,10,0.0,71.2,GLOBAL AGGREGATE — FRANCE CONTAMINATION POSSIBLE,LOW,Bangladesh-filtered GSC page/query export required,word/ambidextrous.html,B,3,KEEP-INDEXED,True,False,True,True,True
https://ovidhan.net/word/demonstrably.html,demonstrably,0,10,0.0,70.4,GLOBAL AGGREGATE — FRANCE CONTAMINATION POSSIBLE,LOW,Bangladesh-filtered GSC page/query export required,word/demonstrably.html,D,0,THIN-LEGACY,False,True,True,False,False
https://ovidhan.net/word/huawei.html,huawei,0,10,0.0,7.1,GLOBAL AGGREGATE — FRANCE CONTAMINATION POSSIBLE,LOW,Bangladesh-filtered GSC page/query export required,word/huawei.html,D,0,THIN-LEGACY,False,True,True,False,False
https://ovidhan.net/word/ied.html,ied,0,10,0.0,9.7,GLOBAL AGGREGATE — FRANCE CONTAMINATION POSSIBLE,LOW,Bangladesh-filtered GSC page/query export required,word/ied.html,D,0,THIN-LEGACY,False,True,True,False,False
https://ovidhan.net/word/linkedin.html,linkedin,0,10,0.0,30.1,GLOBAL AGGREGATE — FRANCE CONTAMINATION POSSIBLE,LOW,Bangladesh-filtered GSC page/query export required,word/linkedin.html,D,0,THIN-LEGACY,False,True,True,False,False
https://ovidhan.net/word/moreno.html,moreno,0,10,0.0,10.5,GLOBAL AGGREGATE — FRANCE CONTAMINATION POSSIBLE,LOW,Bangladesh-filtered GSC page/query export required,word/moreno.html,D,0,THIN-LEGACY,False,True,True,False,False
https://ovidhan.net/word/overshadowed.html,overshadowed,0,10,0.0,36.8,GLOBAL AGGREGATE — FRANCE CONTAMINATION POSSIBLE,LOW,Bangladesh-filtered GSC page/query export required,word/overshadowed.html,D,0,THIN-LEGACY,False,True,True,False,False
https://ovidhan.net/word/producing.html,producing,0,10,0.0,9.4,GLOBAL AGGREGATE — FRANCE CONTAMINATION POSSIBLE,LOW,Bangladesh-filtered GSC page/query export required,word/producing.html,A,7,REVIEW,False,True,True,False,False
https://ovidhan.net/word/recon.html,recon,0,10,0.0,61.4,GLOBAL AGGREGATE — FRANCE CONTAMINATION POSSIBLE,LOW,Bangladesh-filtered GSC page/query export required,word/recon.html,D,0,THIN-LEGACY,False,True,True,False,False
https://ovidhan.net/word/renegotiate.html,renegotiate,0,10,0.0,11.1,GLOBAL AGGREGATE — FRANCE CONTAMINATION POSSIBLE,LOW,Bangladesh-filtered GSC page/query export required,word/renegotiate.html,D,0,THIN-LEGACY,False,True,True,False,False
https://ovidhan.net/word/sephora.html,sephora,0,10,0.0,9.8,GLOBAL AGGREGATE — FRANCE CONTAMINATION POSSIBLE,LOW,Bangladesh-filtered GSC page/query export required,word/sephora.html,D,0,THIN-LEGACY,False,True,True,False,False
https://ovidhan.net/word/shard.html,shard,0,10,0.0,10.5,GLOBAL AGGREGATE — FRANCE CONTAMINATION POSSIBLE,LOW,Bangladesh-filtered GSC page/query export required,word/shard.html,D,0,THIN-LEGACY,False,True,True,False,False
https://ovidhan.net/word/tafe.html,tafe,0,10,0.0,6.5,GLOBAL AGGREGATE — FRANCE CONTAMINATION POSSIBLE,LOW,Bangladesh-filtered GSC page/query export required,word/tafe.html,D,0,THIN-LEGACY,False,True,True,False,False
https://ovidhan.net/word/barbaric.html,barbaric,0,9,0.0,10.11,GLOBAL AGGREGATE — FRANCE CONTAMINATION POSSIBLE,LOW,Bangladesh-filtered GSC page/query export required,word/barbaric.html,B,3,KEEP-INDEXED,True,False,True,True,True
https://ovidhan.net/word/mirth.html,mirth,0,9,0.0,22.44,GLOBAL AGGREGATE — FRANCE CONTAMINATION POSSIBLE,LOW,Bangladesh-filtered GSC page/query export required,word/mirth.html,B,3,REVIEW,False,True,True,False,False
https://ovidhan.net/word/net.html,net,1,9,0.111111,4.78,GLOBAL AGGREGATE — FRANCE CONTAMINATION POSSIBLE,LOW,Bangladesh-filtered GSC page/query export required,word/net.html,A,7,REVIEW,False,True,True,False,False
https://ovidhan.net/word/shouting.html,shouting,0,9,0.0,18.22,GLOBAL AGGREGATE — FRANCE CONTAMINATION POSSIBLE,LOW,Bangladesh-filtered GSC page/query export required,word/shouting.html,D,0,THIN-LEGACY,False,True,True,False,False
https://ovidhan.net/word/soho.html,soho,0,9,0.0,47.89,GLOBAL AGGREGATE — FRANCE CONTAMINATION POSSIBLE,LOW,Bangladesh-filtered GSC page/query export required,word/soho.html,D,0,THIN-LEGACY,False,True,True,False,False
https://ovidhan.net/word/translation.html,translation,1,9,0.111111,6.89,GLOBAL AGGREGATE — FRANCE CONTAMINATION POSSIBLE,LOW,Bangladesh-filtered GSC page/query export required,word/translation.html,A,7,REVIEW,False,True,True,False,False
https://ovidhan.net/word/travelled.html,travelled,0,9,0.0,10.0,GLOBAL AGGREGATE — FRANCE CONTAMINATION POSSIBLE,LOW,Bangladesh-filtered GSC page/query export required,word/travelled.html,D,0,THIN-LEGACY,False,True,True,False,False
https://ovidhan.net/word/trillion.html,trillion,0,9,0.0,45.0,GLOBAL AGGREGATE — FRANCE CONTAMINATION POSSIBLE,LOW,Bangladesh-filtered GSC page/query export required,word/trillion.html,D,0,THIN-LEGACY,False,True,True,False,False
https://ovidhan.net/word/wished.html,wished,0,9,0.0,16.33,GLOBAL AGGREGATE — FRANCE CONTAMINATION POSSIBLE,LOW,Bangladesh-filtered GSC page/query export required,word/wished.html,D,0,THIN-LEGACY,False,True,True,False,False
https://ovidhan.net/word/jor.html,jor,0,8,0.0,68.75,GLOBAL AGGREGATE — FRANCE CONTAMINATION POSSIBLE,LOW,Bangladesh-filtered GSC page/query export required,word/jor.html,D,0,THIN-LEGACY,False,True,True,False,False
https://ovidhan.net/word/needing.html,needing,0,8,0.0,62.88,GLOBAL AGGREGATE — FRANCE CONTAMINATION POSSIBLE,LOW,Bangladesh-filtered GSC page/query export required,word/needing.html,D,0,THIN-LEGACY,False,True,True,False,False
https://ovidhan.net/word/odysseus.html,odysseus,0,8,0.0,51.88,GLOBAL AGGREGATE — FRANCE CONTAMINATION POSSIBLE,LOW,Bangladesh-filtered GSC page/query export required,word/odysseus.html,D,0,THIN-LEGACY,False,True,True,False,False
https://ovidhan.net/word/outta.html,outta,0,8,0.0,11.5,GLOBAL AGGREGATE — FRANCE CONTAMINATION POSSIBLE,LOW,Bangladesh-filtered GSC page/query export required,word/outta.html,D,0,THIN-LEGACY,False,True,True,False,False
https://ovidhan.net/word/partition.html,partition,0,8,0.0,39.38,GLOBAL AGGREGATE — FRANCE CONTAMINATION POSSIBLE,LOW,Bangladesh-filtered GSC page/query export required,word/partition.html,B,3,REVIEW,False,True,True,False,False
https://ovidhan.net/word/pernicious.html,pernicious,0,8,0.0,23.62,GLOBAL AGGREGATE — FRANCE CONTAMINATION POSSIBLE,LOW,Bangladesh-filtered GSC page/query export required,word/pernicious.html,D,0,THIN-LEGACY,False,True,True,False,False
https://ovidhan.net/word/princeton.html,princeton,0,8,0.0,6.88,GLOBAL AGGREGATE — FRANCE CONTAMINATION POSSIBLE,LOW,Bangladesh-filtered GSC page/query export required,word/princeton.html,D,0,THIN-LEGACY,False,True,True,False,False
https://ovidhan.net/word/reinvent.html,reinvent,0,8,0.0,11.25,GLOBAL AGGREGATE — FRANCE CONTAMINATION POSSIBLE,LOW,Bangladesh-filtered GSC page/query export required,word/reinvent.html,D,0,THIN-LEGACY,False,True,True,False,False
https://ovidhan.net/word/revamp.html,revamp,0,8,0.0,90.0,GLOBAL AGGREGATE — FRANCE CONTAMINATION POSSIBLE,LOW,Bangladesh-filtered GSC page/query export required,word/revamp.html,D,0,THIN-LEGACY,False,True,True,False,False
https://ovidhan.net/word/totality.html,totality,0,8,0.0,11.38,GLOBAL AGGREGATE — FRANCE CONTAMINATION POSSIBLE,LOW,Bangladesh-filtered GSC page/query export required,word/totality.html,D,0,THIN-LEGACY,False,True,True,False,False
https://ovidhan.net/word/underwhelming.html,underwhelming,0,8,0.0,7.75,GLOBAL AGGREGATE — FRANCE CONTAMINATION POSSIBLE,LOW,Bangladesh-filtered GSC page/query export required,word/underwhelming.html,D,0,THIN-LEGACY,False,True,True,False,False
https://ovidhan.net/word/unstoppable.html,unstoppable,0,8,0.0,18.88,GLOBAL AGGREGATE — FRANCE CONTAMINATION POSSIBLE,LOW,Bangladesh-filtered GSC page/query export required,word/unstoppable.html,D,0,THIN-LEGACY,False,True,True,False,False
https://ovidhan.net/word/walmart.html,walmart,1,8,0.125,6.38,GLOBAL AGGREGATE — FRANCE CONTAMINATION POSSIBLE,LOW,Bangladesh-filtered GSC page/query export required,word/walmart.html,D,0,THIN-LEGACY,False,True,True,False,False
https://ovidhan.net/word/warner.html,warner,0,8,0.0,9.25,GLOBAL AGGREGATE — FRANCE CONTAMINATION POSSIBLE,LOW,Bangladesh-filtered GSC page/query export required,word/warner.html,D,0,THIN-LEGACY,False,True,True,False,False
https://ovidhan.net/word/wherewithal.html,wherewithal,0,8,0.0,9.88,GLOBAL AGGREGATE — FRANCE CONTAMINATION POSSIBLE,LOW,Bangladesh-filtered GSC page/query export required,word/wherewithal.html,D,0,THIN-LEGACY,False,True,True,False,False
https://ovidhan.net/word/catwoman.html,catwoman,0,7,0.0,4.86,GLOBAL AGGREGATE — FRANCE CONTAMINATION POSSIBLE,LOW,Bangladesh-filtered GSC page/query export required,word/catwoman.html,D,0,THIN-LEGACY,False,True,True,False,False
https://ovidhan.net/word/creating.html,creating,0,7,0.0,16.57,GLOBAL AGGREGATE — FRANCE CONTAMINATION POSSIBLE,LOW,Bangladesh-filtered GSC page/query export required,word/creating.html,A,7,REVIEW,False,True,True,False,False
https://ovidhan.net/word/legible.html,legible,0,7,0.0,28.14,GLOBAL AGGREGATE — FRANCE CONTAMINATION POSSIBLE,LOW,Bangladesh-filtered GSC page/query export required,word/legible.html,B,3,REVIEW,False,True,True,False,False
https://ovidhan.net/word/luther.html,luther,0,7,0.0,8.71,GLOBAL AGGREGATE — FRANCE CONTAMINATION POSSIBLE,LOW,Bangladesh-filtered GSC page/query export required,word/luther.html,D,0,THIN-LEGACY,False,True,True,False,False
https://ovidhan.net/word/manpower.html,manpower,0,7,0.0,68.86,GLOBAL AGGREGATE — FRANCE CONTAMINATION POSSIBLE,LOW,Bangladesh-filtered GSC page/query export required,word/manpower.html,D,0,THIN-LEGACY,False,True,True,False,False
https://ovidhan.net/word/reinvented.html,reinvented,0,7,0.0,57.29,GLOBAL AGGREGATE — FRANCE CONTAMINATION POSSIBLE,LOW,Bangladesh-filtered GSC page/query export required,word/reinvented.html,D,0,THIN-LEGACY,False,True,True,False,False
https://ovidhan.net/word/skewed.html,skewed,0,7,0.0,58.43,GLOBAL AGGREGATE — FRANCE CONTAMINATION POSSIBLE,LOW,Bangladesh-filtered GSC page/query export required,word/skewed.html,D,0,THIN-LEGACY,False,True,True,False,False
https://ovidhan.net/word/solicitor.html,solicitor,0,7,0.0,48.43,GLOBAL AGGREGATE — FRANCE CONTAMINATION POSSIBLE,LOW,Bangladesh-filtered GSC page/query export required,word/solicitor.html,D,0,THIN-LEGACY,False,True,True,False,False
https://ovidhan.net/word/sweetest.html,sweetest,0,7,0.0,11.29,GLOBAL AGGREGATE — FRANCE CONTAMINATION POSSIBLE,LOW,Bangladesh-filtered GSC page/query export required,word/sweetest.html,D,0,THIN-LEGACY,False,True,True,False,False
https://ovidhan.net/word/talent.html,talent,0,7,0.0,39.14,GLOBAL AGGREGATE — FRANCE CONTAMINATION POSSIBLE,LOW,Bangladesh-filtered GSC page/query export required,word/talent.html,B,3,REVIEW,False,True,True,False,False
https://ovidhan.net/word/ugly.html,ugly,0,7,0.0,39.86,GLOBAL AGGREGATE — FRANCE CONTAMINATION POSSIBLE,LOW,Bangladesh-filtered GSC page/query export required,word/ugly.html,B,3,REVIEW,False,True,True,False,False
https://ovidhan.net/word/viceroy.html,viceroy,0,7,0.0,77.43,GLOBAL AGGREGATE — FRANCE CONTAMINATION POSSIBLE,LOW,Bangladesh-filtered GSC page/query export required,word/viceroy.html,D,0,THIN-LEGACY,False,True,True,False,False
https://ovidhan.net/word/watched.html,watched,0,7,0.0,11.71,GLOBAL AGGREGATE — FRANCE CONTAMINATION POSSIBLE,LOW,Bangladesh-filtered GSC page/query export required,word/watched.html,D,0,THIN-LEGACY,False,True,True,False,False
https://ovidhan.net/word/wheat.html,wheat,0,7,0.0,49.43,GLOBAL AGGREGATE — FRANCE CONTAMINATION POSSIBLE,LOW,Bangladesh-filtered GSC page/query export required,word/wheat.html,B,3,REVIEW,False,True,True,False,False
https://ovidhan.net/word/wolfram.html,wolfram,0,7,0.0,9.14,GLOBAL AGGREGATE — FRANCE CONTAMINATION POSSIBLE,LOW,Bangladesh-filtered GSC page/query export required,word/wolfram.html,D,0,THIN-LEGACY,False,True,True,False,False
https://ovidhan.net/word/yangtze.html,yangtze,0,7,0.0,24.14,GLOBAL AGGREGATE — FRANCE CONTAMINATION POSSIBLE,LOW,Bangladesh-filtered GSC page/query export required,word/yangtze.html,D,0,THIN-LEGACY,False,True,True,False,False
https://ovidhan.net/word/airpods.html,airpods,0,6,0.0,16.67,GLOBAL AGGREGATE — FRANCE CONTAMINATION POSSIBLE,LOW,Bangladesh-filtered GSC page/query export required,word/airpods.html,D,0,THIN-LEGACY,False,True,True,False,False
https://ovidhan.net/word/aust.html,aust,0,6,0.0,57.33,GLOBAL AGGREGATE — FRANCE CONTAMINATION POSSIBLE,LOW,Bangladesh-filtered GSC page/query export required,word/aust.html,D,0,THIN-LEGACY,False,True,True,False,False
https://ovidhan.net/word/lunatic.html,lunatic,0,6,0.0,15.17,GLOBAL AGGREGATE — FRANCE CONTAMINATION POSSIBLE,LOW,Bangladesh-filtered GSC page/query export required,word/lunatic.html,D,0,THIN-LEGACY,False,True,True,False,False
https://ovidhan.net/word/outlast.html,outlast,0,6,0.0,11.5,GLOBAL AGGREGATE — FRANCE CONTAMINATION POSSIBLE,LOW,Bangladesh-filtered GSC page/query export required,word/outlast.html,D,0,THIN-LEGACY,False,True,True,False,False
https://ovidhan.net/word/parsley.html,parsley,0,6,0.0,51.83,GLOBAL AGGREGATE — FRANCE CONTAMINATION POSSIBLE,LOW,Bangladesh-filtered GSC page/query export required,word/parsley.html,D,0,THIN-LEGACY,False,True,True,False,False
https://ovidhan.net/word/punchy.html,punchy,0,6,0.0,9.5,GLOBAL AGGREGATE — FRANCE CONTAMINATION POSSIBLE,LOW,Bangladesh-filtered GSC page/query export required,word/punchy.html,D,0,THIN-LEGACY,False,True,True,False,False
https://ovidhan.net/word/quantum.html,quantum,0,6,0.0,48.17,GLOBAL AGGREGATE — FRANCE CONTAMINATION POSSIBLE,LOW,Bangladesh-filtered GSC page/query export required,word/quantum.html,B,3,REVIEW,False,True,True,False,False
https://ovidhan.net/word/redirect.html,redirect,0,6,0.0,19.33,GLOBAL AGGREGATE — FRANCE CONTAMINATION POSSIBLE,LOW,Bangladesh-filtered GSC page/query export required,word/redirect.html,D,0,THIN-LEGACY,False,True,True,False,False
https://ovidhan.net/word/repress.html,repress,0,6,0.0,48.83,GLOBAL AGGREGATE — FRANCE CONTAMINATION POSSIBLE,LOW,Bangladesh-filtered GSC page/query export required,word/repress.html,B,3,REVIEW,False,True,True,False,False
https://ovidhan.net/word/reverie.html,reverie,0,6,0.0,58.83,GLOBAL AGGREGATE — FRANCE CONTAMINATION POSSIBLE,LOW,Bangladesh-filtered GSC page/query export required,word/reverie.html,D,0,THIN-LEGACY,False,True,True,False,False
https://ovidhan.net/word/robustness.html,robustness,0,6,0.0,49.5,GLOBAL AGGREGATE — FRANCE CONTAMINATION POSSIBLE,LOW,Bangladesh-filtered GSC page/query export required,word/robustness.html,D,0,THIN-LEGACY,False,True,True,False,False
https://ovidhan.net/word/smoothed.html,smoothed,0,6,0.0,51.5,GLOBAL AGGREGATE — FRANCE CONTAMINATION POSSIBLE,LOW,Bangladesh-filtered GSC page/query export required,word/smoothed.html,D,0,THIN-LEGACY,False,True,True,False,False
https://ovidhan.net/word/softly.html,softly,0,6,0.0,61.83,GLOBAL AGGREGATE — FRANCE CONTAMINATION POSSIBLE,LOW,Bangladesh-filtered GSC page/query export required,word/softly.html,D,0,THIN-LEGACY,False,True,True,False,False
https://ovidhan.net/word/somerset.html,somerset,0,6,0.0,9.5,GLOBAL AGGREGATE — FRANCE CONTAMINATION POSSIBLE,LOW,Bangladesh-filtered GSC page/query export required,word/somerset.html,D,0,THIN-LEGACY,False,True,True,False,False
https://ovidhan.net/word/spiderman.html,spiderman,0,6,0.0,23.33,GLOBAL AGGREGATE — FRANCE CONTAMINATION POSSIBLE,LOW,Bangladesh-filtered GSC page/query export required,word/spiderman.html,D,0,THIN-LEGACY,False,True,True,False,False
https://ovidhan.net/word/subside.html,subside,0,6,0.0,49.33,GLOBAL AGGREGATE — FRANCE CONTAMINATION POSSIBLE,LOW,Bangladesh-filtered GSC page/query export required,word/subside.html,B,3,REVIEW,False,True,True,False,False
https://ovidhan.net/word/swapped.html,swapped,0,6,0.0,44.17,GLOBAL AGGREGATE — FRANCE CONTAMINATION POSSIBLE,LOW,Bangladesh-filtered GSC page/query export required,word/swapped.html,D,0,THIN-LEGACY,False,True,True,False,False
https://ovidhan.net/word/tester.html,tester,0,6,0.0,12.5,GLOBAL AGGREGATE — FRANCE CONTAMINATION POSSIBLE,LOW,Bangladesh-filtered GSC page/query export required,word/tester.html,D,0,THIN-LEGACY,False,True,True,False,False
https://ovidhan.net/word/travelling.html,travelling,0,6,0.0,49.0,GLOBAL AGGREGATE — FRANCE CONTAMINATION POSSIBLE,LOW,Bangladesh-filtered GSC page/query export required,word/travelling.html,D,0,THIN-LEGACY,False,True,True,False,False
https://ovidhan.net/word/unconditionally.html,unconditionally,0,6,0.0,51.83,GLOBAL AGGREGATE — FRANCE CONTAMINATION POSSIBLE,LOW,Bangladesh-filtered GSC page/query export required,word/unconditionally.html,D,0,THIN-LEGACY,False,True,True,False,False
https://ovidhan.net/word/valkyrie.html,valkyrie,0,6,0.0,9.0,GLOBAL AGGREGATE — FRANCE CONTAMINATION POSSIBLE,LOW,Bangladesh-filtered GSC page/query export required,word/valkyrie.html,D,0,THIN-LEGACY,False,True,True,False,False
https://ovidhan.net/word/whipple.html,whipple,0,6,0.0,48.83,GLOBAL AGGREGATE — FRANCE CONTAMINATION POSSIBLE,LOW,Bangladesh-filtered GSC page/query export required,word/whipple.html,D,0,THIN-LEGACY,False,True,True,False,False
https://ovidhan.net/word/writ.html,writ,0,6,0.0,47.67,GLOBAL AGGREGATE — FRANCE CONTAMINATION POSSIBLE,LOW,Bangladesh-filtered GSC page/query export required,word/writ.html,D,0,THIN-LEGACY,False,True,True,False,False
https://ovidhan.net/word/albemarle.html,albemarle,0,5,0.0,49.8,GLOBAL AGGREGATE — FRANCE CONTAMINATION POSSIBLE,LOW,Bangladesh-filtered GSC page/query export required,word/albemarle.html,D,0,THIN-LEGACY,False,True,True,False,False
https://ovidhan.net/word/borrower.html,borrower,0,5,0.0,85.0,GLOBAL AGGREGATE — FRANCE CONTAMINATION POSSIBLE,LOW,Bangladesh-filtered GSC page/query export required,word/borrower.html,D,0,THIN-LEGACY,False,True,True,False,False
https://ovidhan.net/word/brutality.html,brutality,0,5,0.0,10.0,GLOBAL AGGREGATE — FRANCE CONTAMINATION POSSIBLE,LOW,Bangladesh-filtered GSC page/query export required,word/brutality.html,D,0,THIN-LEGACY,False,True,True,False,False
https://ovidhan.net/word/demarcation.html,demarcation,0,5,0.0,90.6,GLOBAL AGGREGATE — FRANCE CONTAMINATION POSSIBLE,LOW,Bangladesh-filtered GSC page/query export required,word/demarcation.html,D,0,THIN-LEGACY,False,True,True,False,False
https://ovidhan.net/word/downed.html,downed,0,5,0.0,63.2,GLOBAL AGGREGATE — FRANCE CONTAMINATION POSSIBLE,LOW,Bangladesh-filtered GSC page/query export required,word/downed.html,D,0,THIN-LEGACY,False,True,True,False,False
https://ovidhan.net/word/dutt.html,dutt,0,5,0.0,64.8,GLOBAL AGGREGATE — FRANCE CONTAMINATION POSSIBLE,LOW,Bangladesh-filtered GSC page/query export required,word/dutt.html,D,0,THIN-LEGACY,False,True,True,False,False
https://ovidhan.net/word/enjoying.html,enjoying,0,5,0.0,55.4,GLOBAL AGGREGATE — FRANCE CONTAMINATION POSSIBLE,LOW,Bangladesh-filtered GSC page/query export required,word/enjoying.html,D,0,THIN-LEGACY,False,True,True,False,False
https://ovidhan.net/word/harshest.html,harshest,0,5,0.0,79.2,GLOBAL AGGREGATE — FRANCE CONTAMINATION POSSIBLE,LOW,Bangladesh-filtered GSC page/query export required,word/harshest.html,D,0,THIN-LEGACY,False,True,True,False,False
https://ovidhan.net/word/integration.html,integration,0,5,0.0,12.6,GLOBAL AGGREGATE — FRANCE CONTAMINATION POSSIBLE,LOW,Bangladesh-filtered GSC page/query export required,word/integration.html,A,7,REVIEW,False,True,True,False,False
https://ovidhan.net/word/ledger.html,ledger,0,5,0.0,42.2,GLOBAL AGGREGATE — FRANCE CONTAMINATION POSSIBLE,LOW,Bangladesh-filtered GSC page/query export required,word/ledger.html,D,0,THIN-LEGACY,False,True,True,False,False
https://ovidhan.net/word/lowes.html,lowes,0,5,0.0,4.0,GLOBAL AGGREGATE — FRANCE CONTAMINATION POSSIBLE,LOW,Bangladesh-filtered GSC page/query export required,word/lowes.html,D,0,THIN-LEGACY,False,True,True,False,False
https://ovidhan.net/word/meetups.html,meetups,0,5,0.0,49.8,GLOBAL AGGREGATE — FRANCE CONTAMINATION POSSIBLE,LOW,Bangladesh-filtered GSC page/query export required,word/meetups.html,D,0,THIN-LEGACY,False,True,True,False,False
https://ovidhan.net/word/moss.html,moss,0,5,0.0,48.2,GLOBAL AGGREGATE — FRANCE CONTAMINATION POSSIBLE,LOW,Bangladesh-filtered GSC page/query export required,word/moss.html,B,3,REVIEW,False,True,True,False,False
https://ovidhan.net/word/mutiny.html,mutiny,0,5,0.0,37.8,GLOBAL AGGREGATE — FRANCE CONTAMINATION POSSIBLE,LOW,Bangladesh-filtered GSC page/query export required,word/mutiny.html,B,3,REVIEW,False,True,True,False,False
https://ovidhan.net/word/nicest.html,nicest,0,5,0.0,40.2,GLOBAL AGGREGATE — FRANCE CONTAMINATION POSSIBLE,LOW,Bangladesh-filtered GSC page/query export required,word/nicest.html,D,0,THIN-LEGACY,False,True,True,False,False
https://ovidhan.net/word/normandy.html,normandy,0,5,0.0,8.6,GLOBAL AGGREGATE — FRANCE CONTAMINATION POSSIBLE,LOW,Bangladesh-filtered GSC page/query export required,word/normandy.html,D,0,THIN-LEGACY,False,True,True,False,False
https://ovidhan.net/word/oregano.html,oregano,0,5,0.0,44.6,GLOBAL AGGREGATE — FRANCE CONTAMINATION POSSIBLE,LOW,Bangladesh-filtered GSC page/query export required,word/oregano.html,D,0,THIN-LEGACY,False,True,True,False,False
https://ovidhan.net/word/outright.html,outright,0,5,0.0,19.2,GLOBAL AGGREGATE — FRANCE CONTAMINATION POSSIBLE,LOW,Bangladesh-filtered GSC page/query export required,word/outright.html,B,3,REVIEW,False,True,True,False,False
https://ovidhan.net/word/overwatch.html,overwatch,0,5,0.0,5.0,GLOBAL AGGREGATE — FRANCE CONTAMINATION POSSIBLE,LOW,Bangladesh-filtered GSC page/query export required,word/overwatch.html,D,0,THIN-LEGACY,False,True,True,False,False
https://ovidhan.net/word/parasol.html,parasol,0,5,0.0,56.4,GLOBAL AGGREGATE — FRANCE CONTAMINATION POSSIBLE,LOW,Bangladesh-filtered GSC page/query export required,word/parasol.html,D,0,THIN-LEGACY,False,True,True,False,False
https://ovidhan.net/word/perturbation.html,perturbation,0,5,0.0,40.4,GLOBAL AGGREGATE — FRANCE CONTAMINATION POSSIBLE,LOW,Bangladesh-filtered GSC page/query export required,word/perturbation.html,D,0,THIN-LEGACY,False,True,True,False,False
https://ovidhan.net/word/pierrot.html,pierrot,0,5,0.0,13.8,GLOBAL AGGREGATE — FRANCE CONTAMINATION POSSIBLE,LOW,Bangladesh-filtered GSC page/query export required,word/pierrot.html,D,0,THIN-LEGACY,False,True,True,False,False
https://ovidhan.net/word/policymakers.html,policymakers,0,5,0.0,9.4,GLOBAL AGGREGATE — FRANCE CONTAMINATION POSSIBLE,LOW,Bangladesh-filtered GSC page/query export required,word/policymakers.html,D,0,THIN-LEGACY,False,True,True,False,False
https://ovidhan.net/word/powell.html,powell,0,5,0.0,14.4,GLOBAL AGGREGATE — FRANCE CONTAMINATION POSSIBLE,LOW,Bangladesh-filtered GSC page/query export required,word/powell.html,D,0,THIN-LEGACY,False,True,True,False,False
https://ovidhan.net/word/proprietors.html,proprietors,0,5,0.0,63.6,GLOBAL AGGREGATE — FRANCE CONTAMINATION POSSIBLE,LOW,Bangladesh-filtered GSC page/query export required,word/proprietors.html,D,0,THIN-LEGACY,False,True,True,False,False
https://ovidhan.net/word/radeon.html,radeon,0,5,0.0,4.8,GLOBAL AGGREGATE — FRANCE CONTAMINATION POSSIBLE,LOW,Bangladesh-filtered GSC page/query export required,word/radeon.html,D,0,THIN-LEGACY,False,True,True,False,False
https://ovidhan.net/word/rebrand.html,rebrand,0,5,0.0,46.8,GLOBAL AGGREGATE — FRANCE CONTAMINATION POSSIBLE,LOW,Bangladesh-filtered GSC page/query export required,word/rebrand.html,D,0,THIN-LEGACY,False,True,True,False,False
https://ovidhan.net/word/retro.html,retro,0,5,0.0,10.2,GLOBAL AGGREGATE — FRANCE CONTAMINATION POSSIBLE,LOW,Bangladesh-filtered GSC page/query export required,word/retro.html,D,0,THIN-LEGACY,False,True,True,False,False
https://ovidhan.net/word/roommates.html,roommates,0,5,0.0,47.2,GLOBAL AGGREGATE — FRANCE CONTAMINATION POSSIBLE,LOW,Bangladesh-filtered GSC page/query export required,word/roommates.html,D,0,THIN-LEGACY,False,True,True,False,False
https://ovidhan.net/word/skinner.html,skinner,0,5,0.0,10.4,GLOBAL AGGREGATE — FRANCE CONTAMINATION POSSIBLE,LOW,Bangladesh-filtered GSC page/query export required,word/skinner.html,D,0,THIN-LEGACY,False,True,True,False,False
https://ovidhan.net/word/smaller.html,smaller,0,5,0.0,11.8,GLOBAL AGGREGATE — FRANCE CONTAMINATION POSSIBLE,LOW,Bangladesh-filtered GSC page/query export required,word/smaller.html,A,7,REVIEW,False,True,True,False,False
https://ovidhan.net/word/solitude.html,solitude,0,5,0.0,44.2,GLOBAL AGGREGATE — FRANCE CONTAMINATION POSSIBLE,LOW,Bangladesh-filtered GSC page/query export required,word/solitude.html,D,0,THIN-LEGACY,False,True,True,False,False
https://ovidhan.net/word/sono.html,sono,0,5,0.0,8.4,GLOBAL AGGREGATE — FRANCE CONTAMINATION POSSIBLE,LOW,Bangladesh-filtered GSC page/query export required,word/sono.html,D,0,THIN-LEGACY,False,True,True,False,False
https://ovidhan.net/word/swine.html,swine,0,5,0.0,51.2,GLOBAL AGGREGATE — FRANCE CONTAMINATION POSSIBLE,LOW,Bangladesh-filtered GSC page/query export required,word/swine.html,D,0,THIN-LEGACY,False,True,True,False,False
https://ovidhan.net/word/tailgating.html,tailgating,0,5,0.0,21.8,GLOBAL AGGREGATE — FRANCE CONTAMINATION POSSIBLE,LOW,Bangladesh-filtered GSC page/query export required,word/tailgating.html,D,0,THIN-LEGACY,False,True,True,False,False
https://ovidhan.net/word/tampons.html,tampons,0,5,0.0,39.8,GLOBAL AGGREGATE — FRANCE CONTAMINATION POSSIBLE,LOW,Bangladesh-filtered GSC page/query export required,word/tampons.html,D,0,THIN-LEGACY,False,True,True,False,False
https://ovidhan.net/word/terrified.html,terrified,0,5,0.0,19.0,GLOBAL AGGREGATE — FRANCE CONTAMINATION POSSIBLE,LOW,Bangladesh-filtered GSC page/query export required,word/terrified.html,D,0,THIN-LEGACY,False,True,True,False,False
https://ovidhan.net/word/thackeray.html,thackeray,0,5,0.0,28.2,GLOBAL AGGREGATE — FRANCE CONTAMINATION POSSIBLE,LOW,Bangladesh-filtered GSC page/query export required,word/thackeray.html,D,0,THIN-LEGACY,False,True,True,False,False
https://ovidhan.net/word/thyme.html,thyme,0,5,0.0,53.0,GLOBAL AGGREGATE — FRANCE CONTAMINATION POSSIBLE,LOW,Bangladesh-filtered GSC page/query export required,word/thyme.html,D,0,THIN-LEGACY,False,True,True,False,False
https://ovidhan.net/word/unflinching.html,unflinching,0,5,0.0,34.2,GLOBAL AGGREGATE — FRANCE CONTAMINATION POSSIBLE,LOW,Bangladesh-filtered GSC page/query export required,word/unflinching.html,D,0,THIN-LEGACY,False,True,True,False,False
https://ovidhan.net/word/untoward.html,untoward,0,5,0.0,41.4,GLOBAL AGGREGATE — FRANCE CONTAMINATION POSSIBLE,LOW,Bangladesh-filtered GSC page/query export required,word/untoward.html,D,0,THIN-LEGACY,False,True,True,False,False
https://ovidhan.net/word/unwavering.html,unwavering,0,5,0.0,38.6,GLOBAL AGGREGATE — FRANCE CONTAMINATION POSSIBLE,LOW,Bangladesh-filtered GSC page/query export required,word/unwavering.html,D,0,THIN-LEGACY,False,True,True,False,False
https://ovidhan.net/word/velasquez.html,velasquez,0,5,0.0,7.8,GLOBAL AGGREGATE — FRANCE CONTAMINATION POSSIBLE,LOW,Bangladesh-filtered GSC page/query export required,word/velasquez.html,D,0,THIN-LEGACY,False,True,True,False,False
https://ovidhan.net/word/ver.html,ver,0,5,0.0,10.4,GLOBAL AGGREGATE — FRANCE CONTAMINATION POSSIBLE,LOW,Bangladesh-filtered GSC page/query export required,word/ver.html,D,0,THIN-LEGACY,False,True,True,False,False
https://ovidhan.net/word/vinod.html,vinod,0,5,0.0,46.2,GLOBAL AGGREGATE — FRANCE CONTAMINATION POSSIBLE,LOW,Bangladesh-filtered GSC page/query export required,word/vinod.html,D,0,THIN-LEGACY,False,True,True,False,False
https://ovidhan.net/word/whew.html,whew,0,5,0.0,75.8,GLOBAL AGGREGATE — FRANCE CONTAMINATION POSSIBLE,LOW,Bangladesh-filtered GSC page/query export required,word/whew.html,D,0,THIN-LEGACY,False,True,True,False,False
https://ovidhan.net/word/whine.html,whine,0,5,0.0,32.6,GLOBAL AGGREGATE — FRANCE CONTAMINATION POSSIBLE,LOW,Bangladesh-filtered GSC page/query export required,word/whine.html,D,0,THIN-LEGACY,False,True,True,False,False
https://ovidhan.net/word/whoop.html,whoop,0,5,0.0,57.8,GLOBAL AGGREGATE — FRANCE CONTAMINATION POSSIBLE,LOW,Bangladesh-filtered GSC page/query export required,word/whoop.html,B,3,REVIEW,False,True,True,False,False
https://ovidhan.net/word/widest.html,widest,0,5,0.0,30.2,GLOBAL AGGREGATE — FRANCE CONTAMINATION POSSIBLE,LOW,Bangladesh-filtered GSC page/query export required,word/widest.html,D,0,THIN-LEGACY,False,True,True,False,False
https://ovidhan.net/word/wrexham.html,wrexham,0,5,0.0,4.0,GLOBAL AGGREGATE — FRANCE CONTAMINATION POSSIBLE,LOW,Bangladesh-filtered GSC page/query export required,word/wrexham.html,D,0,THIN-LEGACY,False,True,True,False,False
https://ovidhan.net/word/yardley.html,yardley,0,5,0.0,4.2,GLOBAL AGGREGATE — FRANCE CONTAMINATION POSSIBLE,LOW,Bangladesh-filtered GSC page/query export required,word/yardley.html,D,0,THIN-LEGACY,False,True,True,False,False
https://ovidhan.net/word/aladdin.html,aladdin,0,4,0.0,39.5,GLOBAL AGGREGATE — FRANCE CONTAMINATION POSSIBLE,LOW,Bangladesh-filtered GSC page/query export required,word/aladdin.html,D,0,THIN-LEGACY,False,True,True,False,False
https://ovidhan.net/word/ankara.html,ankara,0,4,0.0,8.0,GLOBAL AGGREGATE — FRANCE CONTAMINATION POSSIBLE,LOW,Bangladesh-filtered GSC page/query export required,word/ankara.html,D,0,THIN-LEGACY,False,True,True,False,False
https://ovidhan.net/word/chained.html,chained,0,4,0.0,8.0,GLOBAL AGGREGATE — FRANCE CONTAMINATION POSSIBLE,LOW,Bangladesh-filtered GSC page/query export required,word/chained.html,D,0,THIN-LEGACY,False,True,True,False,False
https://ovidhan.net/word/dalhousie.html,dalhousie,0,4,0.0,7.0,GLOBAL AGGREGATE — FRANCE CONTAMINATION POSSIBLE,LOW,Bangladesh-filtered GSC page/query export required,word/dalhousie.html,D,0,THIN-LEGACY,False,True,True,False,False
https://ovidhan.net/word/donna.html,donna,0,4,0.0,8.5,GLOBAL AGGREGATE — FRANCE CONTAMINATION POSSIBLE,LOW,Bangladesh-filtered GSC page/query export required,word/donna.html,D,0,THIN-LEGACY,False,True,True,False,False
https://ovidhan.net/word/enzymatic.html,enzymatic,0,4,0.0,70.75,GLOBAL AGGREGATE — FRANCE CONTAMINATION POSSIBLE,LOW,Bangladesh-filtered GSC page/query export required,word/enzymatic.html,D,0,THIN-LEGACY,False,True,True,False,False
https://ovidhan.net/word/expats.html,expats,0,4,0.0,65.0,GLOBAL AGGREGATE — FRANCE CONTAMINATION POSSIBLE,LOW,Bangladesh-filtered GSC page/query export required,word/expats.html,D,0,THIN-LEGACY,False,True,True,False,False
https://ovidhan.net/word/extradition.html,extradition,0,4,0.0,37.25,GLOBAL AGGREGATE — FRANCE CONTAMINATION POSSIBLE,LOW,Bangladesh-filtered GSC page/query export required,word/extradition.html,D,0,THIN-LEGACY,False,True,True,False,False
https://ovidhan.net/word/fong.html,fong,0,4,0.0,47.75,GLOBAL AGGREGATE — FRANCE CONTAMINATION POSSIBLE,LOW,Bangladesh-filtered GSC page/query export required,word/fong.html,D,0,THIN-LEGACY,False,True,True,False,False
https://ovidhan.net/word/fuchs.html,fuchs,0,4,0.0,5.25,GLOBAL AGGREGATE — FRANCE CONTAMINATION POSSIBLE,LOW,Bangladesh-filtered GSC page/query export required,word/fuchs.html,D,0,THIN-LEGACY,False,True,True,False,False
https://ovidhan.net/word/gullible.html,gullible,0,4,0.0,63.25,GLOBAL AGGREGATE — FRANCE CONTAMINATION POSSIBLE,LOW,Bangladesh-filtered GSC page/query export required,word/gullible.html,B,3,REVIEW,False,True,True,False,False
https://ovidhan.net/word/helmholtz.html,helmholtz,0,4,0.0,4.25,GLOBAL AGGREGATE — FRANCE CONTAMINATION POSSIBLE,LOW,Bangladesh-filtered GSC page/query export required,word/helmholtz.html,D,0,THIN-LEGACY,False,True,True,False,False
https://ovidhan.net/word/howards.html,howards,0,4,0.0,57.75,GLOBAL AGGREGATE — FRANCE CONTAMINATION POSSIBLE,LOW,Bangladesh-filtered GSC page/query export required,word/howards.html,D,0,INVALID/NOISE,False,True,True,False,False
https://ovidhan.net/word/hurtful.html,hurtful,0,4,0.0,77.25,GLOBAL AGGREGATE — FRANCE CONTAMINATION POSSIBLE,LOW,Bangladesh-filtered GSC page/query export required,word/hurtful.html,D,0,THIN-LEGACY,False,True,True,False,False
https://ovidhan.net/word/lean.html,lean,0,4,0.0,50.5,GLOBAL AGGREGATE — FRANCE CONTAMINATION POSSIBLE,LOW,Bangladesh-filtered GSC page/query export required,word/lean.html,B,3,REVIEW,False,True,True,False,False
https://ovidhan.net/word/mash.html,mash,0,4,0.0,79.75,GLOBAL AGGREGATE — FRANCE CONTAMINATION POSSIBLE,LOW,Bangladesh-filtered GSC page/query export required,word/mash.html,D,0,THIN-LEGACY,False,True,True,False,False
https://ovidhan.net/word/masturbation.html,masturbation,0,4,0.0,56.75,GLOBAL AGGREGATE — FRANCE CONTAMINATION POSSIBLE,LOW,Bangladesh-filtered GSC page/query export required,word/masturbation.html,D,0,THIN-LEGACY,False,True,True,False,False
https://ovidhan.net/word/matlab.html,matlab,0,4,0.0,28.0,GLOBAL AGGREGATE — FRANCE CONTAMINATION POSSIBLE,LOW,Bangladesh-filtered GSC page/query export required,word/matlab.html,D,0,THIN-LEGACY,False,True,True,False,False
https://ovidhan.net/word/mccarthy.html,mccarthy,0,4,0.0,8.0,GLOBAL AGGREGATE — FRANCE CONTAMINATION POSSIBLE,LOW,Bangladesh-filtered GSC page/query export required,word/mccarthy.html,D,0,THIN-LEGACY,False,True,True,False,False
https://ovidhan.net/word/memes.html,memes,0,4,0.0,39.25,GLOBAL AGGREGATE — FRANCE CONTAMINATION POSSIBLE,LOW,Bangladesh-filtered GSC page/query export required,word/memes.html,D,0,THIN-LEGACY,False,True,True,False,False
https://ovidhan.net/word/mercantile.html,mercantile,0,4,0.0,10.5,GLOBAL AGGREGATE — FRANCE CONTAMINATION POSSIBLE,LOW,Bangladesh-filtered GSC page/query export required,word/mercantile.html,B,3,REVIEW,False,True,True,False,False
https://ovidhan.net/word/mercedes.html,mercedes,0,4,0.0,8.0,GLOBAL AGGREGATE — FRANCE CONTAMINATION POSSIBLE,LOW,Bangladesh-filtered GSC page/query export required,word/mercedes.html,D,0,THIN-LEGACY,False,True,True,False,False
https://ovidhan.net/word/mislead.html,mislead,0,4,0.0,24.0,GLOBAL AGGREGATE — FRANCE CONTAMINATION POSSIBLE,LOW,Bangladesh-filtered GSC page/query export required,word/mislead.html,B,3,REVIEW,False,True,True,False,False
https://ovidhan.net/word/mothership.html,mothership,0,4,0.0,9.5,GLOBAL AGGREGATE — FRANCE CONTAMINATION POSSIBLE,LOW,Bangladesh-filtered GSC page/query export required,word/mothership.html,D,0,THIN-LEGACY,False,True,True,False,False
https://ovidhan.net/word/must.html,must,0,4,0.0,73.75,GLOBAL AGGREGATE — FRANCE CONTAMINATION POSSIBLE,LOW,Bangladesh-filtered GSC page/query export required,word/must.html,A,7,REVIEW,False,True,True,False,False
https://ovidhan.net/word/natty.html,natty,0,4,0.0,32.25,GLOBAL AGGREGATE — FRANCE CONTAMINATION POSSIBLE,LOW,Bangladesh-filtered GSC page/query export required,word/natty.html,D,0,THIN-LEGACY,False,True,True,False,False
https://ovidhan.net/word/nuggets.html,nuggets,0,4,0.0,49.5,GLOBAL AGGREGATE — FRANCE CONTAMINATION POSSIBLE,LOW,Bangladesh-filtered GSC page/query export required,word/nuggets.html,D,0,THIN-LEGACY,False,True,True,False,False
https://ovidhan.net/word/offender.html,offender,0,4,0.0,25.0,GLOBAL AGGREGATE — FRANCE CONTAMINATION POSSIBLE,LOW,Bangladesh-filtered GSC page/query export required,word/offender.html,D,0,THIN-LEGACY,False,True,True,False,False
https://ovidhan.net/word/oratory.html,oratory,0,4,0.0,39.75,GLOBAL AGGREGATE — FRANCE CONTAMINATION POSSIBLE,LOW,Bangladesh-filtered GSC page/query export required,word/oratory.html,D,0,THIN-LEGACY,False,True,True,False,False
https://ovidhan.net/word/otp.html,otp,0,4,0.0,34.5,GLOBAL AGGREGATE — FRANCE CONTAMINATION POSSIBLE,LOW,Bangladesh-filtered GSC page/query export required,word/otp.html,D,0,THIN-LEGACY,False,True,True,False,False
https://ovidhan.net/word/overcomes.html,overcomes,0,4,0.0,52.0,GLOBAL AGGREGATE — FRANCE CONTAMINATION POSSIBLE,LOW,Bangladesh-filtered GSC page/query export required,word/overcomes.html,D,0,THIN-LEGACY,False,True,True,False,False
https://ovidhan.net/word/perimeter.html,perimeter,0,4,0.0,29.0,GLOBAL AGGREGATE — FRANCE CONTAMINATION POSSIBLE,LOW,Bangladesh-filtered GSC page/query export required,word/perimeter.html,D,0,THIN-LEGACY,False,True,True,False,False
https://ovidhan.net/word/perished.html,perished,0,4,0.0,34.5,GLOBAL AGGREGATE — FRANCE CONTAMINATION POSSIBLE,LOW,Bangladesh-filtered GSC page/query export required,word/perished.html,D,0,THIN-LEGACY,False,True,True,False,False
https://ovidhan.net/word/phat.html,phat,0,4,0.0,9.0,GLOBAL AGGREGATE — FRANCE CONTAMINATION POSSIBLE,LOW,Bangladesh-filtered GSC page/query export required,word/phat.html,D,0,THIN-LEGACY,False,True,True,False,False
https://ovidhan.net/word/photonic.html,photonic,0,4,0.0,9.75,GLOBAL AGGREGATE — FRANCE CONTAMINATION POSSIBLE,LOW,Bangladesh-filtered GSC page/query export required,word/photonic.html,D,0,THIN-LEGACY,False,True,True,False,False
https://ovidhan.net/word/pie.html,pie,0,4,0.0,37.25,GLOBAL AGGREGATE — FRANCE CONTAMINATION POSSIBLE,LOW,Bangladesh-filtered GSC page/query export required,word/pie.html,D,0,THIN-LEGACY,False,True,True,False,False
https://ovidhan.net/word/pinky.html,pinky,0,4,0.0,54.5,GLOBAL AGGREGATE — FRANCE CONTAMINATION POSSIBLE,LOW,Bangladesh-filtered GSC page/query export required,word/pinky.html,D,0,THIN-LEGACY,False,True,True,False,False
https://ovidhan.net/word/pitch.html,pitch,0,4,0.0,41.0,GLOBAL AGGREGATE — FRANCE CONTAMINATION POSSIBLE,LOW,Bangladesh-filtered GSC page/query export required,word/pitch.html,B,3,REVIEW,False,True,True,False,False
https://ovidhan.net/word/predominantly.html,predominantly,0,4,0.0,35.75,GLOBAL AGGREGATE — FRANCE CONTAMINATION POSSIBLE,LOW,Bangladesh-filtered GSC page/query export required,word/predominantly.html,D,0,THIN-LEGACY,False,True,True,False,False
https://ovidhan.net/word/purge.html,purge,0,4,0.0,27.25,GLOBAL AGGREGATE — FRANCE CONTAMINATION POSSIBLE,LOW,Bangladesh-filtered GSC page/query export required,word/purge.html,B,3,REVIEW,False,True,True,False,False
https://ovidhan.net/word/quadratic.html,quadratic,0,4,0.0,11.0,GLOBAL AGGREGATE — FRANCE CONTAMINATION POSSIBLE,LOW,Bangladesh-filtered GSC page/query export required,word/quadratic.html,D,0,THIN-LEGACY,False,True,True,False,False
https://ovidhan.net/word/rabies.html,rabies,0,4,0.0,75.25,GLOBAL AGGREGATE — FRANCE CONTAMINATION POSSIBLE,LOW,Bangladesh-filtered GSC page/query export required,word/rabies.html,D,0,THIN-LEGACY,False,True,True,False,False
https://ovidhan.net/word/resin.html,resin,0,4,0.0,43.0,GLOBAL AGGREGATE — FRANCE CONTAMINATION POSSIBLE,LOW,Bangladesh-filtered GSC page/query export required,word/resin.html,D,0,THIN-LEGACY,False,True,True,False,False
https://ovidhan.net/word/reversion.html,reversion,0,4,0.0,20.25,GLOBAL AGGREGATE — FRANCE CONTAMINATION POSSIBLE,LOW,Bangladesh-filtered GSC page/query export required,word/reversion.html,D,0,THIN-LEGACY,False,True,True,False,False
https://ovidhan.net/word/rohingya.html,rohingya,0,4,0.0,61.5,GLOBAL AGGREGATE — FRANCE CONTAMINATION POSSIBLE,LOW,Bangladesh-filtered GSC page/query export required,word/rohingya.html,D,0,THIN-LEGACY,False,True,True,False,False
https://ovidhan.net/word/rowe.html,rowe,0,4,0.0,9.0,GLOBAL AGGREGATE — FRANCE CONTAMINATION POSSIBLE,LOW,Bangladesh-filtered GSC page/query export required,word/rowe.html,D,0,THIN-LEGACY,False,True,True,False,False
https://ovidhan.net/word/rutherford.html,rutherford,0,4,0.0,31.0,GLOBAL AGGREGATE — FRANCE CONTAMINATION POSSIBLE,LOW,Bangladesh-filtered GSC page/query export required,word/rutherford.html,D,0,THIN-LEGACY,False,True,True,False,False
https://ovidhan.net/word/sai.html,sai,0,4,0.0,57.75,GLOBAL AGGREGATE — FRANCE CONTAMINATION POSSIBLE,LOW,Bangladesh-filtered GSC page/query export required,word/sai.html,D,0,THIN-LEGACY,False,True,True,False,False
https://ovidhan.net/word/sail.html,sail,0,4,0.0,53.25,GLOBAL AGGREGATE — FRANCE CONTAMINATION POSSIBLE,LOW,Bangladesh-filtered GSC page/query export required,word/sail.html,B,3,REVIEW,False,True,True,False,False
https://ovidhan.net/word/seamless.html,seamless,0,4,0.0,38.5,GLOBAL AGGREGATE — FRANCE CONTAMINATION POSSIBLE,LOW,Bangladesh-filtered GSC page/query export required,word/seamless.html,D,0,THIN-LEGACY,False,True,True,False,False
https://ovidhan.net/word/serbia.html,serbia,0,4,0.0,49.5,GLOBAL AGGREGATE — FRANCE CONTAMINATION POSSIBLE,LOW,Bangladesh-filtered GSC page/query export required,word/serbia.html,D,0,THIN-LEGACY,False,True,True,False,False
https://ovidhan.net/word/severely.html,severely,0,4,0.0,38.5,GLOBAL AGGREGATE — FRANCE CONTAMINATION POSSIBLE,LOW,Bangladesh-filtered GSC page/query export required,word/severely.html,D,0,THIN-LEGACY,False,True,True,False,False
https://ovidhan.net/word/shopkeepers.html,shopkeepers,0,4,0.0,56.0,GLOBAL AGGREGATE — FRANCE CONTAMINATION POSSIBLE,LOW,Bangladesh-filtered GSC page/query export required,word/shopkeepers.html,D,0,THIN-LEGACY,False,True,True,False,False
https://ovidhan.net/word/shrieking.html,shrieking,0,4,0.0,46.0,GLOBAL AGGREGATE — FRANCE CONTAMINATION POSSIBLE,LOW,Bangladesh-filtered GSC page/query export required,word/shrieking.html,D,0,THIN-LEGACY,False,True,True,False,False
https://ovidhan.net/word/shy.html,shy,0,4,0.0,62.75,GLOBAL AGGREGATE — FRANCE CONTAMINATION POSSIBLE,LOW,Bangladesh-filtered GSC page/query export required,word/shy.html,B,3,REVIEW,False,True,True,False,False
https://ovidhan.net/word/slacking.html,slacking,0,4,0.0,79.25,GLOBAL AGGREGATE — FRANCE CONTAMINATION POSSIBLE,LOW,Bangladesh-filtered GSC page/query export required,word/slacking.html,D,0,THIN-LEGACY,False,True,True,False,False
https://ovidhan.net/word/sled.html,sled,0,4,0.0,48.25,GLOBAL AGGREGATE — FRANCE CONTAMINATION POSSIBLE,LOW,Bangladesh-filtered GSC page/query export required,word/sled.html,D,0,THIN-LEGACY,False,True,True,False,False
https://ovidhan.net/word/sneeze.html,sneeze,0,4,0.0,52.25,GLOBAL AGGREGATE — FRANCE CONTAMINATION POSSIBLE,LOW,Bangladesh-filtered GSC page/query export required,word/sneeze.html,B,3,REVIEW,False,True,True,False,False
https://ovidhan.net/word/solicitation.html,solicitation,0,4,0.0,17.5,GLOBAL AGGREGATE — FRANCE CONTAMINATION POSSIBLE,LOW,Bangladesh-filtered GSC page/query export required,word/solicitation.html,D,0,THIN-LEGACY,False,True,True,False,False
https://ovidhan.net/word/sorta.html,sorta,0,4,0.0,6.0,GLOBAL AGGREGATE — FRANCE CONTAMINATION POSSIBLE,LOW,Bangladesh-filtered GSC page/query export required,word/sorta.html,D,0,THIN-LEGACY,False,True,True,False,False
https://ovidhan.net/word/sour.html,sour,0,4,0.0,46.0,GLOBAL AGGREGATE — FRANCE CONTAMINATION POSSIBLE,LOW,Bangladesh-filtered GSC page/query export required,word/sour.html,B,3,REVIEW,False,True,True,False,False
https://ovidhan.net/word/specificity.html,specificity,0,4,0.0,21.0,GLOBAL AGGREGATE — FRANCE CONTAMINATION POSSIBLE,LOW,Bangladesh-filtered GSC page/query export required,word/specificity.html,D,0,THIN-LEGACY,False,True,True,False,False
https://ovidhan.net/word/squads.html,squads,0,4,0.0,67.5,GLOBAL AGGREGATE — FRANCE CONTAMINATION POSSIBLE,LOW,Bangladesh-filtered GSC page/query export required,word/squads.html,D,0,THIN-LEGACY,False,True,True,False,False
https://ovidhan.net/word/street.html,street,0,4,0.0,32.75,GLOBAL AGGREGATE — FRANCE CONTAMINATION POSSIBLE,LOW,Bangladesh-filtered GSC page/query export required,word/street.html,A,7,REVIEW,False,True,True,False,False
https://ovidhan.net/word/stroll.html,stroll,0,4,0.0,29.75,GLOBAL AGGREGATE — FRANCE CONTAMINATION POSSIBLE,LOW,Bangladesh-filtered GSC page/query export required,word/stroll.html,B,3,REVIEW,False,True,True,False,False
https://ovidhan.net/word/sturdy.html,sturdy,0,4,0.0,32.5,GLOBAL AGGREGATE — FRANCE CONTAMINATION POSSIBLE,LOW,Bangladesh-filtered GSC page/query export required,word/sturdy.html,B,3,REVIEW,False,True,True,False,False
https://ovidhan.net/word/sua.html,sua,0,4,0.0,6.5,GLOBAL AGGREGATE — FRANCE CONTAMINATION POSSIBLE,LOW,Bangladesh-filtered GSC page/query export required,word/sua.html,D,0,THIN-LEGACY,False,True,True,False,False
https://ovidhan.net/word/superintendent.html,superintendent,0,4,0.0,43.5,GLOBAL AGGREGATE — FRANCE CONTAMINATION POSSIBLE,LOW,Bangladesh-filtered GSC page/query export required,word/superintendent.html,D,0,THIN-LEGACY,False,True,True,False,False
https://ovidhan.net/word/sympathize.html,sympathize,0,4,0.0,57.0,GLOBAL AGGREGATE — FRANCE CONTAMINATION POSSIBLE,LOW,Bangladesh-filtered GSC page/query export required,word/sympathize.html,D,0,THIN-LEGACY,False,True,True,False,False
https://ovidhan.net/word/tae.html,tae,0,4,0.0,8.5,GLOBAL AGGREGATE — FRANCE CONTAMINATION POSSIBLE,LOW,Bangladesh-filtered GSC page/query export required,word/tae.html,D,0,THIN-LEGACY,False,True,True,False,False
https://ovidhan.net/word/tasking.html,tasking,0,4,0.0,67.5,GLOBAL AGGREGATE — FRANCE CONTAMINATION POSSIBLE,LOW,Bangladesh-filtered GSC page/query export required,word/tasking.html,D,0,THIN-LEGACY,False,True,True,False,False
https://ovidhan.net/word/thang.html,thang,0,4,0.0,15.5,GLOBAL AGGREGATE — FRANCE CONTAMINATION POSSIBLE,LOW,Bangladesh-filtered GSC page/query export required,word/thang.html,D,0,THIN-LEGACY,False,True,True,False,False
https://ovidhan.net/word/thyroid.html,thyroid,0,4,0.0,59.75,GLOBAL AGGREGATE — FRANCE CONTAMINATION POSSIBLE,LOW,Bangladesh-filtered GSC page/query export required,word/thyroid.html,D,0,THIN-LEGACY,False,True,True,False,False
https://ovidhan.net/word/timberlake.html,timberlake,0,4,0.0,4.5,GLOBAL AGGREGATE — FRANCE CONTAMINATION POSSIBLE,LOW,Bangladesh-filtered GSC page/query export required,word/timberlake.html,D,0,THIN-LEGACY,False,True,True,False,False
https://ovidhan.net/word/tradeoff.html,tradeoff,1,4,0.25,12.0,GLOBAL AGGREGATE — FRANCE CONTAMINATION POSSIBLE,LOW,Bangladesh-filtered GSC page/query export required,word/tradeoff.html,D,0,THIN-LEGACY,False,True,True,False,False
https://ovidhan.net/word/tram.html,tram,0,4,0.0,48.75,GLOBAL AGGREGATE — FRANCE CONTAMINATION POSSIBLE,LOW,Bangladesh-filtered GSC page/query export required,word/tram.html,B,3,REVIEW,False,True,True,False,False
https://ovidhan.net/word/tranquility.html,tranquility,0,4,0.0,43.75,GLOBAL AGGREGATE — FRANCE CONTAMINATION POSSIBLE,LOW,Bangladesh-filtered GSC page/query export required,word/tranquility.html,D,0,THIN-LEGACY,False,True,True,False,False
https://ovidhan.net/word/trunks.html,trunks,0,4,0.0,10.5,GLOBAL AGGREGATE — FRANCE CONTAMINATION POSSIBLE,LOW,Bangladesh-filtered GSC page/query export required,word/trunks.html,D,0,THIN-LEGACY,False,True,True,False,False
https://ovidhan.net/word/tunbridge.html,tunbridge,0,4,0.0,32.0,GLOBAL AGGREGATE — FRANCE CONTAMINATION POSSIBLE,LOW,Bangladesh-filtered GSC page/query export required,word/tunbridge.html,D,0,THIN-LEGACY,False,True,True,False,False
https://ovidhan.net/word/unambiguous.html,unambiguous,0,4,0.0,46.0,GLOBAL AGGREGATE — FRANCE CONTAMINATION POSSIBLE,LOW,Bangladesh-filtered GSC page/query export required,word/unambiguous.html,D,0,THIN-LEGACY,False,True,True,False,False
https://ovidhan.net/word/unspoiled.html,unspoiled,0,4,0.0,8.75,GLOBAL AGGREGATE — FRANCE CONTAMINATION POSSIBLE,LOW,Bangladesh-filtered GSC page/query export required,word/unspoiled.html,D,0,THIN-LEGACY,False,True,True,False,False
https://ovidhan.net/word/unwritten.html,unwritten,0,4,0.0,11.5,GLOBAL AGGREGATE — FRANCE CONTAMINATION POSSIBLE,LOW,Bangladesh-filtered GSC page/query export required,word/unwritten.html,D,0,THIN-LEGACY,False,True,True,False,False
https://ovidhan.net/word/urgently.html,urgently,0,4,0.0,10.25,GLOBAL AGGREGATE — FRANCE CONTAMINATION POSSIBLE,LOW,Bangladesh-filtered GSC page/query export required,word/urgently.html,D,0,THIN-LEGACY,False,True,True,False,False
https://ovidhan.net/word/uterus.html,uterus,0,4,0.0,64.25,GLOBAL AGGREGATE — FRANCE CONTAMINATION POSSIBLE,LOW,Bangladesh-filtered GSC page/query export required,word/uterus.html,D,0,THIN-LEGACY,False,True,True,False,False
https://ovidhan.net/word/vanish.html,vanish,0,4,0.0,66.75,GLOBAL AGGREGATE — FRANCE CONTAMINATION POSSIBLE,LOW,Bangladesh-filtered GSC page/query export required,word/vanish.html,B,3,REVIEW,False,True,True,False,False
https://ovidhan.net/word/venturing.html,venturing,0,4,0.0,17.0,GLOBAL AGGREGATE — FRANCE CONTAMINATION POSSIBLE,LOW,Bangladesh-filtered GSC page/query export required,word/venturing.html,D,0,THIN-LEGACY,False,True,True,False,False
https://ovidhan.net/word/vidal.html,vidal,0,4,0.0,8.75,GLOBAL AGGREGATE — FRANCE CONTAMINATION POSSIBLE,LOW,Bangladesh-filtered GSC page/query export required,word/vidal.html,D,0,THIN-LEGACY,False,True,True,False,False
https://ovidhan.net/word/vincennes.html,vincennes,0,4,0.0,38.75,GLOBAL AGGREGATE — FRANCE CONTAMINATION POSSIBLE,LOW,Bangladesh-filtered GSC page/query export required,word/vincennes.html,D,0,THIN-LEGACY,False,True,True,False,False
https://ovidhan.net/word/volkswagen.html,volkswagen,0,4,0.0,9.75,GLOBAL AGGREGATE — FRANCE CONTAMINATION POSSIBLE,LOW,Bangladesh-filtered GSC page/query export required,word/volkswagen.html,D,0,THIN-LEGACY,False,True,True,False,False
https://ovidhan.net/word/waist.html,waist,0,4,0.0,39.25,GLOBAL AGGREGATE — FRANCE CONTAMINATION POSSIBLE,LOW,Bangladesh-filtered GSC page/query export required,word/waist.html,D,0,THIN-LEGACY,False,True,True,False,False
https://ovidhan.net/word/wallet.html,wallet,0,4,0.0,46.5,GLOBAL AGGREGATE — FRANCE CONTAMINATION POSSIBLE,LOW,Bangladesh-filtered GSC page/query export required,word/wallet.html,B,3,REVIEW,False,True,True,False,False
https://ovidhan.net/word/wealthy.html,wealthy,0,4,0.0,44.25,GLOBAL AGGREGATE — FRANCE CONTAMINATION POSSIBLE,LOW,Bangladesh-filtered GSC page/query export required,word/wealthy.html,D,0,THIN-LEGACY,False,True,True,False,False
https://ovidhan.net/word/widely.html,widely,0,4,0.0,39.75,GLOBAL AGGREGATE — FRANCE CONTAMINATION POSSIBLE,LOW,Bangladesh-filtered GSC page/query export required,word/widely.html,D,0,THIN-LEGACY,False,True,True,False,False
https://ovidhan.net/word/wildfire.html,wildfire,0,4,0.0,11.5,GLOBAL AGGREGATE — FRANCE CONTAMINATION POSSIBLE,LOW,Bangladesh-filtered GSC page/query export required,word/wildfire.html,D,0,THIN-LEGACY,False,True,True,False,False
https://ovidhan.net/word/wondering.html,wondering,0,4,0.0,34.5,GLOBAL AGGREGATE — FRANCE CONTAMINATION POSSIBLE,LOW,Bangladesh-filtered GSC page/query export required,word/wondering.html,D,0,THIN-LEGACY,False,True,True,False,False
https://ovidhan.net/word/worldly.html,worldly,0,4,0.0,10.0,GLOBAL AGGREGATE — FRANCE CONTAMINATION POSSIBLE,LOW,Bangladesh-filtered GSC page/query export required,word/worldly.html,D,0,THIN-LEGACY,False,True,True,False,False
https://ovidhan.net/word/wrought.html,wrought,0,4,0.0,15.0,GLOBAL AGGREGATE — FRANCE CONTAMINATION POSSIBLE,LOW,Bangladesh-filtered GSC page/query export required,word/wrought.html,B,3,REVIEW,False,True,True,False,False
https://ovidhan.net/word/yeung.html,yeung,0,4,0.0,42.25,GLOBAL AGGREGATE — FRANCE CONTAMINATION POSSIBLE,LOW,Bangladesh-filtered GSC page/query export required,word/yeung.html,D,0,THIN-LEGACY,False,True,True,False,False
https://ovidhan.net/word/abbas.html,abbas,0,3,0.0,12.0,GLOBAL AGGREGATE — FRANCE CONTAMINATION POSSIBLE,LOW,Bangladesh-filtered GSC page/query export required,word/abbas.html,D,0,THIN-LEGACY,False,True,True,False,False
https://ovidhan.net/word/abduction.html,abduction,0,3,0.0,49.0,GLOBAL AGGREGATE — FRANCE CONTAMINATION POSSIBLE,LOW,Bangladesh-filtered GSC page/query export required,word/abduction.html,B,3,KEEP-INDEXED,True,False,True,True,True
https://ovidhan.net/word/accordance.html,accordance,0,3,0.0,69.33,GLOBAL AGGREGATE — FRANCE CONTAMINATION POSSIBLE,LOW,Bangladesh-filtered GSC page/query export required,word/accordance.html,A,7,KEEP-INDEXED,True,False,True,True,True
https://ovidhan.net/word/akron.html,akron,0,3,0.0,5.33,GLOBAL AGGREGATE — FRANCE CONTAMINATION POSSIBLE,LOW,Bangladesh-filtered GSC page/query export required,word/akron.html,D,0,THIN-LEGACY,False,True,True,False,False
https://ovidhan.net/word/amt.html,amt,0,3,0.0,41.0,GLOBAL AGGREGATE — FRANCE CONTAMINATION POSSIBLE,LOW,Bangladesh-filtered GSC page/query export required,word/amt.html,D,0,THIN-LEGACY,False,True,True,False,False
https://ovidhan.net/word/appa.html,appa,0,3,0.0,57.33,GLOBAL AGGREGATE — FRANCE CONTAMINATION POSSIBLE,LOW,Bangladesh-filtered GSC page/query export required,word/appa.html,D,0,THIN-LEGACY,False,True,True,False,False
https://ovidhan.net/word/aptly.html,aptly,0,3,0.0,11.0,GLOBAL AGGREGATE — FRANCE CONTAMINATION POSSIBLE,LOW,Bangladesh-filtered GSC page/query export required,word/aptly.html,D,0,THIN-LEGACY,False,True,True,False,False
https://ovidhan.net/word/avengers.html,avengers,0,3,0.0,11.67,GLOBAL AGGREGATE — FRANCE CONTAMINATION POSSIBLE,LOW,Bangladesh-filtered GSC page/query export required,word/avengers.html,D,0,THIN-LEGACY,False,True,True,False,False
https://ovidhan.net/word/bis.html,bis,0,3,0.0,8.67,GLOBAL AGGREGATE — FRANCE CONTAMINATION POSSIBLE,LOW,Bangladesh-filtered GSC page/query export required,word/bis.html,D,0,THIN-LEGACY,False,True,True,False,False
https://ovidhan.net/word/brows.html,brows,0,3,0.0,10.0,GLOBAL AGGREGATE — FRANCE CONTAMINATION POSSIBLE,LOW,Bangladesh-filtered GSC page/query export required,word/brows.html,D,0,THIN-LEGACY,False,True,True,False,False
https://ovidhan.net/word/bub.html,bub,0,3,0.0,48.33,GLOBAL AGGREGATE — FRANCE CONTAMINATION POSSIBLE,LOW,Bangladesh-filtered GSC page/query export required,word/bub.html,D,0,THIN-LEGACY,False,True,True,False,False
https://ovidhan.net/word/centered.html,centered,0,3,0.0,9.0,GLOBAL AGGREGATE — FRANCE CONTAMINATION POSSIBLE,LOW,Bangladesh-filtered GSC page/query export required,word/centered.html,D,0,THIN-LEGACY,False,True,True,False,False
https://ovidhan.net/word/chester.html,chester,0,3,0.0,6.67,GLOBAL AGGREGATE — FRANCE CONTAMINATION POSSIBLE,LOW,Bangladesh-filtered GSC page/query export required,word/chester.html,D,0,THIN-LEGACY,False,True,True,False,False
https://ovidhan.net/word/complacent.html,complacent,0,3,0.0,62.67,GLOBAL AGGREGATE — FRANCE CONTAMINATION POSSIBLE,LOW,Bangladesh-filtered GSC page/query export required,word/complacent.html,B,3,REVIEW,False,True,True,False,False
https://ovidhan.net/word/confine.html,confine,0,3,0.0,34.33,GLOBAL AGGREGATE — FRANCE CONTAMINATION POSSIBLE,LOW,Bangladesh-filtered GSC page/query export required,word/confine.html,B,3,REVIEW,False,True,True,False,False
https://ovidhan.net/word/corsair.html,corsair,0,3,0.0,11.0,GLOBAL AGGREGATE — FRANCE CONTAMINATION POSSIBLE,LOW,Bangladesh-filtered GSC page/query export required,word/corsair.html,D,0,THIN-LEGACY,False,True,True,False,False
https://ovidhan.net/word/dailies.html,dailies,0,3,0.0,70.0,GLOBAL AGGREGATE — FRANCE CONTAMINATION POSSIBLE,LOW,Bangladesh-filtered GSC page/query export required,word/dailies.html,D,0,THIN-LEGACY,False,True,True,False,False
https://ovidhan.net/word/dla.html,dla,0,3,0.0,5.67,GLOBAL AGGREGATE — FRANCE CONTAMINATION POSSIBLE,LOW,Bangladesh-filtered GSC page/query export required,word/dla.html,D,0,THIN-LEGACY,False,True,True,False,False
https://ovidhan.net/word/during.html,during,0,3,0.0,72.67,GLOBAL AGGREGATE — FRANCE CONTAMINATION POSSIBLE,LOW,Bangladesh-filtered GSC page/query export required,word/during.html,B,3,REVIEW,False,True,True,False,False
https://ovidhan.net/word/emi.html,emi,0,3,0.0,7.33,GLOBAL AGGREGATE — FRANCE CONTAMINATION POSSIBLE,LOW,Bangladesh-filtered GSC page/query export required,word/emi.html,D,0,THIN-LEGACY,False,True,True,False,False
https://ovidhan.net/word/extractive.html,extractive,0,3,0.0,68.33,GLOBAL AGGREGATE — FRANCE CONTAMINATION POSSIBLE,LOW,Bangladesh-filtered GSC page/query export required,word/extractive.html,D,0,THIN-LEGACY,False,True,True,False,False
https://ovidhan.net/word/funneled.html,funneled,0,3,0.0,61.0,GLOBAL AGGREGATE — FRANCE CONTAMINATION POSSIBLE,LOW,Bangladesh-filtered GSC page/query export required,word/funneled.html,D,0,THIN-LEGACY,False,True,True,False,False
https://ovidhan.net/word/goto.html,goto,0,3,0.0,48.0,GLOBAL AGGREGATE — FRANCE CONTAMINATION POSSIBLE,LOW,Bangladesh-filtered GSC page/query export required,word/goto.html,D,0,THIN-LEGACY,False,True,True,False,False
https://ovidhan.net/word/grandstanding.html,grandstanding,0,3,0.0,69.0,GLOBAL AGGREGATE — FRANCE CONTAMINATION POSSIBLE,LOW,Bangladesh-filtered GSC page/query export required,word/grandstanding.html,D,0,THIN-LEGACY,False,True,True,False,False
https://ovidhan.net/word/groundbreaking.html,groundbreaking,0,3,0.0,8.0,GLOBAL AGGREGATE — FRANCE CONTAMINATION POSSIBLE,LOW,Bangladesh-filtered GSC page/query export required,word/groundbreaking.html,D,0,THIN-LEGACY,False,True,True,False,False
https://ovidhan.net/word/horrendous.html,horrendous,0,3,0.0,11.0,GLOBAL AGGREGATE — FRANCE CONTAMINATION POSSIBLE,LOW,Bangladesh-filtered GSC page/query export required,word/horrendous.html,D,0,THIN-LEGACY,False,True,True,False,False
https://ovidhan.net/word/hosted.html,hosted,0,3,0.0,9.67,GLOBAL AGGREGATE — FRANCE CONTAMINATION POSSIBLE,LOW,Bangladesh-filtered GSC page/query export required,word/hosted.html,A,7,REVIEW,False,True,True,False,False
https://ovidhan.net/word/ibn.html,ibn,0,3,0.0,78.33,GLOBAL AGGREGATE — FRANCE CONTAMINATION POSSIBLE,LOW,Bangladesh-filtered GSC page/query export required,word/ibn.html,D,0,THIN-LEGACY,False,True,True,False,False
https://ovidhan.net/word/idk.html,idk,0,3,0.0,9.67,GLOBAL AGGREGATE — FRANCE CONTAMINATION POSSIBLE,LOW,Bangladesh-filtered GSC page/query export required,word/idk.html,D,0,THIN-LEGACY,False,True,True,False,False
https://ovidhan.net/word/itt.html,itt,0,3,0.0,37.67,GLOBAL AGGREGATE — FRANCE CONTAMINATION POSSIBLE,LOW,Bangladesh-filtered GSC page/query export required,word/itt.html,D,0,THIN-LEGACY,False,True,True,False,False
https://ovidhan.net/word/kaboom.html,kaboom,0,3,0.0,27.67,GLOBAL AGGREGATE — FRANCE CONTAMINATION POSSIBLE,LOW,Bangladesh-filtered GSC page/query export required,word/kaboom.html,D,0,THIN-LEGACY,False,True,True,False,False
https://ovidhan.net/word/knives.html,knives,0,3,0.0,47.33,GLOBAL AGGREGATE — FRANCE CONTAMINATION POSSIBLE,LOW,Bangladesh-filtered GSC page/query export required,word/knives.html,D,0,THIN-LEGACY,False,True,True,False,False
https://ovidhan.net/word/lambeth.html,lambeth,0,3,0.0,5.33,GLOBAL AGGREGATE — FRANCE CONTAMINATION POSSIBLE,LOW,Bangladesh-filtered GSC page/query export required,word/lambeth.html,D,0,THIN-LEGACY,False,True,True,False,False
https://ovidhan.net/word/lament.html,lament,0,3,0.0,40.0,GLOBAL AGGREGATE — FRANCE CONTAMINATION POSSIBLE,LOW,Bangladesh-filtered GSC page/query export required,word/lament.html,B,3,REVIEW,False,True,True,False,False
https://ovidhan.net/word/landslide.html,landslide,0,3,0.0,45.67,GLOBAL AGGREGATE — FRANCE CONTAMINATION POSSIBLE,LOW,Bangladesh-filtered GSC page/query export required,word/landslide.html,D,0,THIN-LEGACY,False,True,True,False,False
https://ovidhan.net/word/lathe.html,lathe,0,3,0.0,23.33,GLOBAL AGGREGATE — FRANCE CONTAMINATION POSSIBLE,LOW,Bangladesh-filtered GSC page/query export required,word/lathe.html,D,0,THIN-LEGACY,False,True,True,False,False
https://ovidhan.net/word/lentils.html,lentils,0,3,0.0,40.67,GLOBAL AGGREGATE — FRANCE CONTAMINATION POSSIBLE,LOW,Bangladesh-filtered GSC page/query export required,word/lentils.html,D,0,THIN-LEGACY,False,True,True,False,False
https://ovidhan.net/word/leukaemia.html,leukaemia,0,3,0.0,94.33,GLOBAL AGGREGATE — FRANCE CONTAMINATION POSSIBLE,LOW,Bangladesh-filtered GSC page/query export required,word/leukaemia.html,D,0,THIN-LEGACY,False,True,True,False,False
https://ovidhan.net/word/leyland.html,leyland,0,3,0.0,7.67,GLOBAL AGGREGATE — FRANCE CONTAMINATION POSSIBLE,LOW,Bangladesh-filtered GSC page/query export required,word/leyland.html,D,0,THIN-LEGACY,False,True,True,False,False
https://ovidhan.net/word/liberalisation.html,liberalisation,0,3,0.0,47.33,GLOBAL AGGREGATE — FRANCE CONTAMINATION POSSIBLE,LOW,Bangladesh-filtered GSC page/query export required,word/liberalisation.html,D,0,THIN-LEGACY,False,True,True,False,False
https://ovidhan.net/word/locked.html,locked,0,3,0.0,24.33,GLOBAL AGGREGATE — FRANCE CONTAMINATION POSSIBLE,LOW,Bangladesh-filtered GSC page/query export required,word/locked.html,D,0,THIN-LEGACY,False,True,True,False,False
https://ovidhan.net/word/lourdes.html,lourdes,0,3,0.0,8.33,GLOBAL AGGREGATE — FRANCE CONTAMINATION POSSIBLE,LOW,Bangladesh-filtered GSC page/query export required,word/lourdes.html,D,0,THIN-LEGACY,False,True,True,False,False
https://ovidhan.net/word/majlis.html,majlis,0,3,0.0,37.67,GLOBAL AGGREGATE — FRANCE CONTAMINATION POSSIBLE,LOW,Bangladesh-filtered GSC page/query export required,word/majlis.html,D,0,THIN-LEGACY,False,True,True,False,False
https://ovidhan.net/word/malta.html,malta,0,3,0.0,38.67,GLOBAL AGGREGATE — FRANCE CONTAMINATION POSSIBLE,LOW,Bangladesh-filtered GSC page/query export required,word/malta.html,D,0,THIN-LEGACY,False,True,True,False,False
https://ovidhan.net/word/maltreatment.html,maltreatment,0,3,0.0,50.0,GLOBAL AGGREGATE — FRANCE CONTAMINATION POSSIBLE,LOW,Bangladesh-filtered GSC page/query export required,word/maltreatment.html,D,0,THIN-LEGACY,False,True,True,False,False
https://ovidhan.net/word/manipulate.html,manipulate,0,3,0.0,51.0,GLOBAL AGGREGATE — FRANCE CONTAMINATION POSSIBLE,LOW,Bangladesh-filtered GSC page/query export required,word/manipulate.html,B,3,REVIEW,False,True,True,False,False
https://ovidhan.net/word/manuscript.html,manuscript,0,3,0.0,48.0,GLOBAL AGGREGATE — FRANCE CONTAMINATION POSSIBLE,LOW,Bangladesh-filtered GSC page/query export required,word/manuscript.html,D,0,THIN-LEGACY,False,True,True,False,False
https://ovidhan.net/word/maxs.html,maxs,0,3,0.0,45.33,GLOBAL AGGREGATE — FRANCE CONTAMINATION POSSIBLE,LOW,Bangladesh-filtered GSC page/query export required,word/maxs.html,D,0,INVALID/NOISE,False,True,True,False,False
https://ovidhan.net/word/mayors.html,mayors,0,3,0.0,42.67,GLOBAL AGGREGATE — FRANCE CONTAMINATION POSSIBLE,LOW,Bangladesh-filtered GSC page/query export required,word/mayors.html,D,0,THIN-LEGACY,False,True,True,False,False
https://ovidhan.net/word/mcpherson.html,mcpherson,0,3,0.0,7.0,GLOBAL AGGREGATE — FRANCE CONTAMINATION POSSIBLE,LOW,Bangladesh-filtered GSC page/query export required,word/mcpherson.html,D,0,THIN-LEGACY,False,True,True,False,False
https://ovidhan.net/word/medley.html,medley,0,3,0.0,20.33,GLOBAL AGGREGATE — FRANCE CONTAMINATION POSSIBLE,LOW,Bangladesh-filtered GSC page/query export required,word/medley.html,B,3,REVIEW,False,True,True,False,False
https://ovidhan.net/word/menopause.html,menopause,0,3,0.0,61.67,GLOBAL AGGREGATE — FRANCE CONTAMINATION POSSIBLE,LOW,Bangladesh-filtered GSC page/query export required,word/menopause.html,D,0,THIN-LEGACY,False,True,True,False,False
https://ovidhan.net/word/militant.html,militant,0,3,0.0,24.33,GLOBAL AGGREGATE — FRANCE CONTAMINATION POSSIBLE,LOW,Bangladesh-filtered GSC page/query export required,word/militant.html,B,3,REVIEW,False,True,True,False,False
https://ovidhan.net/word/misconception.html,misconception,0,3,0.0,45.33,GLOBAL AGGREGATE — FRANCE CONTAMINATION POSSIBLE,LOW,Bangladesh-filtered GSC page/query export required,word/misconception.html,B,3,REVIEW,False,True,True,False,False
https://ovidhan.net/word/mosquitos.html,mosquitos,0,3,0.0,68.67,GLOBAL AGGREGATE — FRANCE CONTAMINATION POSSIBLE,LOW,Bangladesh-filtered GSC page/query export required,word/mosquitos.html,D,0,THIN-LEGACY,False,True,True,False,False
https://ovidhan.net/word/musk.html,musk,0,3,0.0,35.0,GLOBAL AGGREGATE — FRANCE CONTAMINATION POSSIBLE,LOW,Bangladesh-filtered GSC page/query export required,word/musk.html,B,3,REVIEW,False,True,True,False,False
https://ovidhan.net/word/obedience.html,obedience,0,3,0.0,31.0,GLOBAL AGGREGATE — FRANCE CONTAMINATION POSSIBLE,LOW,Bangladesh-filtered GSC page/query export required,word/obedience.html,D,0,THIN-LEGACY,False,True,True,False,False
https://ovidhan.net/word/originated.html,originated,0,3,0.0,46.33,GLOBAL AGGREGATE — FRANCE CONTAMINATION POSSIBLE,LOW,Bangladesh-filtered GSC page/query export required,word/originated.html,D,0,THIN-LEGACY,False,True,True,False,False
https://ovidhan.net/word/outreach.html,outreach,0,3,0.0,11.0,GLOBAL AGGREGATE — FRANCE CONTAMINATION POSSIBLE,LOW,Bangladesh-filtered GSC page/query export required,word/outreach.html,B,3,REVIEW,False,True,True,False,False
https://ovidhan.net/word/overhauling.html,overhauling,0,3,0.0,51.0,GLOBAL AGGREGATE — FRANCE CONTAMINATION POSSIBLE,LOW,Bangladesh-filtered GSC page/query export required,word/overhauling.html,D,0,THIN-LEGACY,False,True,True,False,False
https://ovidhan.net/word/overland.html,overland,0,3,0.0,10.0,GLOBAL AGGREGATE — FRANCE CONTAMINATION POSSIBLE,LOW,Bangladesh-filtered GSC page/query export required,word/overland.html,D,0,THIN-LEGACY,False,True,True,False,False
https://ovidhan.net/word/overworked.html,overworked,0,3,0.0,41.67,GLOBAL AGGREGATE — FRANCE CONTAMINATION POSSIBLE,LOW,Bangladesh-filtered GSC page/query export required,word/overworked.html,D,0,THIN-LEGACY,False,True,True,False,False
https://ovidhan.net/word/oyo.html,oyo,0,3,0.0,8.0,GLOBAL AGGREGATE — FRANCE CONTAMINATION POSSIBLE,LOW,Bangladesh-filtered GSC page/query export required,word/oyo.html,D,0,THIN-LEGACY,False,True,True,False,False
https://ovidhan.net/word/parochial.html,parochial,0,3,0.0,25.67,GLOBAL AGGREGATE — FRANCE CONTAMINATION POSSIBLE,LOW,Bangladesh-filtered GSC page/query export required,word/parochial.html,D,0,THIN-LEGACY,False,True,True,False,False
https://ovidhan.net/word/patronage.html,patronage,0,3,0.0,35.33,GLOBAL AGGREGATE — FRANCE CONTAMINATION POSSIBLE,LOW,Bangladesh-filtered GSC page/query export required,word/patronage.html,D,0,THIN-LEGACY,False,True,True,False,False
https://ovidhan.net/word/peeing.html,peeing,0,3,0.0,46.33,GLOBAL AGGREGATE — FRANCE CONTAMINATION POSSIBLE,LOW,Bangladesh-filtered GSC page/query export required,word/peeing.html,D,0,THIN-LEGACY,False,True,True,False,False
https://ovidhan.net/word/pembroke.html,pembroke,0,3,0.0,11.0,GLOBAL AGGREGATE — FRANCE CONTAMINATION POSSIBLE,LOW,Bangladesh-filtered GSC page/query export required,word/pembroke.html,D,0,THIN-LEGACY,False,True,True,False,False
https://ovidhan.net/word/permanence.html,permanence,0,3,0.0,24.0,GLOBAL AGGREGATE — FRANCE CONTAMINATION POSSIBLE,LOW,Bangladesh-filtered GSC page/query export required,word/permanence.html,D,0,THIN-LEGACY,False,True,True,False,False
https://ovidhan.net/word/pickets.html,pickets,0,3,0.0,41.0,GLOBAL AGGREGATE — FRANCE CONTAMINATION POSSIBLE,LOW,Bangladesh-filtered GSC page/query export required,word/pickets.html,D,0,THIN-LEGACY,False,True,True,False,False
https://ovidhan.net/word/pineapple.html,pineapple,0,3,0.0,45.0,GLOBAL AGGREGATE — FRANCE CONTAMINATION POSSIBLE,LOW,Bangladesh-filtered GSC page/query export required,word/pineapple.html,D,0,THIN-LEGACY,False,True,True,False,False
https://ovidhan.net/word/predetermined.html,predetermined,0,3,0.0,20.67,GLOBAL AGGREGATE — FRANCE CONTAMINATION POSSIBLE,LOW,Bangladesh-filtered GSC page/query export required,word/predetermined.html,D,0,THIN-LEGACY,False,True,True,False,False
https://ovidhan.net/word/projected.html,projected,0,3,0.0,52.0,GLOBAL AGGREGATE — FRANCE CONTAMINATION POSSIBLE,LOW,Bangladesh-filtered GSC page/query export required,word/projected.html,D,0,THIN-LEGACY,False,True,True,False,False
https://ovidhan.net/word/prospectus.html,prospectus,0,3,0.0,39.0,GLOBAL AGGREGATE — FRANCE CONTAMINATION POSSIBLE,LOW,Bangladesh-filtered GSC page/query export required,word/prospectus.html,D,0,THIN-LEGACY,False,True,True,False,False
https://ovidhan.net/word/provision.html,provision,0,3,0.0,74.67,GLOBAL AGGREGATE — FRANCE CONTAMINATION POSSIBLE,LOW,Bangladesh-filtered GSC page/query export required,word/provision.html,A,7,REVIEW,False,True,True,False,False
https://ovidhan.net/word/quarry.html,quarry,0,3,0.0,40.67,GLOBAL AGGREGATE — FRANCE CONTAMINATION POSSIBLE,LOW,Bangladesh-filtered GSC page/query export required,word/quarry.html,B,3,REVIEW,False,True,True,False,False
https://ovidhan.net/word/quilt.html,quilt,0,3,0.0,53.33,GLOBAL AGGREGATE — FRANCE CONTAMINATION POSSIBLE,LOW,Bangladesh-filtered GSC page/query export required,word/quilt.html,B,3,REVIEW,False,True,True,False,False
https://ovidhan.net/word/quirky.html,quirky,0,3,0.0,21.33,GLOBAL AGGREGATE — FRANCE CONTAMINATION POSSIBLE,LOW,Bangladesh-filtered GSC page/query export required,word/quirky.html,B,3,REVIEW,False,True,True,False,False
https://ovidhan.net/word/railway.html,railway,0,3,0.0,11.67,GLOBAL AGGREGATE — FRANCE CONTAMINATION POSSIBLE,LOW,Bangladesh-filtered GSC page/query export required,word/railway.html,D,0,THIN-LEGACY,False,True,True,False,False
https://ovidhan.net/word/randomness.html,randomness,0,3,0.0,55.33,GLOBAL AGGREGATE — FRANCE CONTAMINATION POSSIBLE,LOW,Bangladesh-filtered GSC page/query export required,word/randomness.html,D,0,THIN-LEGACY,False,True,True,False,False
https://ovidhan.net/word/readiness.html,readiness,0,3,0.0,42.67,GLOBAL AGGREGATE — FRANCE CONTAMINATION POSSIBLE,LOW,Bangladesh-filtered GSC page/query export required,word/readiness.html,D,0,THIN-LEGACY,False,True,True,False,False
https://ovidhan.net/word/rebuild.html,rebuild,0,3,0.0,26.33,GLOBAL AGGREGATE — FRANCE CONTAMINATION POSSIBLE,LOW,Bangladesh-filtered GSC page/query export required,word/rebuild.html,D,0,THIN-LEGACY,False,True,True,False,False
https://ovidhan.net/word/relive.html,relive,0,3,0.0,62.33,GLOBAL AGGREGATE — FRANCE CONTAMINATION POSSIBLE,LOW,Bangladesh-filtered GSC page/query export required,word/relive.html,D,0,THIN-LEGACY,False,True,True,False,False
https://ovidhan.net/word/renew.html,renew,0,3,0.0,42.33,GLOBAL AGGREGATE — FRANCE CONTAMINATION POSSIBLE,LOW,Bangladesh-filtered GSC page/query export required,word/renew.html,B,3,REVIEW,False,True,True,False,False
https://ovidhan.net/word/resignations.html,resignations,0,3,0.0,70.0,GLOBAL AGGREGATE — FRANCE CONTAMINATION POSSIBLE,LOW,Bangladesh-filtered GSC page/query export required,word/resignations.html,D,0,THIN-LEGACY,False,True,True,False,False
https://ovidhan.net/word/retrospectively.html,retrospectively,0,3,0.0,55.0,GLOBAL AGGREGATE — FRANCE CONTAMINATION POSSIBLE,LOW,Bangladesh-filtered GSC page/query export required,word/retrospectively.html,D,0,THIN-LEGACY,False,True,True,False,False
https://ovidhan.net/word/revolve.html,revolve,0,3,0.0,33.0,GLOBAL AGGREGATE — FRANCE CONTAMINATION POSSIBLE,LOW,Bangladesh-filtered GSC page/query export required,word/revolve.html,B,3,REVIEW,False,True,True,False,False
https://ovidhan.net/word/rewind.html,rewind,0,3,0.0,58.67,GLOBAL AGGREGATE — FRANCE CONTAMINATION POSSIBLE,LOW,Bangladesh-filtered GSC page/query export required,word/rewind.html,D,0,THIN-LEGACY,False,True,True,False,False
https://ovidhan.net/word/robinson.html,robinson,0,3,0.0,9.0,GLOBAL AGGREGATE — FRANCE CONTAMINATION POSSIBLE,LOW,Bangladesh-filtered GSC page/query export required,word/robinson.html,D,0,THIN-LEGACY,False,True,True,False,False
https://ovidhan.net/word/roos.html,roos,0,3,0.0,73.33,GLOBAL AGGREGATE — FRANCE CONTAMINATION POSSIBLE,LOW,Bangladesh-filtered GSC page/query export required,word/roos.html,D,0,THIN-LEGACY,False,True,True,False,False
https://ovidhan.net/word/rudimentary.html,rudimentary,0,3,0.0,34.0,GLOBAL AGGREGATE — FRANCE CONTAMINATION POSSIBLE,LOW,Bangladesh-filtered GSC page/query export required,word/rudimentary.html,B,3,REVIEW,False,True,True,False,False
https://ovidhan.net/word/sabha.html,sabha,0,3,0.0,45.33,GLOBAL AGGREGATE — FRANCE CONTAMINATION POSSIBLE,LOW,Bangladesh-filtered GSC page/query export required,word/sabha.html,D,0,THIN-LEGACY,False,True,True,False,False
https://ovidhan.net/word/sanguine.html,sanguine,0,3,0.0,82.33,GLOBAL AGGREGATE — FRANCE CONTAMINATION POSSIBLE,LOW,Bangladesh-filtered GSC page/query export required,word/sanguine.html,B,3,REVIEW,False,True,True,False,False
https://ovidhan.net/word/savory.html,savory,0,3,0.0,36.0,GLOBAL AGGREGATE — FRANCE CONTAMINATION POSSIBLE,LOW,Bangladesh-filtered GSC page/query export required,word/savory.html,D,0,THIN-LEGACY,False,True,True,False,False
https://ovidhan.net/word/sceptical.html,sceptical,0,3,0.0,45.0,GLOBAL AGGREGATE — FRANCE CONTAMINATION POSSIBLE,LOW,Bangladesh-filtered GSC page/query export required,word/sceptical.html,D,0,THIN-LEGACY,False,True,True,False,False
https://ovidhan.net/word/shilling.html,shilling,0,3,0.0,74.33,GLOBAL AGGREGATE — FRANCE CONTAMINATION POSSIBLE,LOW,Bangladesh-filtered GSC page/query export required,word/shilling.html,D,0,THIN-LEGACY,False,True,True,False,False
https://ovidhan.net/word/shuddering.html,shuddering,0,3,0.0,63.67,GLOBAL AGGREGATE — FRANCE CONTAMINATION POSSIBLE,LOW,Bangladesh-filtered GSC page/query export required,word/shuddering.html,D,0,THIN-LEGACY,False,True,True,False,False
https://ovidhan.net/word/simplification.html,simplification,0,3,0.0,35.0,GLOBAL AGGREGATE — FRANCE CONTAMINATION POSSIBLE,LOW,Bangladesh-filtered GSC page/query export required,word/simplification.html,D,0,THIN-LEGACY,False,True,True,False,False
https://ovidhan.net/word/sire.html,sire,0,3,0.0,32.67,GLOBAL AGGREGATE — FRANCE CONTAMINATION POSSIBLE,LOW,Bangladesh-filtered GSC page/query export required,word/sire.html,D,0,THIN-LEGACY,False,True,True,False,False
https://ovidhan.net/word/smarts.html,smarts,0,3,0.0,62.0,GLOBAL AGGREGATE — FRANCE CONTAMINATION POSSIBLE,LOW,Bangladesh-filtered GSC page/query export required,word/smarts.html,D,0,THIN-LEGACY,False,True,True,False,False
https://ovidhan.net/word/smoothness.html,smoothness,0,3,0.0,28.67,GLOBAL AGGREGATE — FRANCE CONTAMINATION POSSIBLE,LOW,Bangladesh-filtered GSC page/query export required,word/smoothness.html,D,0,THIN-LEGACY,False,True,True,False,False
https://ovidhan.net/word/sod.html,sod,0,3,0.0,37.67,GLOBAL AGGREGATE — FRANCE CONTAMINATION POSSIBLE,LOW,Bangladesh-filtered GSC page/query export required,word/sod.html,B,3,REVIEW,False,True,True,False,False
https://ovidhan.net/word/solely.html,solely,0,3,0.0,36.67,GLOBAL AGGREGATE — FRANCE CONTAMINATION POSSIBLE,LOW,Bangladesh-filtered GSC page/query export required,word/solely.html,D,0,THIN-LEGACY,False,True,True,False,False
https://ovidhan.net/word/solidity.html,solidity,0,3,0.0,41.67,GLOBAL AGGREGATE — FRANCE CONTAMINATION POSSIBLE,LOW,Bangladesh-filtered GSC page/query export required,word/solidity.html,D,0,THIN-LEGACY,False,True,True,False,False
https://ovidhan.net/word/souths.html,souths,0,3,0.0,49.33,GLOBAL AGGREGATE — FRANCE CONTAMINATION POSSIBLE,LOW,Bangladesh-filtered GSC page/query export required,word/souths.html,D,0,INVALID/NOISE,False,True,True,False,False
https://ovidhan.net/word/spellings.html,spellings,0,3,0.0,76.0,GLOBAL AGGREGATE — FRANCE CONTAMINATION POSSIBLE,LOW,Bangladesh-filtered GSC page/query export required,word/spellings.html,D,0,THIN-LEGACY,False,True,True,False,False
https://ovidhan.net/word/spencers.html,spencers,0,3,0.0,16.33,GLOBAL AGGREGATE — FRANCE CONTAMINATION POSSIBLE,LOW,Bangladesh-filtered GSC page/query export required,word/spencers.html,D,0,INVALID/NOISE,False,True,True,False,False
https://ovidhan.net/word/spewed.html,spewed,0,3,0.0,54.33,GLOBAL AGGREGATE — FRANCE CONTAMINATION POSSIBLE,LOW,Bangladesh-filtered GSC page/query export required,word/spewed.html,D,0,THIN-LEGACY,False,True,True,False,False
https://ovidhan.net/word/squats.html,squats,0,3,0.0,43.0,GLOBAL AGGREGATE — FRANCE CONTAMINATION POSSIBLE,LOW,Bangladesh-filtered GSC page/query export required,word/squats.html,D,0,THIN-LEGACY,False,True,True,False,False
https://ovidhan.net/word/stalk.html,stalk,0,3,0.0,51.0,GLOBAL AGGREGATE — FRANCE CONTAMINATION POSSIBLE,LOW,Bangladesh-filtered GSC page/query export required,word/stalk.html,B,3,REVIEW,False,True,True,False,False
https://ovidhan.net/word/steer.html,steer,0,3,0.0,38.0,GLOBAL AGGREGATE — FRANCE CONTAMINATION POSSIBLE,LOW,Bangladesh-filtered GSC page/query export required,word/steer.html,B,3,REVIEW,False,True,True,False,False
https://ovidhan.net/word/strangled.html,strangled,0,3,0.0,34.33,GLOBAL AGGREGATE — FRANCE CONTAMINATION POSSIBLE,LOW,Bangladesh-filtered GSC page/query export required,word/strangled.html,D,0,THIN-LEGACY,False,True,True,False,False
https://ovidhan.net/word/strife.html,strife,0,3,0.0,29.67,GLOBAL AGGREGATE — FRANCE CONTAMINATION POSSIBLE,LOW,Bangladesh-filtered GSC page/query export required,word/strife.html,B,3,REVIEW,False,True,True,False,False
https://ovidhan.net/word/surely.html,surely,0,3,0.0,42.67,GLOBAL AGGREGATE — FRANCE CONTAMINATION POSSIBLE,LOW,Bangladesh-filtered GSC page/query export required,word/surely.html,D,0,THIN-LEGACY,False,True,True,False,False
https://ovidhan.net/word/surrender.html,surrender,0,3,0.0,51.33,GLOBAL AGGREGATE — FRANCE CONTAMINATION POSSIBLE,LOW,Bangladesh-filtered GSC page/query export required,word/surrender.html,B,3,REVIEW,False,True,True,False,False
https://ovidhan.net/word/switches.html,switches,0,3,0.0,54.33,GLOBAL AGGREGATE — FRANCE CONTAMINATION POSSIBLE,LOW,Bangladesh-filtered GSC page/query export required,word/switches.html,D,0,THIN-LEGACY,False,True,True,False,False
https://ovidhan.net/word/sync.html,sync,0,3,0.0,10.67,GLOBAL AGGREGATE — FRANCE CONTAMINATION POSSIBLE,LOW,Bangladesh-filtered GSC page/query export required,word/sync.html,D,0,THIN-LEGACY,False,True,True,False,False
https://ovidhan.net/word/tangle.html,tangle,0,3,0.0,29.33,GLOBAL AGGREGATE — FRANCE CONTAMINATION POSSIBLE,LOW,Bangladesh-filtered GSC page/query export required,word/tangle.html,B,3,REVIEW,False,True,True,False,False
https://ovidhan.net/word/tans.html,tans,0,3,0.0,67.0,GLOBAL AGGREGATE — FRANCE CONTAMINATION POSSIBLE,LOW,Bangladesh-filtered GSC page/query export required,word/tans.html,D,0,THIN-LEGACY,False,True,True,False,False
https://ovidhan.net/word/teased.html,teased,0,3,0.0,10.33,GLOBAL AGGREGATE — FRANCE CONTAMINATION POSSIBLE,LOW,Bangladesh-filtered GSC page/query export required,word/teased.html,D,0,THIN-LEGACY,False,True,True,False,False
https://ovidhan.net/word/templeton.html,templeton,0,3,0.0,8.0,GLOBAL AGGREGATE — FRANCE CONTAMINATION POSSIBLE,LOW,Bangladesh-filtered GSC page/query export required,word/templeton.html,D,0,THIN-LEGACY,False,True,True,False,False
https://ovidhan.net/word/terence.html,terence,0,3,0.0,9.0,GLOBAL AGGREGATE — FRANCE CONTAMINATION POSSIBLE,LOW,Bangladesh-filtered GSC page/query export required,word/terence.html,D,0,THIN-LEGACY,False,True,True,False,False
https://ovidhan.net/word/terrible.html,terrible,0,3,0.0,52.0,GLOBAL AGGREGATE — FRANCE CONTAMINATION POSSIBLE,LOW,Bangladesh-filtered GSC page/query export required,word/terrible.html,B,3,REVIEW,False,True,True,False,False
https://ovidhan.net/word/terrific.html,terrific,0,3,0.0,29.33,GLOBAL AGGREGATE — FRANCE CONTAMINATION POSSIBLE,LOW,Bangladesh-filtered GSC page/query export required,word/terrific.html,B,3,REVIEW,False,True,True,False,False
https://ovidhan.net/word/thaddeus.html,thaddeus,0,3,0.0,5.33,GLOBAL AGGREGATE — FRANCE CONTAMINATION POSSIBLE,LOW,Bangladesh-filtered GSC page/query export required,word/thaddeus.html,D,0,THIN-LEGACY,False,True,True,False,False
https://ovidhan.net/word/thirsty.html,thirsty,0,3,0.0,46.67,GLOBAL AGGREGATE — FRANCE CONTAMINATION POSSIBLE,LOW,Bangladesh-filtered GSC page/query export required,word/thirsty.html,D,0,THIN-LEGACY,False,True,True,False,False
https://ovidhan.net/word/tiring.html,tiring,0,3,0.0,12.67,GLOBAL AGGREGATE — FRANCE CONTAMINATION POSSIBLE,LOW,Bangladesh-filtered GSC page/query export required,word/tiring.html,D,0,THIN-LEGACY,False,True,True,False,False
https://ovidhan.net/word/todo.html,todo,0,3,0.0,9.67,GLOBAL AGGREGATE — FRANCE CONTAMINATION POSSIBLE,LOW,Bangladesh-filtered GSC page/query export required,word/todo.html,D,0,THIN-LEGACY,False,True,True,False,False
https://ovidhan.net/word/trainor.html,trainor,0,3,0.0,22.33,GLOBAL AGGREGATE — FRANCE CONTAMINATION POSSIBLE,LOW,Bangladesh-filtered GSC page/query export required,word/trainor.html,D,0,THIN-LEGACY,False,True,True,False,False
https://ovidhan.net/word/trucking.html,trucking,0,3,0.0,8.0,GLOBAL AGGREGATE — FRANCE CONTAMINATION POSSIBLE,LOW,Bangladesh-filtered GSC page/query export required,word/trucking.html,D,0,THIN-LEGACY,False,True,True,False,False
https://ovidhan.net/word/tunnel.html,tunnel,0,3,0.0,37.33,GLOBAL AGGREGATE — FRANCE CONTAMINATION POSSIBLE,LOW,Bangladesh-filtered GSC page/query export required,word/tunnel.html,B,3,REVIEW,False,True,True,False,False
https://ovidhan.net/word/ucs.html,ucs,0,3,0.0,5.0,GLOBAL AGGREGATE — FRANCE CONTAMINATION POSSIBLE,LOW,Bangladesh-filtered GSC page/query export required,word/ucs.html,D,0,THIN-LEGACY,False,True,True,False,False
https://ovidhan.net/word/undue.html,undue,0,3,0.0,30.67,GLOBAL AGGREGATE — FRANCE CONTAMINATION POSSIBLE,LOW,Bangladesh-filtered GSC page/query export required,word/undue.html,B,3,REVIEW,False,True,True,False,False
https://ovidhan.net/word/unfavourable.html,unfavourable,0,3,0.0,42.33,GLOBAL AGGREGATE — FRANCE CONTAMINATION POSSIBLE,LOW,Bangladesh-filtered GSC page/query export required,word/unfavourable.html,D,0,THIN-LEGACY,False,True,True,False,False
https://ovidhan.net/word/unwinding.html,unwinding,0,3,0.0,70.33,GLOBAL AGGREGATE — FRANCE CONTAMINATION POSSIBLE,LOW,Bangladesh-filtered GSC page/query export required,word/unwinding.html,D,0,THIN-LEGACY,False,True,True,False,False
https://ovidhan.net/word/vidya.html,vidya,0,3,0.0,39.0,GLOBAL AGGREGATE — FRANCE CONTAMINATION POSSIBLE,LOW,Bangladesh-filtered GSC page/query export required,word/vidya.html,D,0,THIN-LEGACY,False,True,True,False,False
https://ovidhan.net/word/vile.html,vile,0,3,0.0,25.0,GLOBAL AGGREGATE — FRANCE CONTAMINATION POSSIBLE,LOW,Bangladesh-filtered GSC page/query export required,word/vile.html,B,3,REVIEW,False,True,True,False,False
https://ovidhan.net/word/vp.html,vp,0,3,0.0,59.0,GLOBAL AGGREGATE — FRANCE CONTAMINATION POSSIBLE,LOW,Bangladesh-filtered GSC page/query export required,word/vp.html,D,0,THIN-LEGACY,False,True,True,False,False
https://ovidhan.net/word/wailing.html,wailing,0,3,0.0,48.0,GLOBAL AGGREGATE — FRANCE CONTAMINATION POSSIBLE,LOW,Bangladesh-filtered GSC page/query export required,word/wailing.html,D,0,THIN-LEGACY,False,True,True,False,False
https://ovidhan.net/word/weaning.html,weaning,0,3,0.0,58.0,GLOBAL AGGREGATE — FRANCE CONTAMINATION POSSIBLE,LOW,Bangladesh-filtered GSC page/query export required,word/weaning.html,D,0,THIN-LEGACY,False,True,True,False,False
https://ovidhan.net/word/whorls.html,whorls,0,3,0.0,47.67,GLOBAL AGGREGATE — FRANCE CONTAMINATION POSSIBLE,LOW,Bangladesh-filtered GSC page/query export required,word/whorls.html,D,0,THIN-LEGACY,False,True,True,False,False
https://ovidhan.net/word/worlds.html,worlds,0,3,0.0,50.67,GLOBAL AGGREGATE — FRANCE CONTAMINATION POSSIBLE,LOW,Bangladesh-filtered GSC page/query export required,word/worlds.html,D,0,THIN-LEGACY,False,True,True,False,False
https://ovidhan.net/word/worried.html,worried,0,3,0.0,47.0,GLOBAL AGGREGATE — FRANCE CONTAMINATION POSSIBLE,LOW,Bangladesh-filtered GSC page/query export required,word/worried.html,D,0,THIN-LEGACY,False,True,True,False,False
https://ovidhan.net/word/wouldnt.html,wouldnt,0,3,0.0,34.0,GLOBAL AGGREGATE — FRANCE CONTAMINATION POSSIBLE,LOW,Bangladesh-filtered GSC page/query export required,word/wouldnt.html,D,0,THIN-LEGACY,False,True,True,False,False
https://ovidhan.net/word/yadav.html,yadav,0,3,0.0,27.67,GLOBAL AGGREGATE — FRANCE CONTAMINATION POSSIBLE,LOW,Bangladesh-filtered GSC page/query export required,word/yadav.html,D,0,THIN-LEGACY,False,True,True,False,False
https://ovidhan.net/word/3rd.html,3rd,0,2,0.0,43.5,GLOBAL AGGREGATE — FRANCE CONTAMINATION POSSIBLE,LOW,Bangladesh-filtered GSC page/query export required,word/3rd.html,D,0,INVALID/NOISE,False,True,True,False,False
https://ovidhan.net/word/6c.html,6c,0,2,0.0,8.0,GLOBAL AGGREGATE — FRANCE CONTAMINATION POSSIBLE,LOW,Bangladesh-filtered GSC page/query export required,word/6c.html,D,0,INVALID/NOISE,False,True,True,False,False
https://ovidhan.net/word/ache.html,ache,0,2,0.0,48.0,GLOBAL AGGREGATE — FRANCE CONTAMINATION POSSIBLE,LOW,Bangladesh-filtered GSC page/query export required,word/ache.html,D,0,THIN-LEGACY,False,True,True,False,False
https://ovidhan.net/word/acr.html,acr,0,2,0.0,10.5,GLOBAL AGGREGATE — FRANCE CONTAMINATION POSSIBLE,LOW,Bangladesh-filtered GSC page/query export required,word/acr.html,D,0,THIN-LEGACY,False,True,True,False,False
https://ovidhan.net/word/allianz.html,allianz,0,2,0.0,58.0,GLOBAL AGGREGATE — FRANCE CONTAMINATION POSSIBLE,LOW,Bangladesh-filtered GSC page/query export required,word/allianz.html,D,0,THIN-LEGACY,False,True,True,False,False
https://ovidhan.net/word/amherst.html,amherst,0,2,0.0,70.5,GLOBAL AGGREGATE — FRANCE CONTAMINATION POSSIBLE,LOW,Bangladesh-filtered GSC page/query export required,word/amherst.html,D,0,THIN-LEGACY,False,True,True,False,False
https://ovidhan.net/word/andalusia.html,andalusia,0,2,0.0,92.0,GLOBAL AGGREGATE — FRANCE CONTAMINATION POSSIBLE,LOW,Bangladesh-filtered GSC page/query export required,word/andalusia.html,D,0,THIN-LEGACY,False,True,True,False,False
https://ovidhan.net/word/apnea.html,apnea,0,2,0.0,8.0,GLOBAL AGGREGATE — FRANCE CONTAMINATION POSSIBLE,LOW,Bangladesh-filtered GSC page/query export required,word/apnea.html,D,0,THIN-LEGACY,False,True,True,False,False
https://ovidhan.net/word/applicability.html,applicability,0,2,0.0,51.5,GLOBAL AGGREGATE — FRANCE CONTAMINATION POSSIBLE,LOW,Bangladesh-filtered GSC page/query export required,word/applicability.html,D,0,THIN-LEGACY,False,True,True,False,False
https://ovidhan.net/word/ashley.html,ashley,0,2,0.0,7.5,GLOBAL AGGREGATE — FRANCE CONTAMINATION POSSIBLE,LOW,Bangladesh-filtered GSC page/query export required,word/ashley.html,D,0,THIN-LEGACY,False,True,True,False,False
https://ovidhan.net/word/aur.html,aur,0,2,0.0,59.0,GLOBAL AGGREGATE — FRANCE CONTAMINATION POSSIBLE,LOW,Bangladesh-filtered GSC page/query export required,word/aur.html,D,0,THIN-LEGACY,False,True,True,False,False
https://ovidhan.net/word/avg.html,avg,0,2,0.0,24.5,GLOBAL AGGREGATE — FRANCE CONTAMINATION POSSIBLE,LOW,Bangladesh-filtered GSC page/query export required,word/avg.html,B,3,KEEP-INDEXED,True,False,True,True,True
https://ovidhan.net/word/barton.html,barton,0,2,0.0,46.5,GLOBAL AGGREGATE — FRANCE CONTAMINATION POSSIBLE,LOW,Bangladesh-filtered GSC page/query export required,word/barton.html,D,0,THIN-LEGACY,False,True,True,False,False
https://ovidhan.net/word/basal.html,basal,0,2,0.0,11.0,GLOBAL AGGREGATE — FRANCE CONTAMINATION POSSIBLE,LOW,Bangladesh-filtered GSC page/query export required,word/basal.html,D,0,THIN-LEGACY,False,True,True,False,False
https://ovidhan.net/word/betrayal.html,betrayal,0,2,0.0,84.0,GLOBAL AGGREGATE — FRANCE CONTAMINATION POSSIBLE,LOW,Bangladesh-filtered GSC page/query export required,word/betrayal.html,D,0,THIN-LEGACY,False,True,True,False,False
https://ovidhan.net/word/beyer.html,beyer,0,2,0.0,6.5,GLOBAL AGGREGATE — FRANCE CONTAMINATION POSSIBLE,LOW,Bangladesh-filtered GSC page/query export required,word/beyer.html,D,0,THIN-LEGACY,False,True,True,False,False
https://ovidhan.net/word/birkin.html,birkin,0,2,0.0,2.0,GLOBAL AGGREGATE — FRANCE CONTAMINATION POSSIBLE,LOW,Bangladesh-filtered GSC page/query export required,word/birkin.html,D,0,THIN-LEGACY,False,True,True,False,False
https://ovidhan.net/word/blindsided.html,blindsided,0,2,0.0,72.0,GLOBAL AGGREGATE — FRANCE CONTAMINATION POSSIBLE,LOW,Bangladesh-filtered GSC page/query export required,word/blindsided.html,D,0,THIN-LEGACY,False,True,True,False,False
https://ovidhan.net/word/bloated.html,bloated,0,2,0.0,84.0,GLOBAL AGGREGATE — FRANCE CONTAMINATION POSSIBLE,LOW,Bangladesh-filtered GSC page/query export required,word/bloated.html,D,0,THIN-LEGACY,False,True,True,False,False
https://ovidhan.net/word/borneo.html,borneo,0,2,0.0,89.0,GLOBAL AGGREGATE — FRANCE CONTAMINATION POSSIBLE,LOW,Bangladesh-filtered GSC page/query export required,word/borneo.html,D,0,THIN-LEGACY,False,True,True,False,False
https://ovidhan.net/word/brazen.html,brazen,0,2,0.0,9.5,GLOBAL AGGREGATE — FRANCE CONTAMINATION POSSIBLE,LOW,Bangladesh-filtered GSC page/query export required,word/brazen.html,D,0,THIN-LEGACY,False,True,True,False,False
https://ovidhan.net/word/cade.html,cade,0,2,0.0,7.0,GLOBAL AGGREGATE — FRANCE CONTAMINATION POSSIBLE,LOW,Bangladesh-filtered GSC page/query export required,word/cade.html,D,0,THIN-LEGACY,False,True,True,False,False
https://ovidhan.net/word/calcareous.html,calcareous,0,2,0.0,9.0,GLOBAL AGGREGATE — FRANCE CONTAMINATION POSSIBLE,LOW,Bangladesh-filtered GSC page/query export required,word/calcareous.html,D,0,THIN-LEGACY,False,True,True,False,False
https://ovidhan.net/word/caveats.html,caveats,0,2,0.0,56.0,GLOBAL AGGREGATE — FRANCE CONTAMINATION POSSIBLE,LOW,Bangladesh-filtered GSC page/query export required,word/caveats.html,D,0,THIN-LEGACY,False,True,True,False,False
https://ovidhan.net/word/cerebral.html,cerebral,0,2,0.0,9.5,GLOBAL AGGREGATE — FRANCE CONTAMINATION POSSIBLE,LOW,Bangladesh-filtered GSC page/query export required,word/cerebral.html,D,0,THIN-LEGACY,False,True,True,False,False
https://ovidhan.net/word/chara.html,chara,0,2,0.0,97.5,GLOBAL AGGREGATE — FRANCE CONTAMINATION POSSIBLE,LOW,Bangladesh-filtered GSC page/query export required,word/chara.html,D,0,THIN-LEGACY,False,True,True,False,False
https://ovidhan.net/word/circumstance.html,circumstance,0,2,0.0,42.5,GLOBAL AGGREGATE — FRANCE CONTAMINATION POSSIBLE,LOW,Bangladesh-filtered GSC page/query export required,word/circumstance.html,B,3,REVIEW,False,True,True,False,False
https://ovidhan.net/word/cliffhanger.html,cliffhanger,0,2,0.0,10.0,GLOBAL AGGREGATE — FRANCE CONTAMINATION POSSIBLE,LOW,Bangladesh-filtered GSC page/query export required,word/cliffhanger.html,D,0,THIN-LEGACY,False,True,True,False,False
https://ovidhan.net/word/clotting.html,clotting,0,2,0.0,9.5,GLOBAL AGGREGATE — FRANCE CONTAMINATION POSSIBLE,LOW,Bangladesh-filtered GSC page/query export required,word/clotting.html,D,0,THIN-LEGACY,False,True,True,False,False
https://ovidhan.net/word/comparatively.html,comparatively,0,2,0.0,12.0,GLOBAL AGGREGATE — FRANCE CONTAMINATION POSSIBLE,LOW,Bangladesh-filtered GSC page/query export required,word/comparatively.html,D,0,THIN-LEGACY,False,True,True,False,False
https://ovidhan.net/word/composite.html,composite,0,2,0.0,44.0,GLOBAL AGGREGATE — FRANCE CONTAMINATION POSSIBLE,LOW,Bangladesh-filtered GSC page/query export required,word/composite.html,D,0,THIN-LEGACY,False,True,True,False,False
https://ovidhan.net/word/constellation.html,constellation,0,2,0.0,32.5,GLOBAL AGGREGATE — FRANCE CONTAMINATION POSSIBLE,LOW,Bangladesh-filtered GSC page/query export required,word/constellation.html,B,3,REVIEW,False,True,True,False,False
https://ovidhan.net/word/contra.html,contra,0,2,0.0,9.5,GLOBAL AGGREGATE — FRANCE CONTAMINATION POSSIBLE,LOW,Bangladesh-filtered GSC page/query export required,word/contra.html,D,0,THIN-LEGACY,False,True,True,False,False
https://ovidhan.net/word/convicted.html,convicted,0,2,0.0,38.5,GLOBAL AGGREGATE — FRANCE CONTAMINATION POSSIBLE,LOW,Bangladesh-filtered GSC page/query export required,word/convicted.html,D,0,THIN-LEGACY,False,True,True,False,False
https://ovidhan.net/word/copyrighted.html,copyrighted,0,2,0.0,51.5,GLOBAL AGGREGATE — FRANCE CONTAMINATION POSSIBLE,LOW,Bangladesh-filtered GSC page/query export required,word/copyrighted.html,D,0,THIN-LEGACY,False,True,True,False,False
https://ovidhan.net/word/creates.html,creates,0,2,0.0,67.5,GLOBAL AGGREGATE — FRANCE CONTAMINATION POSSIBLE,LOW,Bangladesh-filtered GSC page/query export required,word/creates.html,A,7,REVIEW,False,True,True,False,False
https://ovidhan.net/word/decryption.html,decryption,0,2,0.0,72.0,GLOBAL AGGREGATE — FRANCE CONTAMINATION POSSIBLE,LOW,Bangladesh-filtered GSC page/query export required,word/decryption.html,D,0,THIN-LEGACY,False,True,True,False,False
https://ovidhan.net/word/defeated.html,defeated,0,2,0.0,33.5,GLOBAL AGGREGATE — FRANCE CONTAMINATION POSSIBLE,LOW,Bangladesh-filtered GSC page/query export required,word/defeated.html,D,0,THIN-LEGACY,False,True,True,False,False
https://ovidhan.net/word/depositors.html,depositors,0,2,0.0,57.5,GLOBAL AGGREGATE — FRANCE CONTAMINATION POSSIBLE,LOW,Bangladesh-filtered GSC page/query export required,word/depositors.html,D,0,THIN-LEGACY,False,True,True,False,False
https://ovidhan.net/word/dilemma.html,dilemma,0,2,0.0,20.5,GLOBAL AGGREGATE — FRANCE CONTAMINATION POSSIBLE,LOW,Bangladesh-filtered GSC page/query export required,word/dilemma.html,B,3,REVIEW,False,True,True,False,False
https://ovidhan.net/word/disruption.html,disruption,0,2,0.0,33.5,GLOBAL AGGREGATE — FRANCE CONTAMINATION POSSIBLE,LOW,Bangladesh-filtered GSC page/query export required,word/disruption.html,D,0,THIN-LEGACY,False,True,True,False,False
https://ovidhan.net/word/doh.html,doh,0,2,0.0,69.0,GLOBAL AGGREGATE — FRANCE CONTAMINATION POSSIBLE,LOW,Bangladesh-filtered GSC page/query export required,word/doh.html,D,0,THIN-LEGACY,False,True,True,False,False
https://ovidhan.net/word/dpp.html,dpp,0,2,0.0,76.5,GLOBAL AGGREGATE — FRANCE CONTAMINATION POSSIBLE,LOW,Bangladesh-filtered GSC page/query export required,word/dpp.html,D,0,THIN-LEGACY,False,True,True,False,False
https://ovidhan.net/word/ensuring.html,ensuring,0,2,0.0,11.0,GLOBAL AGGREGATE — FRANCE CONTAMINATION POSSIBLE,LOW,Bangladesh-filtered GSC page/query export required,word/ensuring.html,D,0,THIN-LEGACY,False,True,True,False,False
https://ovidhan.net/word/enthused.html,enthused,0,2,0.0,49.5,GLOBAL AGGREGATE — FRANCE CONTAMINATION POSSIBLE,LOW,Bangladesh-filtered GSC page/query export required,word/enthused.html,D,0,THIN-LEGACY,False,True,True,False,False
https://ovidhan.net/word/epping.html,epping,0,2,0.0,31.0,GLOBAL AGGREGATE — FRANCE CONTAMINATION POSSIBLE,LOW,Bangladesh-filtered GSC page/query export required,word/epping.html,D,0,THIN-LEGACY,False,True,True,False,False
https://ovidhan.net/word/establish.html,establish,0,2,0.0,85.5,GLOBAL AGGREGATE — FRANCE CONTAMINATION POSSIBLE,LOW,Bangladesh-filtered GSC page/query export required,word/establish.html,A,7,REVIEW,False,True,True,False,False
https://ovidhan.net/word/examples.html,examples,0,2,0.0,7.0,GLOBAL AGGREGATE — FRANCE CONTAMINATION POSSIBLE,LOW,Bangladesh-filtered GSC page/query export required,word/examples.html,A,7,REVIEW,False,True,True,False,False
https://ovidhan.net/word/exe.html,exe,0,2,0.0,8.0,GLOBAL AGGREGATE — FRANCE CONTAMINATION POSSIBLE,LOW,Bangladesh-filtered GSC page/query export required,word/exe.html,D,0,THIN-LEGACY,False,True,True,False,False
https://ovidhan.net/word/exuberance.html,exuberance,0,2,0.0,62.0,GLOBAL AGGREGATE — FRANCE CONTAMINATION POSSIBLE,LOW,Bangladesh-filtered GSC page/query export required,word/exuberance.html,D,0,THIN-LEGACY,False,True,True,False,False
https://ovidhan.net/word/faces.html,faces,0,2,0.0,15.5,GLOBAL AGGREGATE — FRANCE CONTAMINATION POSSIBLE,LOW,Bangladesh-filtered GSC page/query export required,word/faces.html,A,7,REVIEW,False,True,True,False,False
https://ovidhan.net/word/fannie.html,fannie,0,2,0.0,76.0,GLOBAL AGGREGATE — FRANCE CONTAMINATION POSSIBLE,LOW,Bangladesh-filtered GSC page/query export required,word/fannie.html,D,0,THIN-LEGACY,False,True,True,False,False
https://ovidhan.net/word/fearless.html,fearless,0,2,0.0,40.0,GLOBAL AGGREGATE — FRANCE CONTAMINATION POSSIBLE,LOW,Bangladesh-filtered GSC page/query export required,word/fearless.html,D,0,THIN-LEGACY,False,True,True,False,False
https://ovidhan.net/word/flashback.html,flashback,0,2,0.0,4.0,GLOBAL AGGREGATE — FRANCE CONTAMINATION POSSIBLE,LOW,Bangladesh-filtered GSC page/query export required,word/flashback.html,D,0,THIN-LEGACY,False,True,True,False,False
https://ovidhan.net/word/flattering.html,flattering,0,2,0.0,60.0,GLOBAL AGGREGATE — FRANCE CONTAMINATION POSSIBLE,LOW,Bangladesh-filtered GSC page/query export required,word/flattering.html,D,0,THIN-LEGACY,False,True,True,False,False
https://ovidhan.net/word/floral.html,floral,0,2,0.0,17.0,GLOBAL AGGREGATE — FRANCE CONTAMINATION POSSIBLE,LOW,Bangladesh-filtered GSC page/query export required,word/floral.html,B,3,REVIEW,False,True,True,False,False
https://ovidhan.net/word/friction.html,friction,0,2,0.0,57.5,GLOBAL AGGREGATE — FRANCE CONTAMINATION POSSIBLE,LOW,Bangladesh-filtered GSC page/query export required,word/friction.html,B,3,REVIEW,False,True,True,False,False
https://ovidhan.net/word/fukushima.html,fukushima,0,2,0.0,44.5,GLOBAL AGGREGATE — FRANCE CONTAMINATION POSSIBLE,LOW,Bangladesh-filtered GSC page/query export required,word/fukushima.html,D,0,THIN-LEGACY,False,True,True,False,False
https://ovidhan.net/word/galatasaray.html,galatasaray,0,2,0.0,8.0,GLOBAL AGGREGATE — FRANCE CONTAMINATION POSSIBLE,LOW,Bangladesh-filtered GSC page/query export required,word/galatasaray.html,D,0,THIN-LEGACY,False,True,True,False,False
https://ovidhan.net/word/gatorade.html,gatorade,0,2,0.0,9.0,GLOBAL AGGREGATE — FRANCE CONTAMINATION POSSIBLE,LOW,Bangladesh-filtered GSC page/query export required,word/gatorade.html,D,0,THIN-LEGACY,False,True,True,False,False
https://ovidhan.net/word/grasslands.html,grasslands,0,2,0.0,72.0,GLOBAL AGGREGATE — FRANCE CONTAMINATION POSSIBLE,LOW,Bangladesh-filtered GSC page/query export required,word/grasslands.html,D,0,THIN-LEGACY,False,True,True,False,False
https://ovidhan.net/word/greenlight.html,greenlight,0,2,0.0,11.0,GLOBAL AGGREGATE — FRANCE CONTAMINATION POSSIBLE,LOW,Bangladesh-filtered GSC page/query export required,word/greenlight.html,D,0,THIN-LEGACY,False,True,True,False,False
https://ovidhan.net/word/handwriting.html,handwriting,0,2,0.0,9.0,GLOBAL AGGREGATE — FRANCE CONTAMINATION POSSIBLE,LOW,Bangladesh-filtered GSC page/query export required,word/handwriting.html,D,0,THIN-LEGACY,False,True,True,False,False
https://ovidhan.net/word/harlan.html,harlan,0,2,0.0,5.0,GLOBAL AGGREGATE — FRANCE CONTAMINATION POSSIBLE,LOW,Bangladesh-filtered GSC page/query export required,word/harlan.html,D,0,THIN-LEGACY,False,True,True,False,False
https://ovidhan.net/word/having.html,having,0,2,0.0,53.5,GLOBAL AGGREGATE — FRANCE CONTAMINATION POSSIBLE,LOW,Bangladesh-filtered GSC page/query export required,word/having.html,A,7,REVIEW,False,True,True,False,False
https://ovidhan.net/word/hilary.html,hilary,0,2,0.0,10.5,GLOBAL AGGREGATE — FRANCE CONTAMINATION POSSIBLE,LOW,Bangladesh-filtered GSC page/query export required,word/hilary.html,D,0,THIN-LEGACY,False,True,True,False,False
https://ovidhan.net/word/hopkins.html,hopkins,0,2,0.0,69.5,GLOBAL AGGREGATE — FRANCE CONTAMINATION POSSIBLE,LOW,Bangladesh-filtered GSC page/query export required,word/hopkins.html,D,0,THIN-LEGACY,False,True,True,False,False
https://ovidhan.net/word/href.html,href,0,2,0.0,25.5,GLOBAL AGGREGATE — FRANCE CONTAMINATION POSSIBLE,LOW,Bangladesh-filtered GSC page/query export required,word/href.html,D,0,THIN-LEGACY,False,True,True,False,False
https://ovidhan.net/word/impunity.html,impunity,0,2,0.0,74.0,GLOBAL AGGREGATE — FRANCE CONTAMINATION POSSIBLE,LOW,Bangladesh-filtered GSC page/query export required,word/impunity.html,D,0,THIN-LEGACY,False,True,True,False,False
https://ovidhan.net/word/inanimate.html,inanimate,0,2,0.0,85.0,GLOBAL AGGREGATE — FRANCE CONTAMINATION POSSIBLE,LOW,Bangladesh-filtered GSC page/query export required,word/inanimate.html,D,0,THIN-LEGACY,False,True,True,False,False
https://ovidhan.net/word/indirect.html,indirect,0,2,0.0,38.0,GLOBAL AGGREGATE — FRANCE CONTAMINATION POSSIBLE,LOW,Bangladesh-filtered GSC page/query export required,word/indirect.html,B,3,REVIEW,False,True,True,False,False
https://ovidhan.net/word/injuring.html,injuring,0,2,0.0,49.0,GLOBAL AGGREGATE — FRANCE CONTAMINATION POSSIBLE,LOW,Bangladesh-filtered GSC page/query export required,word/injuring.html,D,0,THIN-LEGACY,False,True,True,False,False
https://ovidhan.net/word/insurrection.html,insurrection,0,2,0.0,39.5,GLOBAL AGGREGATE — FRANCE CONTAMINATION POSSIBLE,LOW,Bangladesh-filtered GSC page/query export required,word/insurrection.html,D,0,THIN-LEGACY,False,True,True,False,False
https://ovidhan.net/word/iras.html,iras,0,2,0.0,78.0,GLOBAL AGGREGATE — FRANCE CONTAMINATION POSSIBLE,LOW,Bangladesh-filtered GSC page/query export required,word/iras.html,D,0,THIN-LEGACY,False,True,True,False,False
https://ovidhan.net/word/irene.html,irene,0,2,0.0,8.0,GLOBAL AGGREGATE — FRANCE CONTAMINATION POSSIBLE,LOW,Bangladesh-filtered GSC page/query export required,word/irene.html,D,0,THIN-LEGACY,False,True,True,False,False
https://ovidhan.net/word/irrefutable.html,irrefutable,0,2,0.0,43.0,GLOBAL AGGREGATE — FRANCE CONTAMINATION POSSIBLE,LOW,Bangladesh-filtered GSC page/query export required,word/irrefutable.html,B,3,REVIEW,False,True,True,False,False
https://ovidhan.net/word/janata.html,janata,0,2,0.0,4.5,GLOBAL AGGREGATE — FRANCE CONTAMINATION POSSIBLE,LOW,Bangladesh-filtered GSC page/query export required,word/janata.html,D,0,THIN-LEGACY,False,True,True,False,False
https://ovidhan.net/word/jerusalem.html,jerusalem,0,2,0.0,80.0,GLOBAL AGGREGATE — FRANCE CONTAMINATION POSSIBLE,LOW,Bangladesh-filtered GSC page/query export required,word/jerusalem.html,D,0,THIN-LEGACY,False,True,True,False,False
https://ovidhan.net/word/johannesburg.html,johannesburg,0,2,0.0,8.5,GLOBAL AGGREGATE — FRANCE CONTAMINATION POSSIBLE,LOW,Bangladesh-filtered GSC page/query export required,word/johannesburg.html,D,0,THIN-LEGACY,False,True,True,False,False
https://ovidhan.net/word/julie.html,julie,0,2,0.0,7.0,GLOBAL AGGREGATE — FRANCE CONTAMINATION POSSIBLE,LOW,Bangladesh-filtered GSC page/query export required,word/julie.html,D,0,THIN-LEGACY,False,True,True,False,False
https://ovidhan.net/word/juventus.html,juventus,0,2,0.0,7.0,GLOBAL AGGREGATE — FRANCE CONTAMINATION POSSIBLE,LOW,Bangladesh-filtered GSC page/query export required,word/juventus.html,D,0,THIN-LEGACY,False,True,True,False,False
https://ovidhan.net/word/kanan.html,kanan,0,2,0.0,75.0,GLOBAL AGGREGATE — FRANCE CONTAMINATION POSSIBLE,LOW,Bangladesh-filtered GSC page/query export required,word/kanan.html,D,0,THIN-LEGACY,False,True,True,False,False
https://ovidhan.net/word/kia.html,kia,0,2,0.0,11.0,GLOBAL AGGREGATE — FRANCE CONTAMINATION POSSIBLE,LOW,Bangladesh-filtered GSC page/query export required,word/kia.html,D,0,THIN-LEGACY,False,True,True,False,False
https://ovidhan.net/word/landowner.html,landowner,0,2,0.0,55.5,GLOBAL AGGREGATE — FRANCE CONTAMINATION POSSIBLE,LOW,Bangladesh-filtered GSC page/query export required,word/landowner.html,D,0,THIN-LEGACY,False,True,True,False,False
https://ovidhan.net/word/latex.html,latex,0,2,0.0,35.0,GLOBAL AGGREGATE — FRANCE CONTAMINATION POSSIBLE,LOW,Bangladesh-filtered GSC page/query export required,word/latex.html,D,0,THIN-LEGACY,False,True,True,False,False
https://ovidhan.net/word/lawlessness.html,lawlessness,0,2,0.0,13.5,GLOBAL AGGREGATE — FRANCE CONTAMINATION POSSIBLE,LOW,Bangladesh-filtered GSC page/query export required,word/lawlessness.html,D,0,THIN-LEGACY,False,True,True,False,False
https://ovidhan.net/word/leipzig.html,leipzig,0,2,0.0,6.5,GLOBAL AGGREGATE — FRANCE CONTAMINATION POSSIBLE,LOW,Bangladesh-filtered GSC page/query export required,word/leipzig.html,D,0,THIN-LEGACY,False,True,True,False,False
https://ovidhan.net/word/lepers.html,lepers,0,2,0.0,48.0,GLOBAL AGGREGATE — FRANCE CONTAMINATION POSSIBLE,LOW,Bangladesh-filtered GSC page/query export required,word/lepers.html,D,0,THIN-LEGACY,False,True,True,False,False
https://ovidhan.net/word/lesnar.html,lesnar,0,2,0.0,24.5,GLOBAL AGGREGATE — FRANCE CONTAMINATION POSSIBLE,LOW,Bangladesh-filtered GSC page/query export required,word/lesnar.html,D,0,THIN-LEGACY,False,True,True,False,False
https://ovidhan.net/word/lgbtq.html,lgbtq,0,2,0.0,26.5,GLOBAL AGGREGATE — FRANCE CONTAMINATION POSSIBLE,LOW,Bangladesh-filtered GSC page/query export required,word/lgbtq.html,D,0,THIN-LEGACY,False,True,True,False,False
https://ovidhan.net/word/liberals.html,liberals,0,2,0.0,56.0,GLOBAL AGGREGATE — FRANCE CONTAMINATION POSSIBLE,LOW,Bangladesh-filtered GSC page/query export required,word/liberals.html,D,0,THIN-LEGACY,False,True,True,False,False
https://ovidhan.net/word/lions.html,lions,0,2,0.0,62.5,GLOBAL AGGREGATE — FRANCE CONTAMINATION POSSIBLE,LOW,Bangladesh-filtered GSC page/query export required,word/lions.html,D,0,THIN-LEGACY,False,True,True,False,False
https://ovidhan.net/word/loath.html,loath,0,2,0.0,31.5,GLOBAL AGGREGATE — FRANCE CONTAMINATION POSSIBLE,LOW,Bangladesh-filtered GSC page/query export required,word/loath.html,D,0,THIN-LEGACY,False,True,True,False,False
https://ovidhan.net/word/lobster.html,lobster,0,2,0.0,50.5,GLOBAL AGGREGATE — FRANCE CONTAMINATION POSSIBLE,LOW,Bangladesh-filtered GSC page/query export required,word/lobster.html,D,0,THIN-LEGACY,False,True,True,False,False
https://ovidhan.net/word/lolol.html,lolol,0,2,0.0,40.0,GLOBAL AGGREGATE — FRANCE CONTAMINATION POSSIBLE,LOW,Bangladesh-filtered GSC page/query export required,word/lolol.html,D,0,THIN-LEGACY,False,True,True,False,False
https://ovidhan.net/word/machete.html,machete,0,2,0.0,41.5,GLOBAL AGGREGATE — FRANCE CONTAMINATION POSSIBLE,LOW,Bangladesh-filtered GSC page/query export required,word/machete.html,C,1,THIN-LEGACY,False,True,True,False,False
https://ovidhan.net/word/magenta.html,magenta,0,2,0.0,42.5,GLOBAL AGGREGATE — FRANCE CONTAMINATION POSSIBLE,LOW,Bangladesh-filtered GSC page/query export required,word/magenta.html,B,3,REVIEW,False,True,True,False,False
https://ovidhan.net/word/magnanimous.html,magnanimous,0,2,0.0,32.0,GLOBAL AGGREGATE — FRANCE CONTAMINATION POSSIBLE,LOW,Bangladesh-filtered GSC page/query export required,word/magnanimous.html,B,3,REVIEW,False,True,True,False,False
https://ovidhan.net/word/magnus.html,magnus,0,2,0.0,38.5,GLOBAL AGGREGATE — FRANCE CONTAMINATION POSSIBLE,LOW,Bangladesh-filtered GSC page/query export required,word/magnus.html,D,0,THIN-LEGACY,False,True,True,False,False
https://ovidhan.net/word/maleficent.html,maleficent,0,2,0.0,40.0,GLOBAL AGGREGATE — FRANCE CONTAMINATION POSSIBLE,LOW,Bangladesh-filtered GSC page/query export required,word/maleficent.html,D,0,THIN-LEGACY,False,True,True,False,False
https://ovidhan.net/word/mannings.html,mannings,0,2,0.0,26.0,GLOBAL AGGREGATE — FRANCE CONTAMINATION POSSIBLE,LOW,Bangladesh-filtered GSC page/query export required,word/mannings.html,D,0,INVALID/NOISE,False,True,True,False,False
https://ovidhan.net/word/maple.html,maple,0,2,0.0,55.5,GLOBAL AGGREGATE — FRANCE CONTAMINATION POSSIBLE,LOW,Bangladesh-filtered GSC page/query export required,word/maple.html,D,0,THIN-LEGACY,False,True,True,False,False
https://ovidhan.net/word/mattress.html,mattress,0,2,0.0,34.5,GLOBAL AGGREGATE — FRANCE CONTAMINATION POSSIBLE,LOW,Bangladesh-filtered GSC page/query export required,word/mattress.html,D,0,THIN-LEGACY,False,True,True,False,False
https://ovidhan.net/word/mavericks.html,mavericks,0,2,0.0,46.0,GLOBAL AGGREGATE — FRANCE CONTAMINATION POSSIBLE,LOW,Bangladesh-filtered GSC page/query export required,word/mavericks.html,D,0,THIN-LEGACY,False,True,True,False,False
https://ovidhan.net/word/maze.html,maze,0,2,0.0,35.5,GLOBAL AGGREGATE — FRANCE CONTAMINATION POSSIBLE,LOW,Bangladesh-filtered GSC page/query export required,word/maze.html,D,0,THIN-LEGACY,False,True,True,False,False
https://ovidhan.net/word/meanest.html,meanest,0,2,0.0,9.0,GLOBAL AGGREGATE — FRANCE CONTAMINATION POSSIBLE,LOW,Bangladesh-filtered GSC page/query export required,word/meanest.html,D,0,THIN-LEGACY,False,True,True,False,False
https://ovidhan.net/word/melo.html,melo,0,2,0.0,7.5,GLOBAL AGGREGATE — FRANCE CONTAMINATION POSSIBLE,LOW,Bangladesh-filtered GSC page/query export required,word/melo.html,D,0,THIN-LEGACY,False,True,True,False,False
https://ovidhan.net/word/menstruation.html,menstruation,0,2,0.0,45.0,GLOBAL AGGREGATE — FRANCE CONTAMINATION POSSIBLE,LOW,Bangladesh-filtered GSC page/query export required,word/menstruation.html,D,0,THIN-LEGACY,False,True,True,False,False
https://ovidhan.net/word/mentally.html,mentally,0,2,0.0,29.5,GLOBAL AGGREGATE — FRANCE CONTAMINATION POSSIBLE,LOW,Bangladesh-filtered GSC page/query export required,word/mentally.html,D,0,THIN-LEGACY,False,True,True,False,False
https://ovidhan.net/word/mentions.html,mentions,0,2,0.0,43.5,GLOBAL AGGREGATE — FRANCE CONTAMINATION POSSIBLE,LOW,Bangladesh-filtered GSC page/query export required,word/mentions.html,D,0,THIN-LEGACY,False,True,True,False,False
https://ovidhan.net/word/meow.html,meow,0,2,0.0,37.0,GLOBAL AGGREGATE — FRANCE CONTAMINATION POSSIBLE,LOW,Bangladesh-filtered GSC page/query export required,word/meow.html,D,0,THIN-LEGACY,False,True,True,False,False
https://ovidhan.net/word/mess.html,mess,0,2,0.0,50.5,GLOBAL AGGREGATE — FRANCE CONTAMINATION POSSIBLE,LOW,Bangladesh-filtered GSC page/query export required,word/mess.html,B,3,REVIEW,False,True,True,False,False
https://ovidhan.net/word/messis.html,messis,0,2,0.0,32.0,GLOBAL AGGREGATE — FRANCE CONTAMINATION POSSIBLE,LOW,Bangladesh-filtered GSC page/query export required,word/messis.html,D,0,INVALID/NOISE,False,True,True,False,False
https://ovidhan.net/word/meteorology.html,meteorology,0,2,0.0,49.0,GLOBAL AGGREGATE — FRANCE CONTAMINATION POSSIBLE,LOW,Bangladesh-filtered GSC page/query export required,word/meteorology.html,D,0,THIN-LEGACY,False,True,True,False,False
https://ovidhan.net/word/metropolitan.html,metropolitan,0,2,0.0,57.5,GLOBAL AGGREGATE — FRANCE CONTAMINATION POSSIBLE,LOW,Bangladesh-filtered GSC page/query export required,word/metropolitan.html,D,0,THIN-LEGACY,False,True,True,False,False
https://ovidhan.net/word/mis.html,mis,0,2,0.0,44.5,GLOBAL AGGREGATE — FRANCE CONTAMINATION POSSIBLE,LOW,Bangladesh-filtered GSC page/query export required,word/mis.html,D,0,THIN-LEGACY,False,True,True,False,False
https://ovidhan.net/word/misconceptions.html,misconceptions,0,2,0.0,29.0,GLOBAL AGGREGATE — FRANCE CONTAMINATION POSSIBLE,LOW,Bangladesh-filtered GSC page/query export required,word/misconceptions.html,D,0,THIN-LEGACY,False,True,True,False,False
https://ovidhan.net/word/mishandling.html,mishandling,0,2,0.0,12.0,GLOBAL AGGREGATE — FRANCE CONTAMINATION POSSIBLE,LOW,Bangladesh-filtered GSC page/query export required,word/mishandling.html,D,0,THIN-LEGACY,False,True,True,False,False
https://ovidhan.net/word/moisturizing.html,moisturizing,0,2,0.0,64.5,GLOBAL AGGREGATE — FRANCE CONTAMINATION POSSIBLE,LOW,Bangladesh-filtered GSC page/query export required,word/moisturizing.html,D,0,THIN-LEGACY,False,True,True,False,False
https://ovidhan.net/word/mongolian.html,mongolian,0,2,0.0,60.5,GLOBAL AGGREGATE — FRANCE CONTAMINATION POSSIBLE,LOW,Bangladesh-filtered GSC page/query export required,word/mongolian.html,D,0,THIN-LEGACY,False,True,True,False,False
https://ovidhan.net/word/motivational.html,motivational,0,2,0.0,50.0,GLOBAL AGGREGATE — FRANCE CONTAMINATION POSSIBLE,LOW,Bangladesh-filtered GSC page/query export required,word/motivational.html,D,0,THIN-LEGACY,False,True,True,False,False
https://ovidhan.net/word/mournful.html,mournful,0,2,0.0,59.5,GLOBAL AGGREGATE — FRANCE CONTAMINATION POSSIBLE,LOW,Bangladesh-filtered GSC page/query export required,word/mournful.html,D,0,THIN-LEGACY,False,True,True,False,False
https://ovidhan.net/word/mps.html,mps,0,2,0.0,47.0,GLOBAL AGGREGATE — FRANCE CONTAMINATION POSSIBLE,LOW,Bangladesh-filtered GSC page/query export required,word/mps.html,D,0,THIN-LEGACY,False,True,True,False,False
https://ovidhan.net/word/muddled.html,muddled,0,2,0.0,34.5,GLOBAL AGGREGATE — FRANCE CONTAMINATION POSSIBLE,LOW,Bangladesh-filtered GSC page/query export required,word/muddled.html,D,0,THIN-LEGACY,False,True,True,False,False
https://ovidhan.net/word/muhammad.html,muhammad,0,2,0.0,44.0,GLOBAL AGGREGATE — FRANCE CONTAMINATION POSSIBLE,LOW,Bangladesh-filtered GSC page/query export required,word/muhammad.html,D,0,THIN-LEGACY,False,True,True,False,False
https://ovidhan.net/word/municipality.html,municipality,0,2,0.0,51.0,GLOBAL AGGREGATE — FRANCE CONTAMINATION POSSIBLE,LOW,Bangladesh-filtered GSC page/query export required,word/municipality.html,D,0,THIN-LEGACY,False,True,True,False,False
https://ovidhan.net/word/mushroom.html,mushroom,0,2,0.0,60.5,GLOBAL AGGREGATE — FRANCE CONTAMINATION POSSIBLE,LOW,Bangladesh-filtered GSC page/query export required,word/mushroom.html,B,3,REVIEW,False,True,True,False,False
https://ovidhan.net/word/mutilated.html,mutilated,0,2,0.0,39.0,GLOBAL AGGREGATE — FRANCE CONTAMINATION POSSIBLE,LOW,Bangladesh-filtered GSC page/query export required,word/mutilated.html,D,0,THIN-LEGACY,False,True,True,False,False
https://ovidhan.net/word/nasir.html,nasir,0,2,0.0,27.5,GLOBAL AGGREGATE — FRANCE CONTAMINATION POSSIBLE,LOW,Bangladesh-filtered GSC page/query export required,word/nasir.html,D,0,THIN-LEGACY,False,True,True,False,False
https://ovidhan.net/word/nevertheless.html,nevertheless,0,2,0.0,54.0,GLOBAL AGGREGATE — FRANCE CONTAMINATION POSSIBLE,LOW,Bangladesh-filtered GSC page/query export required,word/nevertheless.html,B,3,REVIEW,False,True,True,False,False
https://ovidhan.net/word/nile.html,nile,0,2,0.0,40.0,GLOBAL AGGREGATE — FRANCE CONTAMINATION POSSIBLE,LOW,Bangladesh-filtered GSC page/query export required,word/nile.html,D,0,THIN-LEGACY,False,True,True,False,False
https://ovidhan.net/word/nip.html,nip,0,2,0.0,44.5,GLOBAL AGGREGATE — FRANCE CONTAMINATION POSSIBLE,LOW,Bangladesh-filtered GSC page/query export required,word/nip.html,B,3,REVIEW,False,True,True,False,False
https://ovidhan.net/word/nirvana.html,nirvana,0,2,0.0,41.5,GLOBAL AGGREGATE — FRANCE CONTAMINATION POSSIBLE,LOW,Bangladesh-filtered GSC page/query export required,word/nirvana.html,D,0,THIN-LEGACY,False,True,True,False,False
https://ovidhan.net/word/nitro.html,nitro,0,2,0.0,9.0,GLOBAL AGGREGATE — FRANCE CONTAMINATION POSSIBLE,LOW,Bangladesh-filtered GSC page/query export required,word/nitro.html,D,0,THIN-LEGACY,False,True,True,False,False
https://ovidhan.net/word/noc.html,noc,0,2,0.0,37.0,GLOBAL AGGREGATE — FRANCE CONTAMINATION POSSIBLE,LOW,Bangladesh-filtered GSC page/query export required,word/noc.html,D,0,THIN-LEGACY,False,True,True,False,False
https://ovidhan.net/word/nomadic.html,nomadic,0,2,0.0,46.0,GLOBAL AGGREGATE — FRANCE CONTAMINATION POSSIBLE,LOW,Bangladesh-filtered GSC page/query export required,word/nomadic.html,D,0,THIN-LEGACY,False,True,True,False,False
https://ovidhan.net/word/nono.html,nono,0,2,0.0,21.0,GLOBAL AGGREGATE — FRANCE CONTAMINATION POSSIBLE,LOW,Bangladesh-filtered GSC page/query export required,word/nono.html,D,0,THIN-LEGACY,False,True,True,False,False
https://ovidhan.net/word/northampton.html,northampton,0,2,0.0,5.5,GLOBAL AGGREGATE — FRANCE CONTAMINATION POSSIBLE,LOW,Bangladesh-filtered GSC page/query export required,word/northampton.html,D,0,THIN-LEGACY,False,True,True,False,False
https://ovidhan.net/word/oatmeal.html,oatmeal,0,2,0.0,31.5,GLOBAL AGGREGATE — FRANCE CONTAMINATION POSSIBLE,LOW,Bangladesh-filtered GSC page/query export required,word/oatmeal.html,D,0,THIN-LEGACY,False,True,True,False,False
https://ovidhan.net/word/obstacles.html,obstacles,0,2,0.0,39.5,GLOBAL AGGREGATE — FRANCE CONTAMINATION POSSIBLE,LOW,Bangladesh-filtered GSC page/query export required,word/obstacles.html,D,0,THIN-LEGACY,False,True,True,False,False
https://ovidhan.net/word/occupier.html,occupier,0,2,0.0,53.5,GLOBAL AGGREGATE — FRANCE CONTAMINATION POSSIBLE,LOW,Bangladesh-filtered GSC page/query export required,word/occupier.html,D,0,THIN-LEGACY,False,True,True,False,False
https://ovidhan.net/word/offset.html,offset,0,2,0.0,72.5,GLOBAL AGGREGATE — FRANCE CONTAMINATION POSSIBLE,LOW,Bangladesh-filtered GSC page/query export required,word/offset.html,B,3,REVIEW,False,True,True,False,False
https://ovidhan.net/word/ola.html,ola,0,2,0.0,24.5,GLOBAL AGGREGATE — FRANCE CONTAMINATION POSSIBLE,LOW,Bangladesh-filtered GSC page/query export required,word/ola.html,D,0,THIN-LEGACY,False,True,True,False,False
https://ovidhan.net/word/omitted.html,omitted,0,2,0.0,62.0,GLOBAL AGGREGATE — FRANCE CONTAMINATION POSSIBLE,LOW,Bangladesh-filtered GSC page/query export required,word/omitted.html,D,0,THIN-LEGACY,False,True,True,False,False
https://ovidhan.net/word/organisations.html,organisations,0,2,0.0,61.5,GLOBAL AGGREGATE — FRANCE CONTAMINATION POSSIBLE,LOW,Bangladesh-filtered GSC page/query export required,word/organisations.html,A,7,REVIEW,False,True,True,False,False
https://ovidhan.net/word/overjoyed.html,overjoyed,0,2,0.0,12.0,GLOBAL AGGREGATE — FRANCE CONTAMINATION POSSIBLE,LOW,Bangladesh-filtered GSC page/query export required,word/overjoyed.html,D,0,THIN-LEGACY,False,True,True,False,False
https://ovidhan.net/word/pandemic.html,pandemic,0,2,0.0,60.5,GLOBAL AGGREGATE — FRANCE CONTAMINATION POSSIBLE,LOW,Bangladesh-filtered GSC page/query export required,word/pandemic.html,D,0,THIN-LEGACY,False,True,True,False,False
https://ovidhan.net/word/panics.html,panics,0,2,0.0,57.5,GLOBAL AGGREGATE — FRANCE CONTAMINATION POSSIBLE,LOW,Bangladesh-filtered GSC page/query export required,word/panics.html,D,0,THIN-LEGACY,False,True,True,False,False
https://ovidhan.net/word/paragraphs.html,paragraphs,0,2,0.0,64.0,GLOBAL AGGREGATE — FRANCE CONTAMINATION POSSIBLE,LOW,Bangladesh-filtered GSC page/query export required,word/paragraphs.html,D,0,THIN-LEGACY,False,True,True,False,False
https://ovidhan.net/word/parked.html,parked,0,2,0.0,65.5,GLOBAL AGGREGATE — FRANCE CONTAMINATION POSSIBLE,LOW,Bangladesh-filtered GSC page/query export required,word/parked.html,D,0,THIN-LEGACY,False,True,True,False,False
https://ovidhan.net/word/payoff.html,payoff,0,2,0.0,66.5,GLOBAL AGGREGATE — FRANCE CONTAMINATION POSSIBLE,LOW,Bangladesh-filtered GSC page/query export required,word/payoff.html,D,0,THIN-LEGACY,False,True,True,False,False
https://ovidhan.net/word/ped.html,ped,0,2,0.0,6.5,GLOBAL AGGREGATE — FRANCE CONTAMINATION POSSIBLE,LOW,Bangladesh-filtered GSC page/query export required,word/ped.html,D,0,THIN-LEGACY,False,True,True,False,False
https://ovidhan.net/word/peerless.html,peerless,0,2,0.0,34.0,GLOBAL AGGREGATE — FRANCE CONTAMINATION POSSIBLE,LOW,Bangladesh-filtered GSC page/query export required,word/peerless.html,D,0,THIN-LEGACY,False,True,True,False,False
https://ovidhan.net/word/penance.html,penance,0,2,0.0,39.5,GLOBAL AGGREGATE — FRANCE CONTAMINATION POSSIBLE,LOW,Bangladesh-filtered GSC page/query export required,word/penance.html,D,0,THIN-LEGACY,False,True,True,False,False
https://ovidhan.net/word/pensioner.html,pensioner,0,2,0.0,45.0,GLOBAL AGGREGATE — FRANCE CONTAMINATION POSSIBLE,LOW,Bangladesh-filtered GSC page/query export required,word/pensioner.html,D,0,THIN-LEGACY,False,True,True,False,False
https://ovidhan.net/word/pepsico.html,pepsico,0,2,0.0,8.0,GLOBAL AGGREGATE — FRANCE CONTAMINATION POSSIBLE,LOW,Bangladesh-filtered GSC page/query export required,word/pepsico.html,D,0,THIN-LEGACY,False,True,True,False,False
https://ovidhan.net/word/periodicals.html,periodicals,0,2,0.0,43.0,GLOBAL AGGREGATE — FRANCE CONTAMINATION POSSIBLE,LOW,Bangladesh-filtered GSC page/query export required,word/periodicals.html,D,0,THIN-LEGACY,False,True,True,False,False
https://ovidhan.net/word/peripherals.html,peripherals,0,2,0.0,46.0,GLOBAL AGGREGATE — FRANCE CONTAMINATION POSSIBLE,LOW,Bangladesh-filtered GSC page/query export required,word/peripherals.html,D,0,THIN-LEGACY,False,True,True,False,False
https://ovidhan.net/word/pertinent.html,pertinent,0,2,0.0,16.0,GLOBAL AGGREGATE — FRANCE CONTAMINATION POSSIBLE,LOW,Bangladesh-filtered GSC page/query export required,word/pertinent.html,D,0,THIN-LEGACY,False,True,True,False,False
https://ovidhan.net/word/phils.html,phils,0,2,0.0,6.0,GLOBAL AGGREGATE — FRANCE CONTAMINATION POSSIBLE,LOW,Bangladesh-filtered GSC page/query export required,word/phils.html,D,0,INVALID/NOISE,False,True,True,False,False
https://ovidhan.net/word/picky.html,picky,0,2,0.0,31.5,GLOBAL AGGREGATE — FRANCE CONTAMINATION POSSIBLE,LOW,Bangladesh-filtered GSC page/query export required,word/picky.html,D,0,THIN-LEGACY,False,True,True,False,False
https://ovidhan.net/word/pierre.html,pierre,0,2,0.0,12.0,GLOBAL AGGREGATE — FRANCE CONTAMINATION POSSIBLE,LOW,Bangladesh-filtered GSC page/query export required,word/pierre.html,D,0,THIN-LEGACY,False,True,True,False,False
https://ovidhan.net/word/pitfalls.html,pitfalls,0,2,0.0,12.0,GLOBAL AGGREGATE — FRANCE CONTAMINATION POSSIBLE,LOW,Bangladesh-filtered GSC page/query export required,word/pitfalls.html,D,0,THIN-LEGACY,False,True,True,False,False
https://ovidhan.net/word/plucked.html,plucked,0,2,0.0,25.5,GLOBAL AGGREGATE — FRANCE CONTAMINATION POSSIBLE,LOW,Bangladesh-filtered GSC page/query export required,word/plucked.html,D,0,THIN-LEGACY,False,True,True,False,False
https://ovidhan.net/word/plundered.html,plundered,0,2,0.0,60.0,GLOBAL AGGREGATE — FRANCE CONTAMINATION POSSIBLE,LOW,Bangladesh-filtered GSC page/query export required,word/plundered.html,D,0,THIN-LEGACY,False,True,True,False,False
https://ovidhan.net/word/polygraph.html,polygraph,0,2,0.0,60.0,GLOBAL AGGREGATE — FRANCE CONTAMINATION POSSIBLE,LOW,Bangladesh-filtered GSC page/query export required,word/polygraph.html,D,0,THIN-LEGACY,False,True,True,False,False
https://ovidhan.net/word/portrayal.html,portrayal,0,2,0.0,57.5,GLOBAL AGGREGATE — FRANCE CONTAMINATION POSSIBLE,LOW,Bangladesh-filtered GSC page/query export required,word/portrayal.html,D,0,THIN-LEGACY,False,True,True,False,False
https://ovidhan.net/word/posterity.html,posterity,0,2,0.0,41.5,GLOBAL AGGREGATE — FRANCE CONTAMINATION POSSIBLE,LOW,Bangladesh-filtered GSC page/query export required,word/posterity.html,D,0,THIN-LEGACY,False,True,True,False,False
https://ovidhan.net/word/prawns.html,prawns,0,2,0.0,49.0,GLOBAL AGGREGATE — FRANCE CONTAMINATION POSSIBLE,LOW,Bangladesh-filtered GSC page/query export required,word/prawns.html,D,0,THIN-LEGACY,False,True,True,False,False
https://ovidhan.net/word/premises.html,premises,0,2,0.0,27.5,GLOBAL AGGREGATE — FRANCE CONTAMINATION POSSIBLE,LOW,Bangladesh-filtered GSC page/query export required,word/premises.html,D,0,THIN-LEGACY,False,True,True,False,False
https://ovidhan.net/word/presumed.html,presumed,0,2,0.0,52.0,GLOBAL AGGREGATE — FRANCE CONTAMINATION POSSIBLE,LOW,Bangladesh-filtered GSC page/query export required,word/presumed.html,D,0,THIN-LEGACY,False,True,True,False,False
https://ovidhan.net/word/pretentious.html,pretentious,0,2,0.0,31.5,GLOBAL AGGREGATE — FRANCE CONTAMINATION POSSIBLE,LOW,Bangladesh-filtered GSC page/query export required,word/pretentious.html,D,0,THIN-LEGACY,False,True,True,False,False
https://ovidhan.net/word/probiotic.html,probiotic,0,2,0.0,31.0,GLOBAL AGGREGATE — FRANCE CONTAMINATION POSSIBLE,LOW,Bangladesh-filtered GSC page/query export required,word/probiotic.html,D,0,THIN-LEGACY,False,True,True,False,False
https://ovidhan.net/word/prologue.html,prologue,0,2,0.0,32.5,GLOBAL AGGREGATE — FRANCE CONTAMINATION POSSIBLE,LOW,Bangladesh-filtered GSC page/query export required,word/prologue.html,B,3,REVIEW,False,True,True,False,False
https://ovidhan.net/word/proportion.html,proportion,0,2,0.0,41.5,GLOBAL AGGREGATE — FRANCE CONTAMINATION POSSIBLE,LOW,Bangladesh-filtered GSC page/query export required,word/proportion.html,B,3,REVIEW,False,True,True,False,False
https://ovidhan.net/word/prosthesis.html,prosthesis,0,2,0.0,46.0,GLOBAL AGGREGATE — FRANCE CONTAMINATION POSSIBLE,LOW,Bangladesh-filtered GSC page/query export required,word/prosthesis.html,D,0,THIN-LEGACY,False,True,True,False,False
https://ovidhan.net/word/protectors.html,protectors,0,2,0.0,44.5,GLOBAL AGGREGATE — FRANCE CONTAMINATION POSSIBLE,LOW,Bangladesh-filtered GSC page/query export required,word/protectors.html,D,0,THIN-LEGACY,False,True,True,False,False
https://ovidhan.net/word/purchaser.html,purchaser,0,2,0.0,79.5,GLOBAL AGGREGATE — FRANCE CONTAMINATION POSSIBLE,LOW,Bangladesh-filtered GSC page/query export required,word/purchaser.html,D,0,THIN-LEGACY,False,True,True,False,False
https://ovidhan.net/word/quake.html,quake,0,2,0.0,33.0,GLOBAL AGGREGATE — FRANCE CONTAMINATION POSSIBLE,LOW,Bangladesh-filtered GSC page/query export required,word/quake.html,B,3,REVIEW,False,True,True,False,False
https://ovidhan.net/word/qualms.html,qualms,0,2,0.0,67.5,GLOBAL AGGREGATE — FRANCE CONTAMINATION POSSIBLE,LOW,Bangladesh-filtered GSC page/query export required,word/qualms.html,D,0,THIN-LEGACY,False,True,True,False,False
https://ovidhan.net/word/quashed.html,quashed,0,2,0.0,40.5,GLOBAL AGGREGATE — FRANCE CONTAMINATION POSSIBLE,LOW,Bangladesh-filtered GSC page/query export required,word/quashed.html,D,0,THIN-LEGACY,False,True,True,False,False
https://ovidhan.net/word/quasi.html,quasi,0,2,0.0,48.0,GLOBAL AGGREGATE — FRANCE CONTAMINATION POSSIBLE,LOW,Bangladesh-filtered GSC page/query export required,word/quasi.html,B,3,REVIEW,False,True,True,False,False
https://ovidhan.net/word/quinoa.html,quinoa,0,2,0.0,43.0,GLOBAL AGGREGATE — FRANCE CONTAMINATION POSSIBLE,LOW,Bangladesh-filtered GSC page/query export required,word/quinoa.html,D,0,THIN-LEGACY,False,True,True,False,False
https://ovidhan.net/word/quiver.html,quiver,0,2,0.0,37.0,GLOBAL AGGREGATE — FRANCE CONTAMINATION POSSIBLE,LOW,Bangladesh-filtered GSC page/query export required,word/quiver.html,B,3,REVIEW,False,True,True,False,False
https://ovidhan.net/word/quran.html,quran,0,2,0.0,73.5,GLOBAL AGGREGATE — FRANCE CONTAMINATION POSSIBLE,LOW,Bangladesh-filtered GSC page/query export required,word/quran.html,D,0,THIN-LEGACY,False,True,True,False,False
https://ovidhan.net/word/rainbow.html,rainbow,0,2,0.0,46.0,GLOBAL AGGREGATE — FRANCE CONTAMINATION POSSIBLE,LOW,Bangladesh-filtered GSC page/query export required,word/rainbow.html,D,0,THIN-LEGACY,False,True,True,False,False
https://ovidhan.net/word/rancor.html,rancor,0,2,0.0,5.0,GLOBAL AGGREGATE — FRANCE CONTAMINATION POSSIBLE,LOW,Bangladesh-filtered GSC page/query export required,word/rancor.html,B,3,REVIEW,False,True,True,False,False
https://ovidhan.net/word/rant.html,rant,0,2,0.0,61.5,GLOBAL AGGREGATE — FRANCE CONTAMINATION POSSIBLE,LOW,Bangladesh-filtered GSC page/query export required,word/rant.html,B,3,REVIEW,False,True,True,False,False
https://ovidhan.net/word/rashid.html,rashid,0,2,0.0,67.0,GLOBAL AGGREGATE — FRANCE CONTAMINATION POSSIBLE,LOW,Bangladesh-filtered GSC page/query export required,word/rashid.html,D,0,THIN-LEGACY,False,True,True,False,False
https://ovidhan.net/word/raunchy.html,raunchy,0,2,0.0,10.0,GLOBAL AGGREGATE — FRANCE CONTAMINATION POSSIBLE,LOW,Bangladesh-filtered GSC page/query export required,word/raunchy.html,D,0,THIN-LEGACY,False,True,True,False,False
https://ovidhan.net/word/ravi.html,ravi,0,2,0.0,39.0,GLOBAL AGGREGATE — FRANCE CONTAMINATION POSSIBLE,LOW,Bangladesh-filtered GSC page/query export required,word/ravi.html,D,0,THIN-LEGACY,False,True,True,False,False
https://ovidhan.net/word/ravioli.html,ravioli,0,2,0.0,11.5,GLOBAL AGGREGATE — FRANCE CONTAMINATION POSSIBLE,LOW,Bangladesh-filtered GSC page/query export required,word/ravioli.html,D,0,THIN-LEGACY,False,True,True,False,False
https://ovidhan.net/word/raymond.html,raymond,0,2,0.0,7.0,GLOBAL AGGREGATE — FRANCE CONTAMINATION POSSIBLE,LOW,Bangladesh-filtered GSC page/query export required,word/raymond.html,D,0,THIN-LEGACY,False,True,True,False,False
https://ovidhan.net/word/reacted.html,reacted,0,2,0.0,47.5,GLOBAL AGGREGATE — FRANCE CONTAMINATION POSSIBLE,LOW,Bangladesh-filtered GSC page/query export required,word/reacted.html,D,0,THIN-LEGACY,False,True,True,False,False
https://ovidhan.net/word/reasonably.html,reasonably,0,2,0.0,39.0,GLOBAL AGGREGATE — FRANCE CONTAMINATION POSSIBLE,LOW,Bangladesh-filtered GSC page/query export required,word/reasonably.html,D,0,THIN-LEGACY,False,True,True,False,False
https://ovidhan.net/word/reasoning.html,reasoning,0,2,0.0,34.0,GLOBAL AGGREGATE — FRANCE CONTAMINATION POSSIBLE,LOW,Bangladesh-filtered GSC page/query export required,word/reasoning.html,D,0,THIN-LEGACY,False,True,True,False,False
https://ovidhan.net/word/rebellion.html,rebellion,0,2,0.0,44.0,GLOBAL AGGREGATE — FRANCE CONTAMINATION POSSIBLE,LOW,Bangladesh-filtered GSC page/query export required,word/rebellion.html,D,0,THIN-LEGACY,False,True,True,False,False
https://ovidhan.net/word/rebels.html,rebels,0,2,0.0,65.0,GLOBAL AGGREGATE — FRANCE CONTAMINATION POSSIBLE,LOW,Bangladesh-filtered GSC page/query export required,word/rebels.html,D,0,THIN-LEGACY,False,True,True,False,False
https://ovidhan.net/word/receptionist.html,receptionist,0,2,0.0,71.5,GLOBAL AGGREGATE — FRANCE CONTAMINATION POSSIBLE,LOW,Bangladesh-filtered GSC page/query export required,word/receptionist.html,D,0,THIN-LEGACY,False,True,True,False,False
https://ovidhan.net/word/reckon.html,reckon,0,2,0.0,61.5,GLOBAL AGGREGATE — FRANCE CONTAMINATION POSSIBLE,LOW,Bangladesh-filtered GSC page/query export required,word/reckon.html,B,3,REVIEW,False,True,True,False,False
https://ovidhan.net/word/redacted.html,redacted,0,2,0.0,10.5,GLOBAL AGGREGATE — FRANCE CONTAMINATION POSSIBLE,LOW,Bangladesh-filtered GSC page/query export required,word/redacted.html,D,0,THIN-LEGACY,False,True,True,False,False
https://ovidhan.net/word/redirected.html,redirected,0,2,0.0,57.5,GLOBAL AGGREGATE — FRANCE CONTAMINATION POSSIBLE,LOW,Bangladesh-filtered GSC page/query export required,word/redirected.html,D,0,THIN-LEGACY,False,True,True,False,False
https://ovidhan.net/word/refugee.html,refugee,0,2,0.0,65.0,GLOBAL AGGREGATE — FRANCE CONTAMINATION POSSIBLE,LOW,Bangladesh-filtered GSC page/query export required,word/refugee.html,D,0,THIN-LEGACY,False,True,True,False,False
https://ovidhan.net/word/relativism.html,relativism,0,2,0.0,73.5,GLOBAL AGGREGATE — FRANCE CONTAMINATION POSSIBLE,LOW,Bangladesh-filtered GSC page/query export required,word/relativism.html,D,0,THIN-LEGACY,False,True,True,False,False
https://ovidhan.net/word/reno.html,reno,0,2,0.0,9.5,GLOBAL AGGREGATE — FRANCE CONTAMINATION POSSIBLE,LOW,Bangladesh-filtered GSC page/query export required,word/reno.html,D,0,THIN-LEGACY,False,True,True,False,False
https://ovidhan.net/word/reproductive.html,reproductive,0,2,0.0,34.5,GLOBAL AGGREGATE — FRANCE CONTAMINATION POSSIBLE,LOW,Bangladesh-filtered GSC page/query export required,word/reproductive.html,D,0,THIN-LEGACY,False,True,True,False,False
https://ovidhan.net/word/resuscitation.html,resuscitation,0,2,0.0,41.0,GLOBAL AGGREGATE — FRANCE CONTAMINATION POSSIBLE,LOW,Bangladesh-filtered GSC page/query export required,word/resuscitation.html,D,0,THIN-LEGACY,False,True,True,False,False
https://ovidhan.net/word/retort.html,retort,0,2,0.0,88.0,GLOBAL AGGREGATE — FRANCE CONTAMINATION POSSIBLE,LOW,Bangladesh-filtered GSC page/query export required,word/retort.html,B,3,REVIEW,False,True,True,False,False
https://ovidhan.net/word/reverberate.html,reverberate,0,2,0.0,18.5,GLOBAL AGGREGATE — FRANCE CONTAMINATION POSSIBLE,LOW,Bangladesh-filtered GSC page/query export required,word/reverberate.html,B,3,REVIEW,False,True,True,False,False
https://ovidhan.net/word/revive.html,revive,0,2,0.0,49.0,GLOBAL AGGREGATE — FRANCE CONTAMINATION POSSIBLE,LOW,Bangladesh-filtered GSC page/query export required,word/revive.html,B,3,REVIEW,False,True,True,False,False
https://ovidhan.net/word/righteous.html,righteous,0,2,0.0,19.5,GLOBAL AGGREGATE — FRANCE CONTAMINATION POSSIBLE,LOW,Bangladesh-filtered GSC page/query export required,word/righteous.html,D,0,THIN-LEGACY,False,True,True,False,False
https://ovidhan.net/word/riverdale.html,riverdale,0,2,0.0,7.5,GLOBAL AGGREGATE — FRANCE CONTAMINATION POSSIBLE,LOW,Bangladesh-filtered GSC page/query export required,word/riverdale.html,D,0,THIN-LEGACY,False,True,True,False,False
https://ovidhan.net/word/roa.html,roa,0,2,0.0,11.0,GLOBAL AGGREGATE — FRANCE CONTAMINATION POSSIBLE,LOW,Bangladesh-filtered GSC page/query export required,word/roa.html,D,0,THIN-LEGACY,False,True,True,False,False
https://ovidhan.net/word/roasting.html,roasting,0,2,0.0,69.5,GLOBAL AGGREGATE — FRANCE CONTAMINATION POSSIBLE,LOW,Bangladesh-filtered GSC page/query export required,word/roasting.html,D,0,THIN-LEGACY,False,True,True,False,False
https://ovidhan.net/word/rod.html,rod,0,2,0.0,38.5,GLOBAL AGGREGATE — FRANCE CONTAMINATION POSSIBLE,LOW,Bangladesh-filtered GSC page/query export required,word/rod.html,B,3,REVIEW,False,True,True,False,False
https://ovidhan.net/word/roebuck.html,roebuck,0,2,0.0,16.0,GLOBAL AGGREGATE — FRANCE CONTAMINATION POSSIBLE,LOW,Bangladesh-filtered GSC page/query export required,word/roebuck.html,D,0,THIN-LEGACY,False,True,True,False,False
https://ovidhan.net/word/rooster.html,rooster,0,2,0.0,28.5,GLOBAL AGGREGATE — FRANCE CONTAMINATION POSSIBLE,LOW,Bangladesh-filtered GSC page/query export required,word/rooster.html,D,0,THIN-LEGACY,False,True,True,False,False
https://ovidhan.net/word/rosetta.html,rosetta,0,2,0.0,63.5,GLOBAL AGGREGATE — FRANCE CONTAMINATION POSSIBLE,LOW,Bangladesh-filtered GSC page/query export required,word/rosetta.html,D,0,THIN-LEGACY,False,True,True,False,False
https://ovidhan.net/word/rusting.html,rusting,0,2,0.0,31.0,GLOBAL AGGREGATE — FRANCE CONTAMINATION POSSIBLE,LOW,Bangladesh-filtered GSC page/query export required,word/rusting.html,D,0,THIN-LEGACY,False,True,True,False,False
https://ovidhan.net/word/ruth.html,ruth,0,2,0.0,50.5,GLOBAL AGGREGATE — FRANCE CONTAMINATION POSSIBLE,LOW,Bangladesh-filtered GSC page/query export required,word/ruth.html,D,0,THIN-LEGACY,False,True,True,False,False
https://ovidhan.net/word/saab.html,saab,0,2,0.0,35.0,GLOBAL AGGREGATE — FRANCE CONTAMINATION POSSIBLE,LOW,Bangladesh-filtered GSC page/query export required,word/saab.html,D,0,THIN-LEGACY,False,True,True,False,False
https://ovidhan.net/word/sack.html,sack,0,2,0.0,37.5,GLOBAL AGGREGATE — FRANCE CONTAMINATION POSSIBLE,LOW,Bangladesh-filtered GSC page/query export required,word/sack.html,B,3,REVIEW,False,True,True,False,False
https://ovidhan.net/word/sagging.html,sagging,0,2,0.0,10.5,GLOBAL AGGREGATE — FRANCE CONTAMINATION POSSIBLE,LOW,Bangladesh-filtered GSC page/query export required,word/sagging.html,D,0,THIN-LEGACY,False,True,True,False,False
https://ovidhan.net/word/sais.html,sais,0,2,0.0,25.5,GLOBAL AGGREGATE — FRANCE CONTAMINATION POSSIBLE,LOW,Bangladesh-filtered GSC page/query export required,word/sais.html,D,0,THIN-LEGACY,False,True,True,False,False
https://ovidhan.net/word/salazar.html,salazar,0,2,0.0,42.0,GLOBAL AGGREGATE — FRANCE CONTAMINATION POSSIBLE,LOW,Bangladesh-filtered GSC page/query export required,word/salazar.html,D,0,THIN-LEGACY,False,True,True,False,False
https://ovidhan.net/word/sameer.html,sameer,0,2,0.0,33.0,GLOBAL AGGREGATE — FRANCE CONTAMINATION POSSIBLE,LOW,Bangladesh-filtered GSC page/query export required,word/sameer.html,D,0,THIN-LEGACY,False,True,True,False,False
https://ovidhan.net/word/saturn.html,saturn,0,2,0.0,40.0,GLOBAL AGGREGATE — FRANCE CONTAMINATION POSSIBLE,LOW,Bangladesh-filtered GSC page/query export required,word/saturn.html,D,0,THIN-LEGACY,False,True,True,False,False
https://ovidhan.net/word/scanlon.html,scanlon,0,2,0.0,30.5,GLOBAL AGGREGATE — FRANCE CONTAMINATION POSSIBLE,LOW,Bangladesh-filtered GSC page/query export required,word/scanlon.html,D,0,THIN-LEGACY,False,True,True,False,False
https://ovidhan.net/word/schengen.html,schengen,0,2,0.0,53.0,GLOBAL AGGREGATE — FRANCE CONTAMINATION POSSIBLE,LOW,Bangladesh-filtered GSC page/query export required,word/schengen.html,D,0,THIN-LEGACY,False,True,True,False,False
https://ovidhan.net/word/schmid.html,schmid,0,2,0.0,39.0,GLOBAL AGGREGATE — FRANCE CONTAMINATION POSSIBLE,LOW,Bangladesh-filtered GSC page/query export required,word/schmid.html,D,0,THIN-LEGACY,False,True,True,False,False
https://ovidhan.net/word/scrupulous.html,scrupulous,0,2,0.0,43.5,GLOBAL AGGREGATE — FRANCE CONTAMINATION POSSIBLE,LOW,Bangladesh-filtered GSC page/query export required,word/scrupulous.html,D,0,THIN-LEGACY,False,True,True,False,False
https://ovidhan.net/word/seasoning.html,seasoning,0,2,0.0,44.0,GLOBAL AGGREGATE — FRANCE CONTAMINATION POSSIBLE,LOW,Bangladesh-filtered GSC page/query export required,word/seasoning.html,D,0,THIN-LEGACY,False,True,True,False,False
https://ovidhan.net/word/seconded.html,seconded,0,2,0.0,56.5,GLOBAL AGGREGATE — FRANCE CONTAMINATION POSSIBLE,LOW,Bangladesh-filtered GSC page/query export required,word/seconded.html,D,0,THIN-LEGACY,False,True,True,False,False
https://ovidhan.net/word/seniority.html,seniority,0,2,0.0,42.0,GLOBAL AGGREGATE — FRANCE CONTAMINATION POSSIBLE,LOW,Bangladesh-filtered GSC page/query export required,word/seniority.html,D,0,THIN-LEGACY,False,True,True,False,False
https://ovidhan.net/word/sensibly.html,sensibly,0,2,0.0,45.5,GLOBAL AGGREGATE — FRANCE CONTAMINATION POSSIBLE,LOW,Bangladesh-filtered GSC page/query export required,word/sensibly.html,D,0,THIN-LEGACY,False,True,True,False,False
https://ovidhan.net/word/sermon.html,sermon,0,2,0.0,45.5,GLOBAL AGGREGATE — FRANCE CONTAMINATION POSSIBLE,LOW,Bangladesh-filtered GSC page/query export required,word/sermon.html,B,3,REVIEW,False,True,True,False,False
https://ovidhan.net/word/sher.html,sher,0,2,0.0,52.0,GLOBAL AGGREGATE — FRANCE CONTAMINATION POSSIBLE,LOW,Bangladesh-filtered GSC page/query export required,word/sher.html,D,0,THIN-LEGACY,False,True,True,False,False
https://ovidhan.net/word/shipwrecks.html,shipwrecks,0,2,0.0,80.0,GLOBAL AGGREGATE — FRANCE CONTAMINATION POSSIBLE,LOW,Bangladesh-filtered GSC page/query export required,word/shipwrecks.html,D,0,THIN-LEGACY,False,True,True,False,False
https://ovidhan.net/word/showmanship.html,showmanship,0,2,0.0,12.5,GLOBAL AGGREGATE — FRANCE CONTAMINATION POSSIBLE,LOW,Bangladesh-filtered GSC page/query export required,word/showmanship.html,D,0,THIN-LEGACY,False,True,True,False,False
https://ovidhan.net/word/shrink.html,shrink,0,2,0.0,72.5,GLOBAL AGGREGATE — FRANCE CONTAMINATION POSSIBLE,LOW,Bangladesh-filtered GSC page/query export required,word/shrink.html,B,3,REVIEW,False,True,True,False,False
https://ovidhan.net/word/simmer.html,simmer,0,2,0.0,49.0,GLOBAL AGGREGATE — FRANCE CONTAMINATION POSSIBLE,LOW,Bangladesh-filtered GSC page/query export required,word/simmer.html,B,3,REVIEW,False,True,True,False,False
https://ovidhan.net/word/simultaneous.html,simultaneous,0,2,0.0,41.5,GLOBAL AGGREGATE — FRANCE CONTAMINATION POSSIBLE,LOW,Bangladesh-filtered GSC page/query export required,word/simultaneous.html,B,3,REVIEW,False,True,True,False,False
https://ovidhan.net/word/sinister.html,sinister,0,2,0.0,8.0,GLOBAL AGGREGATE — FRANCE CONTAMINATION POSSIBLE,LOW,Bangladesh-filtered GSC page/query export required,word/sinister.html,D,0,THIN-LEGACY,False,True,True,False,False
https://ovidhan.net/word/sink.html,sink,0,2,0.0,47.5,GLOBAL AGGREGATE — FRANCE CONTAMINATION POSSIBLE,LOW,Bangladesh-filtered GSC page/query export required,word/sink.html,B,3,REVIEW,False,True,True,False,False
https://ovidhan.net/word/skewer.html,skewer,0,2,0.0,10.5,GLOBAL AGGREGATE — FRANCE CONTAMINATION POSSIBLE,LOW,Bangladesh-filtered GSC page/query export required,word/skewer.html,D,0,THIN-LEGACY,False,True,True,False,False
https://ovidhan.net/word/slavic.html,slavic,0,2,0.0,11.0,GLOBAL AGGREGATE — FRANCE CONTAMINATION POSSIBLE,LOW,Bangladesh-filtered GSC page/query export required,word/slavic.html,D,0,THIN-LEGACY,False,True,True,False,False
https://ovidhan.net/word/sleazy.html,sleazy,0,2,0.0,12.0,GLOBAL AGGREGATE — FRANCE CONTAMINATION POSSIBLE,LOW,Bangladesh-filtered GSC page/query export required,word/sleazy.html,D,0,THIN-LEGACY,False,True,True,False,False
https://ovidhan.net/word/sleeper.html,sleeper,0,2,0.0,42.0,GLOBAL AGGREGATE — FRANCE CONTAMINATION POSSIBLE,LOW,Bangladesh-filtered GSC page/query export required,word/sleeper.html,D,0,THIN-LEGACY,False,True,True,False,False
https://ovidhan.net/word/slit.html,slit,0,2,0.0,74.0,GLOBAL AGGREGATE — FRANCE CONTAMINATION POSSIBLE,LOW,Bangladesh-filtered GSC page/query export required,word/slit.html,B,3,REVIEW,False,True,True,False,False
https://ovidhan.net/word/slowing.html,slowing,0,2,0.0,54.5,GLOBAL AGGREGATE — FRANCE CONTAMINATION POSSIBLE,LOW,Bangladesh-filtered GSC page/query export required,word/slowing.html,D,0,THIN-LEGACY,False,True,True,False,False
https://ovidhan.net/word/smirked.html,smirked,0,2,0.0,34.5,GLOBAL AGGREGATE — FRANCE CONTAMINATION POSSIBLE,LOW,Bangladesh-filtered GSC page/query export required,word/smirked.html,D,0,THIN-LEGACY,False,True,True,False,False
https://ovidhan.net/word/smoker.html,smoker,0,2,0.0,12.0,GLOBAL AGGREGATE — FRANCE CONTAMINATION POSSIBLE,LOW,Bangladesh-filtered GSC page/query export required,word/smoker.html,D,0,THIN-LEGACY,False,True,True,False,False
https://ovidhan.net/word/snubbed.html,snubbed,0,2,0.0,58.0,GLOBAL AGGREGATE — FRANCE CONTAMINATION POSSIBLE,LOW,Bangladesh-filtered GSC page/query export required,word/snubbed.html,D,0,THIN-LEGACY,False,True,True,False,False
https://ovidhan.net/word/snug.html,snug,0,2,0.0,58.5,GLOBAL AGGREGATE — FRANCE CONTAMINATION POSSIBLE,LOW,Bangladesh-filtered GSC page/query export required,word/snug.html,C,1,THIN-LEGACY,False,True,True,False,False
https://ovidhan.net/word/socioeconomic.html,socioeconomic,0,2,0.0,69.5,GLOBAL AGGREGATE — FRANCE CONTAMINATION POSSIBLE,LOW,Bangladesh-filtered GSC page/query export required,word/socioeconomic.html,D,0,THIN-LEGACY,False,True,True,False,False
https://ovidhan.net/word/sorcerer.html,sorcerer,0,2,0.0,35.5,GLOBAL AGGREGATE — FRANCE CONTAMINATION POSSIBLE,LOW,Bangladesh-filtered GSC page/query export required,word/sorcerer.html,D,0,THIN-LEGACY,False,True,True,False,False
https://ovidhan.net/word/sorcery.html,sorcery,0,2,0.0,39.5,GLOBAL AGGREGATE — FRANCE CONTAMINATION POSSIBLE,LOW,Bangladesh-filtered GSC page/query export required,word/sorcery.html,D,0,THIN-LEGACY,False,True,True,False,False
https://ovidhan.net/word/soya.html,soya,0,2,0.0,62.5,GLOBAL AGGREGATE — FRANCE CONTAMINATION POSSIBLE,LOW,Bangladesh-filtered GSC page/query export required,word/soya.html,D,0,THIN-LEGACY,False,True,True,False,False
https://ovidhan.net/word/soybeans.html,soybeans,0,2,0.0,43.0,GLOBAL AGGREGATE — FRANCE CONTAMINATION POSSIBLE,LOW,Bangladesh-filtered GSC page/query export required,word/soybeans.html,D,0,THIN-LEGACY,False,True,True,False,False
https://ovidhan.net/word/spectacular.html,spectacular,0,2,0.0,34.0,GLOBAL AGGREGATE — FRANCE CONTAMINATION POSSIBLE,LOW,Bangladesh-filtered GSC page/query export required,word/spectacular.html,B,3,REVIEW,False,True,True,False,False
https://ovidhan.net/word/spectacularly.html,spectacularly,0,2,0.0,64.5,GLOBAL AGGREGATE — FRANCE CONTAMINATION POSSIBLE,LOW,Bangladesh-filtered GSC page/query export required,word/spectacularly.html,D,0,THIN-LEGACY,False,True,True,False,False
https://ovidhan.net/word/spine.html,spine,0,2,0.0,34.5,GLOBAL AGGREGATE — FRANCE CONTAMINATION POSSIBLE,LOW,Bangladesh-filtered GSC page/query export required,word/spine.html,B,3,REVIEW,False,True,True,False,False
https://ovidhan.net/word/spitfire.html,spitfire,0,2,0.0,55.0,GLOBAL AGGREGATE — FRANCE CONTAMINATION POSSIBLE,LOW,Bangladesh-filtered GSC page/query export required,word/spitfire.html,D,0,THIN-LEGACY,False,True,True,False,False
https://ovidhan.net/word/spongebob.html,spongebob,0,2,0.0,30.0,GLOBAL AGGREGATE — FRANCE CONTAMINATION POSSIBLE,LOW,Bangladesh-filtered GSC page/query export required,word/spongebob.html,D,0,THIN-LEGACY,False,True,True,False,False
https://ovidhan.net/word/sportsman.html,sportsman,0,2,0.0,11.5,GLOBAL AGGREGATE — FRANCE CONTAMINATION POSSIBLE,LOW,Bangladesh-filtered GSC page/query export required,word/sportsman.html,D,0,THIN-LEGACY,False,True,True,False,False
https://ovidhan.net/word/spraying.html,spraying,0,2,0.0,51.0,GLOBAL AGGREGATE — FRANCE CONTAMINATION POSSIBLE,LOW,Bangladesh-filtered GSC page/query export required,word/spraying.html,D,0,THIN-LEGACY,False,True,True,False,False
https://ovidhan.net/word/squeaking.html,squeaking,0,2,0.0,48.0,GLOBAL AGGREGATE — FRANCE CONTAMINATION POSSIBLE,LOW,Bangladesh-filtered GSC page/query export required,word/squeaking.html,D,0,THIN-LEGACY,False,True,True,False,False
https://ovidhan.net/word/srs.html,srs,0,2,0.0,54.5,GLOBAL AGGREGATE — FRANCE CONTAMINATION POSSIBLE,LOW,Bangladesh-filtered GSC page/query export required,word/srs.html,D,0,THIN-LEGACY,False,True,True,False,False
https://ovidhan.net/word/stab.html,stab,0,2,0.0,41.0,GLOBAL AGGREGATE — FRANCE CONTAMINATION POSSIBLE,LOW,Bangladesh-filtered GSC page/query export required,word/stab.html,B,3,REVIEW,False,True,True,False,False
https://ovidhan.net/word/standoff.html,standoff,0,2,0.0,11.5,GLOBAL AGGREGATE — FRANCE CONTAMINATION POSSIBLE,LOW,Bangladesh-filtered GSC page/query export required,word/standoff.html,D,0,THIN-LEGACY,False,True,True,False,False
https://ovidhan.net/word/stove.html,stove,0,2,0.0,41.5,GLOBAL AGGREGATE — FRANCE CONTAMINATION POSSIBLE,LOW,Bangladesh-filtered GSC page/query export required,word/stove.html,B,3,REVIEW,False,True,True,False,False
https://ovidhan.net/word/straighten.html,straighten,0,2,0.0,52.0,GLOBAL AGGREGATE — FRANCE CONTAMINATION POSSIBLE,LOW,Bangladesh-filtered GSC page/query export required,word/straighten.html,D,0,THIN-LEGACY,False,True,True,False,False
https://ovidhan.net/word/strained.html,strained,0,2,0.0,50.5,GLOBAL AGGREGATE — FRANCE CONTAMINATION POSSIBLE,LOW,Bangladesh-filtered GSC page/query export required,word/strained.html,D,0,THIN-LEGACY,False,True,True,False,False
https://ovidhan.net/word/strait.html,strait,0,2,0.0,55.0,GLOBAL AGGREGATE — FRANCE CONTAMINATION POSSIBLE,LOW,Bangladesh-filtered GSC page/query export required,word/strait.html,D,0,THIN-LEGACY,False,True,True,False,False
https://ovidhan.net/word/strict.html,strict,0,2,0.0,38.5,GLOBAL AGGREGATE — FRANCE CONTAMINATION POSSIBLE,LOW,Bangladesh-filtered GSC page/query export required,word/strict.html,B,3,REVIEW,False,True,True,False,False
https://ovidhan.net/word/strollers.html,strollers,0,2,0.0,36.5,GLOBAL AGGREGATE — FRANCE CONTAMINATION POSSIBLE,LOW,Bangladesh-filtered GSC page/query export required,word/strollers.html,D,0,THIN-LEGACY,False,True,True,False,False
https://ovidhan.net/word/strom.html,strom,0,2,0.0,66.0,GLOBAL AGGREGATE — FRANCE CONTAMINATION POSSIBLE,LOW,Bangladesh-filtered GSC page/query export required,word/strom.html,D,0,THIN-LEGACY,False,True,True,False,False
https://ovidhan.net/word/stubs.html,stubs,0,2,0.0,65.0,GLOBAL AGGREGATE — FRANCE CONTAMINATION POSSIBLE,LOW,Bangladesh-filtered GSC page/query export required,word/stubs.html,D,0,THIN-LEGACY,False,True,True,False,False
https://ovidhan.net/word/stupidity.html,stupidity,0,2,0.0,39.5,GLOBAL AGGREGATE — FRANCE CONTAMINATION POSSIBLE,LOW,Bangladesh-filtered GSC page/query export required,word/stupidity.html,D,0,THIN-LEGACY,False,True,True,False,False
https://ovidhan.net/word/subcontractors.html,subcontractors,0,2,0.0,75.0,GLOBAL AGGREGATE — FRANCE CONTAMINATION POSSIBLE,LOW,Bangladesh-filtered GSC page/query export required,word/subcontractors.html,D,0,THIN-LEGACY,False,True,True,False,False
https://ovidhan.net/word/subordination.html,subordination,0,2,0.0,25.5,GLOBAL AGGREGATE — FRANCE CONTAMINATION POSSIBLE,LOW,Bangladesh-filtered GSC page/query export required,word/subordination.html,D,0,THIN-LEGACY,False,True,True,False,False
https://ovidhan.net/word/subtly.html,subtly,0,2,0.0,61.0,GLOBAL AGGREGATE — FRANCE CONTAMINATION POSSIBLE,LOW,Bangladesh-filtered GSC page/query export required,word/subtly.html,D,0,THIN-LEGACY,False,True,True,False,False
https://ovidhan.net/word/succumbed.html,succumbed,0,2,0.0,36.5,GLOBAL AGGREGATE — FRANCE CONTAMINATION POSSIBLE,LOW,Bangladesh-filtered GSC page/query export required,word/succumbed.html,D,0,THIN-LEGACY,False,True,True,False,False
https://ovidhan.net/word/sultan.html,sultan,0,2,0.0,50.0,GLOBAL AGGREGATE — FRANCE CONTAMINATION POSSIBLE,LOW,Bangladesh-filtered GSC page/query export required,word/sultan.html,D,0,THIN-LEGACY,False,True,True,False,False
https://ovidhan.net/word/sundry.html,sundry,0,2,0.0,46.5,GLOBAL AGGREGATE — FRANCE CONTAMINATION POSSIBLE,LOW,Bangladesh-filtered GSC page/query export required,word/sundry.html,D,0,THIN-LEGACY,False,True,True,False,False
https://ovidhan.net/word/superimposed.html,superimposed,0,2,0.0,26.5,GLOBAL AGGREGATE — FRANCE CONTAMINATION POSSIBLE,LOW,Bangladesh-filtered GSC page/query export required,word/superimposed.html,D,0,THIN-LEGACY,False,True,True,False,False
https://ovidhan.net/word/swamp.html,swamp,0,2,0.0,28.5,GLOBAL AGGREGATE — FRANCE CONTAMINATION POSSIBLE,LOW,Bangladesh-filtered GSC page/query export required,word/swamp.html,B,3,REVIEW,False,True,True,False,False
https://ovidhan.net/word/swat.html,swat,0,2,0.0,10.0,GLOBAL AGGREGATE — FRANCE CONTAMINATION POSSIBLE,LOW,Bangladesh-filtered GSC page/query export required,word/swat.html,D,0,THIN-LEGACY,False,True,True,False,False
https://ovidhan.net/word/sweetheart.html,sweetheart,0,2,0.0,59.0,GLOBAL AGGREGATE — FRANCE CONTAMINATION POSSIBLE,LOW,Bangladesh-filtered GSC page/query export required,word/sweetheart.html,D,0,THIN-LEGACY,False,True,True,False,False
https://ovidhan.net/word/swig.html,swig,0,2,0.0,56.0,GLOBAL AGGREGATE — FRANCE CONTAMINATION POSSIBLE,LOW,Bangladesh-filtered GSC page/query export required,word/swig.html,D,0,THIN-LEGACY,False,True,True,False,False
https://ovidhan.net/word/symphonic.html,symphonic,0,2,0.0,81.5,GLOBAL AGGREGATE — FRANCE CONTAMINATION POSSIBLE,LOW,Bangladesh-filtered GSC page/query export required,word/symphonic.html,D,0,THIN-LEGACY,False,True,True,False,False
https://ovidhan.net/word/taboo.html,taboo,0,2,0.0,60.0,GLOBAL AGGREGATE — FRANCE CONTAMINATION POSSIBLE,LOW,Bangladesh-filtered GSC page/query export required,word/taboo.html,D,0,THIN-LEGACY,False,True,True,False,False
https://ovidhan.net/word/takeover.html,takeover,0,2,0.0,48.5,GLOBAL AGGREGATE — FRANCE CONTAMINATION POSSIBLE,LOW,Bangladesh-filtered GSC page/query export required,word/takeover.html,D,0,THIN-LEGACY,False,True,True,False,False
https://ovidhan.net/word/tamed.html,tamed,0,2,0.0,9.0,GLOBAL AGGREGATE — FRANCE CONTAMINATION POSSIBLE,LOW,Bangladesh-filtered GSC page/query export required,word/tamed.html,D,0,THIN-LEGACY,False,True,True,False,False
https://ovidhan.net/word/tanning.html,tanning,0,2,0.0,37.0,GLOBAL AGGREGATE — FRANCE CONTAMINATION POSSIBLE,LOW,Bangladesh-filtered GSC page/query export required,word/tanning.html,D,0,THIN-LEGACY,False,True,True,False,False
https://ovidhan.net/word/targeting.html,targeting,0,2,0.0,31.5,GLOBAL AGGREGATE — FRANCE CONTAMINATION POSSIBLE,LOW,Bangladesh-filtered GSC page/query export required,word/targeting.html,D,0,THIN-LEGACY,False,True,True,False,False
https://ovidhan.net/word/tash.html,tash,0,2,0.0,30.0,GLOBAL AGGREGATE — FRANCE CONTAMINATION POSSIBLE,LOW,Bangladesh-filtered GSC page/query export required,word/tash.html,D,0,THIN-LEGACY,False,True,True,False,False
https://ovidhan.net/word/tfc.html,tfc,0,2,0.0,13.5,GLOBAL AGGREGATE — FRANCE CONTAMINATION POSSIBLE,LOW,Bangladesh-filtered GSC page/query export required,word/tfc.html,D,0,THIN-LEGACY,False,True,True,False,False
https://ovidhan.net/word/thatd.html,thatd,0,2,0.0,48.5,GLOBAL AGGREGATE — FRANCE CONTAMINATION POSSIBLE,LOW,Bangladesh-filtered GSC page/query export required,word/thatd.html,D,0,INVALID/NOISE,False,True,True,False,False
https://ovidhan.net/word/thi.html,thi,0,2,0.0,6.0,GLOBAL AGGREGATE — FRANCE CONTAMINATION POSSIBLE,LOW,Bangladesh-filtered GSC page/query export required,word/thi.html,D,0,THIN-LEGACY,False,True,True,False,False
https://ovidhan.net/word/thicknesses.html,thicknesses,0,2,0.0,44.5,GLOBAL AGGREGATE — FRANCE CONTAMINATION POSSIBLE,LOW,Bangladesh-filtered GSC page/query export required,word/thicknesses.html,D,0,THIN-LEGACY,False,True,True,False,False
https://ovidhan.net/word/thrasher.html,thrasher,0,2,0.0,10.5,GLOBAL AGGREGATE — FRANCE CONTAMINATION POSSIBLE,LOW,Bangladesh-filtered GSC page/query export required,word/thrasher.html,D,0,THIN-LEGACY,False,True,True,False,False
https://ovidhan.net/word/tio.html,tio,0,2,0.0,7.5,GLOBAL AGGREGATE — FRANCE CONTAMINATION POSSIBLE,LOW,Bangladesh-filtered GSC page/query export required,word/tio.html,D,0,THIN-LEGACY,False,True,True,False,False
https://ovidhan.net/word/tomatoes.html,tomatoes,0,2,0.0,48.5,GLOBAL AGGREGATE — FRANCE CONTAMINATION POSSIBLE,LOW,Bangladesh-filtered GSC page/query export required,word/tomatoes.html,D,0,THIN-LEGACY,False,True,True,False,False
https://ovidhan.net/word/tonkin.html,tonkin,0,2,0.0,51.5,GLOBAL AGGREGATE — FRANCE CONTAMINATION POSSIBLE,LOW,Bangladesh-filtered GSC page/query export required,word/tonkin.html,D,0,THIN-LEGACY,False,True,True,False,False
https://ovidhan.net/word/toothache.html,toothache,0,2,0.0,42.0,GLOBAL AGGREGATE — FRANCE CONTAMINATION POSSIBLE,LOW,Bangladesh-filtered GSC page/query export required,word/toothache.html,D,0,THIN-LEGACY,False,True,True,False,False
https://ovidhan.net/word/torsion.html,torsion,0,2,0.0,25.0,GLOBAL AGGREGATE — FRANCE CONTAMINATION POSSIBLE,LOW,Bangladesh-filtered GSC page/query export required,word/torsion.html,D,0,THIN-LEGACY,False,True,True,False,False
https://ovidhan.net/word/torturous.html,torturous,0,2,0.0,32.0,GLOBAL AGGREGATE — FRANCE CONTAMINATION POSSIBLE,LOW,Bangladesh-filtered GSC page/query export required,word/torturous.html,D,0,THIN-LEGACY,False,True,True,False,False
https://ovidhan.net/word/towed.html,towed,0,2,0.0,23.5,GLOBAL AGGREGATE — FRANCE CONTAMINATION POSSIBLE,LOW,Bangladesh-filtered GSC page/query export required,word/towed.html,D,0,THIN-LEGACY,False,True,True,False,False
https://ovidhan.net/word/toyed.html,toyed,0,2,0.0,39.5,GLOBAL AGGREGATE — FRANCE CONTAMINATION POSSIBLE,LOW,Bangladesh-filtered GSC page/query export required,word/toyed.html,D,0,THIN-LEGACY,False,True,True,False,False
https://ovidhan.net/word/translating.html,translating,0,2,0.0,51.0,GLOBAL AGGREGATE — FRANCE CONTAMINATION POSSIBLE,LOW,Bangladesh-filtered GSC page/query export required,word/translating.html,D,0,THIN-LEGACY,False,True,True,False,False
https://ovidhan.net/word/treatise.html,treatise,0,2,0.0,30.5,GLOBAL AGGREGATE — FRANCE CONTAMINATION POSSIBLE,LOW,Bangladesh-filtered GSC page/query export required,word/treatise.html,D,0,THIN-LEGACY,False,True,True,False,False
https://ovidhan.net/word/trimmed.html,trimmed,0,2,0.0,26.5,GLOBAL AGGREGATE — FRANCE CONTAMINATION POSSIBLE,LOW,Bangladesh-filtered GSC page/query export required,word/trimmed.html,D,0,THIN-LEGACY,False,True,True,False,False
https://ovidhan.net/word/trite.html,trite,0,2,0.0,43.0,GLOBAL AGGREGATE — FRANCE CONTAMINATION POSSIBLE,LOW,Bangladesh-filtered GSC page/query export required,word/trite.html,C,1,THIN-LEGACY,False,True,True,False,False
https://ovidhan.net/word/troupe.html,troupe,0,2,0.0,28.5,GLOBAL AGGREGATE — FRANCE CONTAMINATION POSSIBLE,LOW,Bangladesh-filtered GSC page/query export required,word/troupe.html,D,0,THIN-LEGACY,False,True,True,False,False
https://ovidhan.net/word/tully.html,tully,0,2,0.0,26.5,GLOBAL AGGREGATE — FRANCE CONTAMINATION POSSIBLE,LOW,Bangladesh-filtered GSC page/query export required,word/tully.html,D,0,THIN-LEGACY,False,True,True,False,False
https://ovidhan.net/word/turbocharged.html,turbocharged,0,2,0.0,38.0,GLOBAL AGGREGATE — FRANCE CONTAMINATION POSSIBLE,LOW,Bangladesh-filtered GSC page/query export required,word/turbocharged.html,D,0,THIN-LEGACY,False,True,True,False,False
https://ovidhan.net/word/turnip.html,turnip,0,2,0.0,69.5,GLOBAL AGGREGATE — FRANCE CONTAMINATION POSSIBLE,LOW,Bangladesh-filtered GSC page/query export required,word/turnip.html,D,0,THIN-LEGACY,False,True,True,False,False
https://ovidhan.net/word/twelve.html,twelve,0,2,0.0,37.5,GLOBAL AGGREGATE — FRANCE CONTAMINATION POSSIBLE,LOW,Bangladesh-filtered GSC page/query export required,word/twelve.html,D,0,THIN-LEGACY,False,True,True,False,False
https://ovidhan.net/word/twig.html,twig,0,2,0.0,54.5,GLOBAL AGGREGATE — FRANCE CONTAMINATION POSSIBLE,LOW,Bangladesh-filtered GSC page/query export required,word/twig.html,B,3,REVIEW,False,True,True,False,False
https://ovidhan.net/word/ua.html,ua,1,2,0.5,6.0,GLOBAL AGGREGATE — FRANCE CONTAMINATION POSSIBLE,LOW,Bangladesh-filtered GSC page/query export required,word/ua.html,D,0,THIN-LEGACY,False,True,True,False,False
https://ovidhan.net/word/ultimatum.html,ultimatum,0,2,0.0,49.0,GLOBAL AGGREGATE — FRANCE CONTAMINATION POSSIBLE,LOW,Bangladesh-filtered GSC page/query export required,word/ultimatum.html,B,3,REVIEW,False,True,True,False,False
https://ovidhan.net/word/unable.html,unable,0,2,0.0,74.0,GLOBAL AGGREGATE — FRANCE CONTAMINATION POSSIBLE,LOW,Bangladesh-filtered GSC page/query export required,word/unable.html,A,7,REVIEW,False,True,True,False,False
https://ovidhan.net/word/unarmed.html,unarmed,0,2,0.0,44.0,GLOBAL AGGREGATE — FRANCE CONTAMINATION POSSIBLE,LOW,Bangladesh-filtered GSC page/query export required,word/unarmed.html,D,0,THIN-LEGACY,False,True,True,False,False
https://ovidhan.net/word/unauthorized.html,unauthorized,0,2,0.0,22.5,GLOBAL AGGREGATE — FRANCE CONTAMINATION POSSIBLE,LOW,Bangladesh-filtered GSC page/query export required,word/unauthorized.html,D,0,THIN-LEGACY,False,True,True,False,False
https://ovidhan.net/word/unearned.html,unearned,0,2,0.0,8.0,GLOBAL AGGREGATE — FRANCE CONTAMINATION POSSIBLE,LOW,Bangladesh-filtered GSC page/query export required,word/unearned.html,D,0,THIN-LEGACY,False,True,True,False,False
https://ovidhan.net/word/unfolding.html,unfolding,0,2,0.0,68.0,GLOBAL AGGREGATE — FRANCE CONTAMINATION POSSIBLE,LOW,Bangladesh-filtered GSC page/query export required,word/unfolding.html,D,0,THIN-LEGACY,False,True,True,False,False
https://ovidhan.net/word/univ.html,univ,0,2,0.0,53.5,GLOBAL AGGREGATE — FRANCE CONTAMINATION POSSIBLE,LOW,Bangladesh-filtered GSC page/query export required,word/univ.html,D,0,THIN-LEGACY,False,True,True,False,False
https://ovidhan.net/word/upfront.html,upfront,0,2,0.0,9.0,GLOBAL AGGREGATE — FRANCE CONTAMINATION POSSIBLE,LOW,Bangladesh-filtered GSC page/query export required,word/upfront.html,D,0,THIN-LEGACY,False,True,True,False,False
https://ovidhan.net/word/upsets.html,upsets,0,2,0.0,66.0,GLOBAL AGGREGATE — FRANCE CONTAMINATION POSSIBLE,LOW,Bangladesh-filtered GSC page/query export required,word/upsets.html,D,0,THIN-LEGACY,False,True,True,False,False
https://ovidhan.net/word/valedictorian.html,valedictorian,0,2,0.0,31.5,GLOBAL AGGREGATE — FRANCE CONTAMINATION POSSIBLE,LOW,Bangladesh-filtered GSC page/query export required,word/valedictorian.html,D,0,THIN-LEGACY,False,True,True,False,False
https://ovidhan.net/word/valencia.html,valencia,0,2,0.0,10.0,GLOBAL AGGREGATE — FRANCE CONTAMINATION POSSIBLE,LOW,Bangladesh-filtered GSC page/query export required,word/valencia.html,D,0,THIN-LEGACY,False,True,True,False,False
https://ovidhan.net/word/vamos.html,vamos,0,2,0.0,11.0,GLOBAL AGGREGATE — FRANCE CONTAMINATION POSSIBLE,LOW,Bangladesh-filtered GSC page/query export required,word/vamos.html,D,0,THIN-LEGACY,False,True,True,False,False
https://ovidhan.net/word/vcr.html,vcr,0,2,0.0,8.0,GLOBAL AGGREGATE — FRANCE CONTAMINATION POSSIBLE,LOW,Bangladesh-filtered GSC page/query export required,word/vcr.html,D,0,THIN-LEGACY,False,True,True,False,False
https://ovidhan.net/word/velocity.html,velocity,0,2,0.0,44.5,GLOBAL AGGREGATE — FRANCE CONTAMINATION POSSIBLE,LOW,Bangladesh-filtered GSC page/query export required,word/velocity.html,B,3,REVIEW,False,True,True,False,False
https://ovidhan.net/word/vermilion.html,vermilion,0,2,0.0,33.5,GLOBAL AGGREGATE — FRANCE CONTAMINATION POSSIBLE,LOW,Bangladesh-filtered GSC page/query export required,word/vermilion.html,D,0,THIN-LEGACY,False,True,True,False,False
https://ovidhan.net/word/versatile.html,versatile,0,2,0.0,48.5,GLOBAL AGGREGATE — FRANCE CONTAMINATION POSSIBLE,LOW,Bangladesh-filtered GSC page/query export required,word/versatile.html,B,3,REVIEW,False,True,True,False,False
https://ovidhan.net/word/vet.html,vet,0,2,0.0,47.5,GLOBAL AGGREGATE — FRANCE CONTAMINATION POSSIBLE,LOW,Bangladesh-filtered GSC page/query export required,word/vet.html,D,0,THIN-LEGACY,False,True,True,False,False
https://ovidhan.net/word/vibes.html,vibes,0,2,0.0,40.5,GLOBAL AGGREGATE — FRANCE CONTAMINATION POSSIBLE,LOW,Bangladesh-filtered GSC page/query export required,word/vibes.html,D,0,THIN-LEGACY,False,True,True,False,False
https://ovidhan.net/word/vicar.html,vicar,0,2,0.0,10.0,GLOBAL AGGREGATE — FRANCE CONTAMINATION POSSIBLE,LOW,Bangladesh-filtered GSC page/query export required,word/vicar.html,D,0,THIN-LEGACY,False,True,True,False,False
https://ovidhan.net/word/vilify.html,vilify,0,2,0.0,22.0,GLOBAL AGGREGATE — FRANCE CONTAMINATION POSSIBLE,LOW,Bangladesh-filtered GSC page/query export required,word/vilify.html,B,3,REVIEW,False,True,True,False,False
https://ovidhan.net/word/virgo.html,virgo,0,2,0.0,38.5,GLOBAL AGGREGATE — FRANCE CONTAMINATION POSSIBLE,LOW,Bangladesh-filtered GSC page/query export required,word/virgo.html,D,0,THIN-LEGACY,False,True,True,False,False
https://ovidhan.net/word/vitamin.html,vitamin,0,2,0.0,58.0,GLOBAL AGGREGATE — FRANCE CONTAMINATION POSSIBLE,LOW,Bangladesh-filtered GSC page/query export required,word/vitamin.html,D,0,THIN-LEGACY,False,True,True,False,False
https://ovidhan.net/word/viva.html,viva,0,2,0.0,55.0,GLOBAL AGGREGATE — FRANCE CONTAMINATION POSSIBLE,LOW,Bangladesh-filtered GSC page/query export required,word/viva.html,D,0,THIN-LEGACY,False,True,True,False,False
https://ovidhan.net/word/vocabulary.html,vocabulary,0,2,0.0,57.5,GLOBAL AGGREGATE — FRANCE CONTAMINATION POSSIBLE,LOW,Bangladesh-filtered GSC page/query export required,word/vocabulary.html,B,3,REVIEW,False,True,True,False,False
https://ovidhan.net/word/voluntarily.html,voluntarily,0,2,0.0,37.0,GLOBAL AGGREGATE — FRANCE CONTAMINATION POSSIBLE,LOW,Bangladesh-filtered GSC page/query export required,word/voluntarily.html,D,0,THIN-LEGACY,False,True,True,False,False
https://ovidhan.net/word/wading.html,wading,0,2,0.0,14.0,GLOBAL AGGREGATE — FRANCE CONTAMINATION POSSIBLE,LOW,Bangladesh-filtered GSC page/query export required,word/wading.html,D,0,THIN-LEGACY,False,True,True,False,False
https://ovidhan.net/word/waffles.html,waffles,0,2,0.0,45.0,GLOBAL AGGREGATE — FRANCE CONTAMINATION POSSIBLE,LOW,Bangladesh-filtered GSC page/query export required,word/waffles.html,D,0,THIN-LEGACY,False,True,True,False,False
https://ovidhan.net/word/wag.html,wag,0,2,0.0,57.5,GLOBAL AGGREGATE — FRANCE CONTAMINATION POSSIBLE,LOW,Bangladesh-filtered GSC page/query export required,word/wag.html,C,1,THIN-LEGACY,False,True,True,False,False
https://ovidhan.net/word/waifu.html,waifu,0,2,0.0,46.0,GLOBAL AGGREGATE — FRANCE CONTAMINATION POSSIBLE,LOW,Bangladesh-filtered GSC page/query export required,word/waifu.html,D,0,THIN-LEGACY,False,True,True,False,False
https://ovidhan.net/word/waistcoat.html,waistcoat,0,2,0.0,32.0,GLOBAL AGGREGATE — FRANCE CONTAMINATION POSSIBLE,LOW,Bangladesh-filtered GSC page/query export required,word/waistcoat.html,D,0,THIN-LEGACY,False,True,True,False,False
https://ovidhan.net/word/walled.html,walled,0,2,0.0,41.5,GLOBAL AGGREGATE — FRANCE CONTAMINATION POSSIBLE,LOW,Bangladesh-filtered GSC page/query export required,word/walled.html,D,0,THIN-LEGACY,False,True,True,False,False
https://ovidhan.net/word/walsh.html,walsh,0,2,0.0,7.0,GLOBAL AGGREGATE — FRANCE CONTAMINATION POSSIBLE,LOW,Bangladesh-filtered GSC page/query export required,word/walsh.html,D,0,THIN-LEGACY,False,True,True,False,False
https://ovidhan.net/word/wandered.html,wandered,0,2,0.0,42.0,GLOBAL AGGREGATE — FRANCE CONTAMINATION POSSIBLE,LOW,Bangladesh-filtered GSC page/query export required,word/wandered.html,D,0,THIN-LEGACY,False,True,True,False,False
https://ovidhan.net/word/wardrobes.html,wardrobes,0,2,0.0,43.0,GLOBAL AGGREGATE — FRANCE CONTAMINATION POSSIBLE,LOW,Bangladesh-filtered GSC page/query export required,word/wardrobes.html,D,0,THIN-LEGACY,False,True,True,False,False
https://ovidhan.net/word/warwick.html,warwick,0,2,0.0,8.0,GLOBAL AGGREGATE — FRANCE CONTAMINATION POSSIBLE,LOW,Bangladesh-filtered GSC page/query export required,word/warwick.html,D,0,THIN-LEGACY,False,True,True,False,False
https://ovidhan.net/word/waterlogged.html,waterlogged,0,2,0.0,67.5,GLOBAL AGGREGATE — FRANCE CONTAMINATION POSSIBLE,LOW,Bangladesh-filtered GSC page/query export required,word/waterlogged.html,D,0,THIN-LEGACY,False,True,True,False,False
https://ovidhan.net/word/waterman.html,waterman,0,2,0.0,58.0,GLOBAL AGGREGATE — FRANCE CONTAMINATION POSSIBLE,LOW,Bangladesh-filtered GSC page/query export required,word/waterman.html,D,0,THIN-LEGACY,False,True,True,False,False
https://ovidhan.net/word/waterproof.html,waterproof,0,2,0.0,52.5,GLOBAL AGGREGATE — FRANCE CONTAMINATION POSSIBLE,LOW,Bangladesh-filtered GSC page/query export required,word/waterproof.html,D,0,THIN-LEGACY,False,True,True,False,False
https://ovidhan.net/word/wheelchair.html,wheelchair,0,2,0.0,17.5,GLOBAL AGGREGATE — FRANCE CONTAMINATION POSSIBLE,LOW,Bangladesh-filtered GSC page/query export required,word/wheelchair.html,D,0,THIN-LEGACY,False,True,True,False,False
https://ovidhan.net/word/whistleblower.html,whistleblower,0,2,0.0,29.5,GLOBAL AGGREGATE — FRANCE CONTAMINATION POSSIBLE,LOW,Bangladesh-filtered GSC page/query export required,word/whistleblower.html,D,0,THIN-LEGACY,False,True,True,False,False
https://ovidhan.net/word/wholl.html,wholl,0,2,0.0,11.0,GLOBAL AGGREGATE — FRANCE CONTAMINATION POSSIBLE,LOW,Bangladesh-filtered GSC page/query export required,word/wholl.html,D,0,INVALID/NOISE,False,True,True,False,False
https://ovidhan.net/word/whomever.html,whomever,0,2,0.0,10.0,GLOBAL AGGREGATE — FRANCE CONTAMINATION POSSIBLE,LOW,Bangladesh-filtered GSC page/query export required,word/whomever.html,D,0,THIN-LEGACY,False,True,True,False,False
https://ovidhan.net/word/wick.html,wick,0,2,0.0,35.0,GLOBAL AGGREGATE — FRANCE CONTAMINATION POSSIBLE,LOW,Bangladesh-filtered GSC page/query export required,word/wick.html,D,0,THIN-LEGACY,False,True,True,False,False
https://ovidhan.net/word/wifi.html,wifi,0,2,0.0,50.0,GLOBAL AGGREGATE — FRANCE CONTAMINATION POSSIBLE,LOW,Bangladesh-filtered GSC page/query export required,word/wifi.html,D,0,THIN-LEGACY,False,True,True,False,False
https://ovidhan.net/word/witness.html,witness,0,2,0.0,15.5,GLOBAL AGGREGATE — FRANCE CONTAMINATION POSSIBLE,LOW,Bangladesh-filtered GSC page/query export required,word/witness.html,B,3,REVIEW,False,True,True,False,False
https://ovidhan.net/word/wold.html,wold,0,2,0.0,80.0,GLOBAL AGGREGATE — FRANCE CONTAMINATION POSSIBLE,LOW,Bangladesh-filtered GSC page/query export required,word/wold.html,D,0,THIN-LEGACY,False,True,True,False,False
https://ovidhan.net/word/wright.html,wright,0,2,0.0,18.0,GLOBAL AGGREGATE — FRANCE CONTAMINATION POSSIBLE,LOW,Bangladesh-filtered GSC page/query export required,word/wright.html,D,0,THIN-LEGACY,False,True,True,False,False
https://ovidhan.net/word/wyndham.html,wyndham,0,2,0.0,4.5,GLOBAL AGGREGATE — FRANCE CONTAMINATION POSSIBLE,LOW,Bangladesh-filtered GSC page/query export required,word/wyndham.html,D,0,THIN-LEGACY,False,True,True,False,False
https://ovidhan.net/word/xiao.html,xiao,0,2,0.0,7.0,GLOBAL AGGREGATE — FRANCE CONTAMINATION POSSIBLE,LOW,Bangladesh-filtered GSC page/query export required,word/xiao.html,D,0,THIN-LEGACY,False,True,True,False,False
https://ovidhan.net/word/yardage.html,yardage,0,2,0.0,36.5,GLOBAL AGGREGATE — FRANCE CONTAMINATION POSSIBLE,LOW,Bangladesh-filtered GSC page/query export required,word/yardage.html,D,0,THIN-LEGACY,False,True,True,False,False
https://ovidhan.net/word/yarn.html,yarn,0,2,0.0,35.0,GLOBAL AGGREGATE — FRANCE CONTAMINATION POSSIBLE,LOW,Bangladesh-filtered GSC page/query export required,word/yarn.html,B,3,REVIEW,False,True,True,False,False
https://ovidhan.net/word/yokohama.html,yokohama,0,2,0.0,40.5,GLOBAL AGGREGATE — FRANCE CONTAMINATION POSSIBLE,LOW,Bangladesh-filtered GSC page/query export required,word/yokohama.html,D,0,THIN-LEGACY,False,True,True,False,False
https://ovidhan.net/word/youngest.html,youngest,0,2,0.0,36.5,GLOBAL AGGREGATE — FRANCE CONTAMINATION POSSIBLE,LOW,Bangladesh-filtered GSC page/query export required,word/youngest.html,D,0,THIN-LEGACY,False,True,True,False,False
https://ovidhan.net/word/zeus.html,zeus,0,2,0.0,11.5,GLOBAL AGGREGATE — FRANCE CONTAMINATION POSSIBLE,LOW,Bangladesh-filtered GSC page/query export required,word/zeus.html,D,0,THIN-LEGACY,False,True,True,False,False
https://ovidhan.net/word/zimbabwes.html,zimbabwes,0,2,0.0,30.5,GLOBAL AGGREGATE — FRANCE CONTAMINATION POSSIBLE,LOW,Bangladesh-filtered GSC page/query export required,word/zimbabwes.html,D,0,INVALID/NOISE,False,True,True,False,False
https://ovidhan.net/word/4s.html,4s,0,1,0.0,5.0,GLOBAL AGGREGATE — FRANCE CONTAMINATION POSSIBLE,LOW,Bangladesh-filtered GSC page/query export required,word/4s.html,D,0,INVALID/NOISE,False,True,True,False,False
https://ovidhan.net/word/5d.html,5d,0,1,0.0,4.0,GLOBAL AGGREGATE — FRANCE CONTAMINATION POSSIBLE,LOW,Bangladesh-filtered GSC page/query export required,word/5d.html,D,0,INVALID/NOISE,False,True,True,False,False
https://ovidhan.net/word/airbnb.html,airbnb,0,1,0.0,1.0,GLOBAL AGGREGATE — FRANCE CONTAMINATION POSSIBLE,LOW,Bangladesh-filtered GSC page/query export required,word/airbnb.html,D,0,THIN-LEGACY,False,True,True,False,False
https://ovidhan.net/word/allahabad.html,allahabad,0,1,0.0,4.0,GLOBAL AGGREGATE — FRANCE CONTAMINATION POSSIBLE,LOW,Bangladesh-filtered GSC page/query export required,word/allahabad.html,D,0,THIN-LEGACY,False,True,True,False,False
https://ovidhan.net/word/aso.html,aso,0,1,0.0,3.0,GLOBAL AGGREGATE — FRANCE CONTAMINATION POSSIBLE,LOW,Bangladesh-filtered GSC page/query export required,word/aso.html,D,0,THIN-LEGACY,False,True,True,False,False
https://ovidhan.net/word/athos.html,athos,0,1,0.0,5.0,GLOBAL AGGREGATE — FRANCE CONTAMINATION POSSIBLE,LOW,Bangladesh-filtered GSC page/query export required,word/athos.html,D,0,THIN-LEGACY,False,True,True,False,False
https://ovidhan.net/word/baca.html,baca,0,1,0.0,5.0,GLOBAL AGGREGATE — FRANCE CONTAMINATION POSSIBLE,LOW,Bangladesh-filtered GSC page/query export required,word/baca.html,D,0,THIN-LEGACY,False,True,True,False,False
https://ovidhan.net/word/blackest.html,blackest,0,1,0.0,4.0,GLOBAL AGGREGATE — FRANCE CONTAMINATION POSSIBLE,LOW,Bangladesh-filtered GSC page/query export required,word/blackest.html,D,0,THIN-LEGACY,False,True,True,False,False
https://ovidhan.net/word/blige.html,blige,0,1,0.0,4.0,GLOBAL AGGREGATE — FRANCE CONTAMINATION POSSIBLE,LOW,Bangladesh-filtered GSC page/query export required,word/blige.html,D,0,THIN-LEGACY,False,True,True,False,False
https://ovidhan.net/word/botha.html,botha,0,1,0.0,4.0,GLOBAL AGGREGATE — FRANCE CONTAMINATION POSSIBLE,LOW,Bangladesh-filtered GSC page/query export required,word/botha.html,D,0,THIN-LEGACY,False,True,True,False,False
https://ovidhan.net/word/braden.html,braden,0,1,0.0,4.0,GLOBAL AGGREGATE — FRANCE CONTAMINATION POSSIBLE,LOW,Bangladesh-filtered GSC page/query export required,word/braden.html,D,0,THIN-LEGACY,False,True,True,False,False
https://ovidhan.net/word/brisbane.html,brisbane,0,1,0.0,5.0,GLOBAL AGGREGATE — FRANCE CONTAMINATION POSSIBLE,LOW,Bangladesh-filtered GSC page/query export required,word/brisbane.html,D,0,THIN-LEGACY,False,True,True,False,False
https://ovidhan.net/word/bruges.html,bruges,0,1,0.0,3.0,GLOBAL AGGREGATE — FRANCE CONTAMINATION POSSIBLE,LOW,Bangladesh-filtered GSC page/query export required,word/bruges.html,D,0,THIN-LEGACY,False,True,True,False,False
https://ovidhan.net/word/carruthers.html,carruthers,0,1,0.0,4.0,GLOBAL AGGREGATE — FRANCE CONTAMINATION POSSIBLE,LOW,Bangladesh-filtered GSC page/query export required,word/carruthers.html,D,0,THIN-LEGACY,False,True,True,False,False
https://ovidhan.net/word/cod.html,cod,0,1,0.0,5.0,GLOBAL AGGREGATE — FRANCE CONTAMINATION POSSIBLE,LOW,Bangladesh-filtered GSC page/query export required,word/cod.html,D,0,THIN-LEGACY,False,True,True,False,False
https://ovidhan.net/word/concomitant.html,concomitant,0,1,0.0,3.0,GLOBAL AGGREGATE — FRANCE CONTAMINATION POSSIBLE,LOW,Bangladesh-filtered GSC page/query export required,word/concomitant.html,D,0,THIN-LEGACY,False,True,True,False,False
https://ovidhan.net/word/contreras.html,contreras,0,1,0.0,3.0,GLOBAL AGGREGATE — FRANCE CONTAMINATION POSSIBLE,LOW,Bangladesh-filtered GSC page/query export required,word/contreras.html,D,0,THIN-LEGACY,False,True,True,False,False
https://ovidhan.net/word/dayton.html,dayton,0,1,0.0,4.0,GLOBAL AGGREGATE — FRANCE CONTAMINATION POSSIBLE,LOW,Bangladesh-filtered GSC page/query export required,word/dayton.html,D,0,THIN-LEGACY,False,True,True,False,False
https://ovidhan.net/word/declan.html,declan,0,1,0.0,2.0,GLOBAL AGGREGATE — FRANCE CONTAMINATION POSSIBLE,LOW,Bangladesh-filtered GSC page/query export required,word/declan.html,D,0,THIN-LEGACY,False,True,True,False,False
https://ovidhan.net/word/defiled.html,defiled,0,1,0.0,2.0,GLOBAL AGGREGATE — FRANCE CONTAMINATION POSSIBLE,LOW,Bangladesh-filtered GSC page/query export required,word/defiled.html,D,0,THIN-LEGACY,False,True,True,False,False
https://ovidhan.net/word/depaul.html,depaul,0,1,0.0,2.0,GLOBAL AGGREGATE — FRANCE CONTAMINATION POSSIBLE,LOW,Bangladesh-filtered GSC page/query export required,word/depaul.html,D,0,THIN-LEGACY,False,True,True,False,False
https://ovidhan.net/word/derive.html,derive,0,1,0.0,5.0,GLOBAL AGGREGATE — FRANCE CONTAMINATION POSSIBLE,LOW,Bangladesh-filtered GSC page/query export required,word/derive.html,B,3,REVIEW,False,True,True,False,False
https://ovidhan.net/word/emin.html,emin,0,1,0.0,5.0,GLOBAL AGGREGATE — FRANCE CONTAMINATION POSSIBLE,LOW,Bangladesh-filtered GSC page/query export required,word/emin.html,D,0,THIN-LEGACY,False,True,True,False,False
https://ovidhan.net/word/fata.html,fata,0,1,0.0,5.0,GLOBAL AGGREGATE — FRANCE CONTAMINATION POSSIBLE,LOW,Bangladesh-filtered GSC page/query export required,word/fata.html,D,0,THIN-LEGACY,False,True,True,False,False
https://ovidhan.net/word/fernandez.html,fernandez,0,1,0.0,3.0,GLOBAL AGGREGATE — FRANCE CONTAMINATION POSSIBLE,LOW,Bangladesh-filtered GSC page/query export required,word/fernandez.html,D,0,THIN-LEGACY,False,True,True,False,False
https://ovidhan.net/word/glut.html,glut,0,1,0.0,4.0,GLOBAL AGGREGATE — FRANCE CONTAMINATION POSSIBLE,LOW,Bangladesh-filtered GSC page/query export required,word/glut.html,B,3,REVIEW,False,True,True,False,False
https://ovidhan.net/word/griezmann.html,griezmann,0,1,0.0,1.0,GLOBAL AGGREGATE — FRANCE CONTAMINATION POSSIBLE,LOW,Bangladesh-filtered GSC page/query export required,word/griezmann.html,D,0,THIN-LEGACY,False,True,True,False,False
https://ovidhan.net/word/hst.html,hst,0,1,0.0,2.0,GLOBAL AGGREGATE — FRANCE CONTAMINATION POSSIBLE,LOW,Bangladesh-filtered GSC page/query export required,word/hst.html,D,0,THIN-LEGACY,False,True,True,False,False
https://ovidhan.net/word/humphrey.html,humphrey,0,1,0.0,2.0,GLOBAL AGGREGATE — FRANCE CONTAMINATION POSSIBLE,LOW,Bangladesh-filtered GSC page/query export required,word/humphrey.html,D,0,THIN-LEGACY,False,True,True,False,False
https://ovidhan.net/word/ines.html,ines,0,1,0.0,3.0,GLOBAL AGGREGATE — FRANCE CONTAMINATION POSSIBLE,LOW,Bangladesh-filtered GSC page/query export required,word/ines.html,D,0,THIN-LEGACY,False,True,True,False,False
https://ovidhan.net/word/joshi.html,joshi,0,1,0.0,5.0,GLOBAL AGGREGATE — FRANCE CONTAMINATION POSSIBLE,LOW,Bangladesh-filtered GSC page/query export required,word/joshi.html,D,0,THIN-LEGACY,False,True,True,False,False
https://ovidhan.net/word/kathy.html,kathy,0,1,0.0,5.0,GLOBAL AGGREGATE — FRANCE CONTAMINATION POSSIBLE,LOW,Bangladesh-filtered GSC page/query export required,word/kathy.html,D,0,THIN-LEGACY,False,True,True,False,False
https://ovidhan.net/word/kei.html,kei,0,1,0.0,5.0,GLOBAL AGGREGATE — FRANCE CONTAMINATION POSSIBLE,LOW,Bangladesh-filtered GSC page/query export required,word/kei.html,D,0,THIN-LEGACY,False,True,True,False,False
https://ovidhan.net/word/kingpin.html,kingpin,0,1,0.0,5.0,GLOBAL AGGREGATE — FRANCE CONTAMINATION POSSIBLE,LOW,Bangladesh-filtered GSC page/query export required,word/kingpin.html,D,0,THIN-LEGACY,False,True,True,False,False
https://ovidhan.net/word/kirkpatrick.html,kirkpatrick,0,1,0.0,3.0,GLOBAL AGGREGATE — FRANCE CONTAMINATION POSSIBLE,LOW,Bangladesh-filtered GSC page/query export required,word/kirkpatrick.html,D,0,THIN-LEGACY,False,True,True,False,False
https://ovidhan.net/word/kirkwood.html,kirkwood,0,1,0.0,4.0,GLOBAL AGGREGATE — FRANCE CONTAMINATION POSSIBLE,LOW,Bangladesh-filtered GSC page/query export required,word/kirkwood.html,D,0,THIN-LEGACY,False,True,True,False,False
https://ovidhan.net/word/kissinger.html,kissinger,0,1,0.0,2.0,GLOBAL AGGREGATE — FRANCE CONTAMINATION POSSIBLE,LOW,Bangladesh-filtered GSC page/query export required,word/kissinger.html,D,0,THIN-LEGACY,False,True,True,False,False
https://ovidhan.net/word/lagrange.html,lagrange,0,1,0.0,5.0,GLOBAL AGGREGATE — FRANCE CONTAMINATION POSSIBLE,LOW,Bangladesh-filtered GSC page/query export required,word/lagrange.html,D,0,THIN-LEGACY,False,True,True,False,False
https://ovidhan.net/word/laguardia.html,laguardia,0,1,0.0,3.0,GLOBAL AGGREGATE — FRANCE CONTAMINATION POSSIBLE,LOW,Bangladesh-filtered GSC page/query export required,word/laguardia.html,D,0,THIN-LEGACY,False,True,True,False,False
https://ovidhan.net/word/latham.html,latham,0,1,0.0,2.0,GLOBAL AGGREGATE — FRANCE CONTAMINATION POSSIBLE,LOW,Bangladesh-filtered GSC page/query export required,word/latham.html,D,0,THIN-LEGACY,False,True,True,False,False
https://ovidhan.net/word/lesley.html,lesley,0,1,0.0,1.0,GLOBAL AGGREGATE — FRANCE CONTAMINATION POSSIBLE,LOW,Bangladesh-filtered GSC page/query export required,word/lesley.html,D,0,THIN-LEGACY,False,True,True,False,False
https://ovidhan.net/word/lexington.html,lexington,0,1,0.0,4.0,GLOBAL AGGREGATE — FRANCE CONTAMINATION POSSIBLE,LOW,Bangladesh-filtered GSC page/query export required,word/lexington.html,D,0,THIN-LEGACY,False,True,True,False,False
https://ovidhan.net/word/longhorn.html,longhorn,0,1,0.0,4.0,GLOBAL AGGREGATE — FRANCE CONTAMINATION POSSIBLE,LOW,Bangladesh-filtered GSC page/query export required,word/longhorn.html,D,0,THIN-LEGACY,False,True,True,False,False
https://ovidhan.net/word/mcclintock.html,mcclintock,0,1,0.0,2.0,GLOBAL AGGREGATE — FRANCE CONTAMINATION POSSIBLE,LOW,Bangladesh-filtered GSC page/query export required,word/mcclintock.html,D,0,THIN-LEGACY,False,True,True,False,False
https://ovidhan.net/word/mcconnell.html,mcconnell,0,1,0.0,2.0,GLOBAL AGGREGATE — FRANCE CONTAMINATION POSSIBLE,LOW,Bangladesh-filtered GSC page/query export required,word/mcconnell.html,D,0,THIN-LEGACY,False,True,True,False,False
https://ovidhan.net/word/mckinley.html,mckinley,0,1,0.0,4.0,GLOBAL AGGREGATE — FRANCE CONTAMINATION POSSIBLE,LOW,Bangladesh-filtered GSC page/query export required,word/mckinley.html,D,0,THIN-LEGACY,False,True,True,False,False
https://ovidhan.net/word/mela.html,mela,0,1,0.0,2.0,GLOBAL AGGREGATE — FRANCE CONTAMINATION POSSIBLE,LOW,Bangladesh-filtered GSC page/query export required,word/mela.html,D,0,THIN-LEGACY,False,True,True,False,False
https://ovidhan.net/word/oneplus.html,oneplus,0,1,0.0,4.0,GLOBAL AGGREGATE — FRANCE CONTAMINATION POSSIBLE,LOW,Bangladesh-filtered GSC page/query export required,word/oneplus.html,D,0,THIN-LEGACY,False,True,True,False,False
https://ovidhan.net/word/payton.html,payton,0,1,0.0,5.0,GLOBAL AGGREGATE — FRANCE CONTAMINATION POSSIBLE,LOW,Bangladesh-filtered GSC page/query export required,word/payton.html,D,0,THIN-LEGACY,False,True,True,False,False
https://ovidhan.net/word/pigeon.html,pigeon,0,1,0.0,3.0,GLOBAL AGGREGATE — FRANCE CONTAMINATION POSSIBLE,LOW,Bangladesh-filtered GSC page/query export required,word/pigeon.html,D,0,THIN-LEGACY,False,True,True,False,False
https://ovidhan.net/word/pliny.html,pliny,0,1,0.0,4.0,GLOBAL AGGREGATE — FRANCE CONTAMINATION POSSIBLE,LOW,Bangladesh-filtered GSC page/query export required,word/pliny.html,D,0,THIN-LEGACY,False,True,True,False,False
https://ovidhan.net/word/ramos.html,ramos,0,1,0.0,4.0,GLOBAL AGGREGATE — FRANCE CONTAMINATION POSSIBLE,LOW,Bangladesh-filtered GSC page/query export required,word/ramos.html,D,0,THIN-LEGACY,False,True,True,False,False
https://ovidhan.net/word/rawlings.html,rawlings,0,1,0.0,3.0,GLOBAL AGGREGATE — FRANCE CONTAMINATION POSSIBLE,LOW,Bangladesh-filtered GSC page/query export required,word/rawlings.html,D,0,THIN-LEGACY,False,True,True,False,False
https://ovidhan.net/word/rialto.html,rialto,0,1,0.0,4.0,GLOBAL AGGREGATE — FRANCE CONTAMINATION POSSIBLE,LOW,Bangladesh-filtered GSC page/query export required,word/rialto.html,D,0,THIN-LEGACY,False,True,True,False,False
https://ovidhan.net/word/rko.html,rko,0,1,0.0,3.0,GLOBAL AGGREGATE — FRANCE CONTAMINATION POSSIBLE,LOW,Bangladesh-filtered GSC page/query export required,word/rko.html,D,0,THIN-LEGACY,False,True,True,False,False
https://ovidhan.net/word/rossetti.html,rossetti,0,1,0.0,2.0,GLOBAL AGGREGATE — FRANCE CONTAMINATION POSSIBLE,LOW,Bangladesh-filtered GSC page/query export required,word/rossetti.html,D,0,THIN-LEGACY,False,True,True,False,False
https://ovidhan.net/word/santander.html,santander,0,1,0.0,2.0,GLOBAL AGGREGATE — FRANCE CONTAMINATION POSSIBLE,LOW,Bangladesh-filtered GSC page/query export required,word/santander.html,D,0,THIN-LEGACY,False,True,True,False,False
https://ovidhan.net/word/schrader.html,schrader,0,1,0.0,4.0,GLOBAL AGGREGATE — FRANCE CONTAMINATION POSSIBLE,LOW,Bangladesh-filtered GSC page/query export required,word/schrader.html,D,0,THIN-LEGACY,False,True,True,False,False
https://ovidhan.net/word/schubert.html,schubert,0,1,0.0,4.0,GLOBAL AGGREGATE — FRANCE CONTAMINATION POSSIBLE,LOW,Bangladesh-filtered GSC page/query export required,word/schubert.html,D,0,THIN-LEGACY,False,True,True,False,False
https://ovidhan.net/word/sfa.html,sfa,0,1,0.0,3.0,GLOBAL AGGREGATE — FRANCE CONTAMINATION POSSIBLE,LOW,Bangladesh-filtered GSC page/query export required,word/sfa.html,D,0,THIN-LEGACY,False,True,True,False,False
https://ovidhan.net/word/shao.html,shao,0,1,0.0,3.0,GLOBAL AGGREGATE — FRANCE CONTAMINATION POSSIBLE,LOW,Bangladesh-filtered GSC page/query export required,word/shao.html,D,0,THIN-LEGACY,False,True,True,False,False
https://ovidhan.net/word/sherwin.html,sherwin,0,1,0.0,2.0,GLOBAL AGGREGATE — FRANCE CONTAMINATION POSSIBLE,LOW,Bangladesh-filtered GSC page/query export required,word/sherwin.html,D,0,THIN-LEGACY,False,True,True,False,False
https://ovidhan.net/word/stansted.html,stansted,0,1,0.0,4.0,GLOBAL AGGREGATE — FRANCE CONTAMINATION POSSIBLE,LOW,Bangladesh-filtered GSC page/query export required,word/stansted.html,D,0,THIN-LEGACY,False,True,True,False,False
https://ovidhan.net/word/sundance.html,sundance,0,1,0.0,4.0,GLOBAL AGGREGATE — FRANCE CONTAMINATION POSSIBLE,LOW,Bangladesh-filtered GSC page/query export required,word/sundance.html,D,0,THIN-LEGACY,False,True,True,False,False
https://ovidhan.net/word/sunderland.html,sunderland,0,1,0.0,4.0,GLOBAL AGGREGATE — FRANCE CONTAMINATION POSSIBLE,LOW,Bangladesh-filtered GSC page/query export required,word/sunderland.html,D,0,THIN-LEGACY,False,True,True,False,False
https://ovidhan.net/word/supremely.html,supremely,0,1,0.0,3.0,GLOBAL AGGREGATE — FRANCE CONTAMINATION POSSIBLE,LOW,Bangladesh-filtered GSC page/query export required,word/supremely.html,D,0,THIN-LEGACY,False,True,True,False,False
https://ovidhan.net/word/sven.html,sven,0,1,0.0,3.0,GLOBAL AGGREGATE — FRANCE CONTAMINATION POSSIBLE,LOW,Bangladesh-filtered GSC page/query export required,word/sven.html,D,0,THIN-LEGACY,False,True,True,False,False
https://ovidhan.net/word/temps.html,temps,0,1,0.0,4.0,GLOBAL AGGREGATE — FRANCE CONTAMINATION POSSIBLE,LOW,Bangladesh-filtered GSC page/query export required,word/temps.html,D,0,THIN-LEGACY,False,True,True,False,False
https://ovidhan.net/word/terrell.html,terrell,0,1,0.0,1.0,GLOBAL AGGREGATE — FRANCE CONTAMINATION POSSIBLE,LOW,Bangladesh-filtered GSC page/query export required,word/terrell.html,D,0,THIN-LEGACY,False,True,True,False,False
https://ovidhan.net/word/tonal.html,tonal,0,1,0.0,2.0,GLOBAL AGGREGATE — FRANCE CONTAMINATION POSSIBLE,LOW,Bangladesh-filtered GSC page/query export required,word/tonal.html,D,0,THIN-LEGACY,False,True,True,False,False
https://ovidhan.net/word/townsville.html,townsville,0,1,0.0,3.0,GLOBAL AGGREGATE — FRANCE CONTAMINATION POSSIBLE,LOW,Bangladesh-filtered GSC page/query export required,word/townsville.html,D,0,THIN-LEGACY,False,True,True,False,False
https://ovidhan.net/word/ufc.html,ufc,0,1,0.0,4.0,GLOBAL AGGREGATE — FRANCE CONTAMINATION POSSIBLE,LOW,Bangladesh-filtered GSC page/query export required,word/ufc.html,D,0,THIN-LEGACY,False,True,True,False,False
https://ovidhan.net/word/usl.html,usl,0,1,0.0,4.0,GLOBAL AGGREGATE — FRANCE CONTAMINATION POSSIBLE,LOW,Bangladesh-filtered GSC page/query export required,word/usl.html,D,0,THIN-LEGACY,False,True,True,False,False
https://ovidhan.net/word/walpole.html,walpole,0,1,0.0,3.0,GLOBAL AGGREGATE — FRANCE CONTAMINATION POSSIBLE,LOW,Bangladesh-filtered GSC page/query export required,word/walpole.html,D,0,THIN-LEGACY,False,True,True,False,False
https://ovidhan.net/word/winslow.html,winslow,0,1,0.0,3.0,GLOBAL AGGREGATE — FRANCE CONTAMINATION POSSIBLE,LOW,Bangladesh-filtered GSC page/query export required,word/winslow.html,D,0,THIN-LEGACY,False,True,True,False,False
https://ovidhan.net/word/wrs.html,wrs,0,1,0.0,2.0,GLOBAL AGGREGATE — FRANCE CONTAMINATION POSSIBLE,LOW,Bangladesh-filtered GSC page/query export required,word/wrs.html,D,0,THIN-LEGACY,False,True,True,False,False
