word,url,tier,tier_score,migration_class,static_legacy_status,global_clicks,global_impressions,global_ctr,global_position,metric_scope,country_confidence,country_data_requirement,priority_score,priority_basis
producing,https://ovidhan.net/word/producing.html,A,7,REVIEW,LEGACY — NEEDS STATIC UPGRADE,0,10,0.0,9.4,GLOBAL AGGREGATE — FRANCE CONTAMINATION POSSIBLE,LOW,Bangladesh-filtered GSC page/query export required,67.489,Phase 2B tier/quality + global impressions/position; clicks excluded from score
net,https://ovidhan.net/word/net.html,A,7,REVIEW,LEGACY — NEEDS STATIC UPGRADE,1,9,0.111111,4.78,GLOBAL AGGREGATE — FRANCE CONTAMINATION POSSIBLE,LOW,Bangladesh-filtered GSC page/query export required,67.013,Phase 2B tier/quality + global impressions/position; clicks excluded from score
translation,https://ovidhan.net/word/translation.html,A,7,REVIEW,LEGACY — NEEDS STATIC UPGRADE,1,9,0.111111,6.89,GLOBAL AGGREGATE — FRANCE CONTAMINATION POSSIBLE,LOW,Bangladesh-filtered GSC page/query export required,67.013,Phase 2B tier/quality + global impressions/position; clicks excluded from score
creating,https://ovidhan.net/word/creating.html,A,7,REVIEW,LEGACY — NEEDS STATIC UPGRADE,0,7,0.0,16.57,GLOBAL AGGREGATE — FRANCE CONTAMINATION POSSIBLE,LOW,Bangladesh-filtered GSC page/query export required,62.897,Phase 2B tier/quality + global impressions/position; clicks excluded from score
hosted,https://ovidhan.net/word/hosted.html,A,7,REVIEW,LEGACY — NEEDS STATIC UPGRADE,0,3,0.0,9.67,GLOBAL AGGREGATE — FRANCE CONTAMINATION POSSIBLE,LOW,Bangladesh-filtered GSC page/query export required,62.431,Phase 2B tier/quality + global impressions/position; clicks excluded from score
integration,https://ovidhan.net/word/integration.html,A,7,REVIEW,LEGACY — NEEDS STATIC UPGRADE,0,5,0.0,12.6,GLOBAL AGGREGATE — FRANCE CONTAMINATION POSSIBLE,LOW,Bangladesh-filtered GSC page/query export required,61.459,Phase 2B tier/quality + global impressions/position; clicks excluded from score
smaller,https://ovidhan.net/word/smaller.html,A,7,REVIEW,LEGACY — NEEDS STATIC UPGRADE,0,5,0.0,11.8,GLOBAL AGGREGATE — FRANCE CONTAMINATION POSSIBLE,LOW,Bangladesh-filtered GSC page/query export required,61.459,Phase 2B tier/quality + global impressions/position; clicks excluded from score
examples,https://ovidhan.net/word/examples.html,A,7,REVIEW,LEGACY — NEEDS STATIC UPGRADE,0,2,0.0,7.0,GLOBAL AGGREGATE — FRANCE CONTAMINATION POSSIBLE,LOW,Bangladesh-filtered GSC page/query export required,60.993,Phase 2B tier/quality + global impressions/position; clicks excluded from score
faces,https://ovidhan.net/word/faces.html,A,7,REVIEW,LEGACY — NEEDS STATIC UPGRADE,0,2,0.0,15.5,GLOBAL AGGREGATE — FRANCE CONTAMINATION POSSIBLE,LOW,Bangladesh-filtered GSC page/query export required,57.993,Phase 2B tier/quality + global impressions/position; clicks excluded from score
must,https://ovidhan.net/word/must.html,A,7,REVIEW,LEGACY — NEEDS STATIC UPGRADE,0,4,0.0,73.75,GLOBAL AGGREGATE — FRANCE CONTAMINATION POSSIBLE,LOW,Bangladesh-filtered GSC page/query export required,57.547,Phase 2B tier/quality + global impressions/position; clicks excluded from score
street,https://ovidhan.net/word/street.html,A,7,REVIEW,LEGACY — NEEDS STATIC UPGRADE,0,4,0.0,32.75,GLOBAL AGGREGATE — FRANCE CONTAMINATION POSSIBLE,LOW,Bangladesh-filtered GSC page/query export required,57.547,Phase 2B tier/quality + global impressions/position; clicks excluded from score
provision,https://ovidhan.net/word/provision.html,A,7,REVIEW,LEGACY — NEEDS STATIC UPGRADE,0,3,0.0,74.67,GLOBAL AGGREGATE — FRANCE CONTAMINATION POSSIBLE,LOW,Bangladesh-filtered GSC page/query export required,56.431,Phase 2B tier/quality + global impressions/position; clicks excluded from score
creates,https://ovidhan.net/word/creates.html,A,7,REVIEW,LEGACY — NEEDS STATIC UPGRADE,0,2,0.0,67.5,GLOBAL AGGREGATE — FRANCE CONTAMINATION POSSIBLE,LOW,Bangladesh-filtered GSC page/query export required,54.993,Phase 2B tier/quality + global impressions/position; clicks excluded from score
establish,https://ovidhan.net/word/establish.html,A,7,REVIEW,LEGACY — NEEDS STATIC UPGRADE,0,2,0.0,85.5,GLOBAL AGGREGATE — FRANCE CONTAMINATION POSSIBLE,LOW,Bangladesh-filtered GSC page/query export required,54.993,Phase 2B tier/quality + global impressions/position; clicks excluded from score
having,https://ovidhan.net/word/having.html,A,7,REVIEW,LEGACY — NEEDS STATIC UPGRADE,0,2,0.0,53.5,GLOBAL AGGREGATE — FRANCE CONTAMINATION POSSIBLE,LOW,Bangladesh-filtered GSC page/query export required,54.993,Phase 2B tier/quality + global impressions/position; clicks excluded from score
organisations,https://ovidhan.net/word/organisations.html,A,7,REVIEW,LEGACY — NEEDS STATIC UPGRADE,0,2,0.0,61.5,GLOBAL AGGREGATE — FRANCE CONTAMINATION POSSIBLE,LOW,Bangladesh-filtered GSC page/query export required,54.993,Phase 2B tier/quality + global impressions/position; clicks excluded from score
unable,https://ovidhan.net/word/unable.html,A,7,REVIEW,LEGACY — NEEDS STATIC UPGRADE,0,2,0.0,74.0,GLOBAL AGGREGATE — FRANCE CONTAMINATION POSSIBLE,LOW,Bangladesh-filtered GSC page/query export required,54.993,Phase 2B tier/quality + global impressions/position; clicks excluded from score
boots,https://ovidhan.net/word/boots.html,A,7,REVIEW,LEGACY — NEEDS STATIC UPGRADE,0,0,0,0,GLOBAL AGGREGATE — FRANCE CONTAMINATION POSSIBLE,NONE,Bangladesh-filtered GSC page/query export required,47.5,Phase 2B tier/quality + global impressions/position; clicks excluded from score
booty,https://ovidhan.net/word/booty.html,A,7,REVIEW,LEGACY — NEEDS STATIC UPGRADE,0,0,0,0,GLOBAL AGGREGATE — FRANCE CONTAMINATION POSSIBLE,NONE,Bangladesh-filtered GSC page/query export required,47.5,Phase 2B tier/quality + global impressions/position; clicks excluded from score
border,https://ovidhan.net/word/border.html,A,7,REVIEW,LEGACY — NEEDS STATIC UPGRADE,0,0,0,0,GLOBAL AGGREGATE — FRANCE CONTAMINATION POSSIBLE,NONE,Bangladesh-filtered GSC page/query export required,47.5,Phase 2B tier/quality + global impressions/position; clicks excluded from score
born,https://ovidhan.net/word/born.html,A,7,REVIEW,LEGACY — NEEDS STATIC UPGRADE,0,0,0,0,GLOBAL AGGREGATE — FRANCE CONTAMINATION POSSIBLE,NONE,Bangladesh-filtered GSC page/query export required,47.5,Phase 2B tier/quality + global impressions/position; clicks excluded from score
boss,https://ovidhan.net/word/boss.html,A,7,REVIEW,LEGACY — NEEDS STATIC UPGRADE,0,0,0,0,GLOBAL AGGREGATE — FRANCE CONTAMINATION POSSIBLE,NONE,Bangladesh-filtered GSC page/query export required,47.5,Phase 2B tier/quality + global impressions/position; clicks excluded from score
boston,https://ovidhan.net/word/boston.html,A,7,REVIEW,LEGACY — NEEDS STATIC UPGRADE,0,0,0,0,GLOBAL AGGREGATE — FRANCE CONTAMINATION POSSIBLE,NONE,Bangladesh-filtered GSC page/query export required,47.5,Phase 2B tier/quality + global impressions/position; clicks excluded from score
both,https://ovidhan.net/word/both.html,A,7,REVIEW,LEGACY — NEEDS STATIC UPGRADE,0,0,0,0,GLOBAL AGGREGATE — FRANCE CONTAMINATION POSSIBLE,NONE,Bangladesh-filtered GSC page/query export required,47.5,Phase 2B tier/quality + global impressions/position; clicks excluded from score
bottle,https://ovidhan.net/word/bottle.html,A,7,REVIEW,LEGACY — NEEDS STATIC UPGRADE,0,0,0,0,GLOBAL AGGREGATE — FRANCE CONTAMINATION POSSIBLE,NONE,Bangladesh-filtered GSC page/query export required,47.5,Phase 2B tier/quality + global impressions/position; clicks excluded from score
bottom,https://ovidhan.net/word/bottom.html,A,7,REVIEW,LEGACY — NEEDS STATIC UPGRADE,0,0,0,0,GLOBAL AGGREGATE — FRANCE CONTAMINATION POSSIBLE,NONE,Bangladesh-filtered GSC page/query export required,47.5,Phase 2B tier/quality + global impressions/position; clicks excluded from score
bought,https://ovidhan.net/word/bought.html,A,7,REVIEW,LEGACY — NEEDS STATIC UPGRADE,0,0,0,0,GLOBAL AGGREGATE — FRANCE CONTAMINATION POSSIBLE,NONE,Bangladesh-filtered GSC page/query export required,47.5,Phase 2B tier/quality + global impressions/position; clicks excluded from score
bound,https://ovidhan.net/word/bound.html,A,7,REVIEW,LEGACY — NEEDS STATIC UPGRADE,0,0,0,0,GLOBAL AGGREGATE — FRANCE CONTAMINATION POSSIBLE,NONE,Bangladesh-filtered GSC page/query export required,47.5,Phase 2B tier/quality + global impressions/position; clicks excluded from score
bowl,https://ovidhan.net/word/bowl.html,A,7,REVIEW,LEGACY — NEEDS STATIC UPGRADE,0,0,0,0,GLOBAL AGGREGATE — FRANCE CONTAMINATION POSSIBLE,NONE,Bangladesh-filtered GSC page/query export required,47.5,Phase 2B tier/quality + global impressions/position; clicks excluded from score
box,https://ovidhan.net/word/box.html,A,7,REVIEW,LEGACY — NEEDS STATIC UPGRADE,0,0,0,0,GLOBAL AGGREGATE — FRANCE CONTAMINATION POSSIBLE,NONE,Bangladesh-filtered GSC page/query export required,47.5,Phase 2B tier/quality + global impressions/position; clicks excluded from score
boxes,https://ovidhan.net/word/boxes.html,A,7,REVIEW,LEGACY — NEEDS STATIC UPGRADE,0,0,0,0,GLOBAL AGGREGATE — FRANCE CONTAMINATION POSSIBLE,NONE,Bangladesh-filtered GSC page/query export required,47.5,Phase 2B tier/quality + global impressions/position; clicks excluded from score
boy,https://ovidhan.net/word/boy.html,A,7,REVIEW,LEGACY — NEEDS STATIC UPGRADE,0,0,0,0,GLOBAL AGGREGATE — FRANCE CONTAMINATION POSSIBLE,NONE,Bangladesh-filtered GSC page/query export required,47.5,Phase 2B tier/quality + global impressions/position; clicks excluded from score
boys,https://ovidhan.net/word/boys.html,A,7,REVIEW,LEGACY — NEEDS STATIC UPGRADE,0,0,0,0,GLOBAL AGGREGATE — FRANCE CONTAMINATION POSSIBLE,NONE,Bangladesh-filtered GSC page/query export required,47.5,Phase 2B tier/quality + global impressions/position; clicks excluded from score
brain,https://ovidhan.net/word/brain.html,A,7,REVIEW,LEGACY — NEEDS STATIC UPGRADE,0,0,0,0,GLOBAL AGGREGATE — FRANCE CONTAMINATION POSSIBLE,NONE,Bangladesh-filtered GSC page/query export required,47.5,Phase 2B tier/quality + global impressions/position; clicks excluded from score
branch,https://ovidhan.net/word/branch.html,A,7,REVIEW,LEGACY — NEEDS STATIC UPGRADE,0,0,0,0,GLOBAL AGGREGATE — FRANCE CONTAMINATION POSSIBLE,NONE,Bangladesh-filtered GSC page/query export required,47.5,Phase 2B tier/quality + global impressions/position; clicks excluded from score
brand,https://ovidhan.net/word/brand.html,A,7,REVIEW,LEGACY — NEEDS STATIC UPGRADE,0,0,0,0,GLOBAL AGGREGATE — FRANCE CONTAMINATION POSSIBLE,NONE,Bangladesh-filtered GSC page/query export required,47.5,Phase 2B tier/quality + global impressions/position; clicks excluded from score
brands,https://ovidhan.net/word/brands.html,A,7,REVIEW,LEGACY — NEEDS STATIC UPGRADE,0,0,0,0,GLOBAL AGGREGATE — FRANCE CONTAMINATION POSSIBLE,NONE,Bangladesh-filtered GSC page/query export required,47.5,Phase 2B tier/quality + global impressions/position; clicks excluded from score
brass,https://ovidhan.net/word/brass.html,A,7,REVIEW,LEGACY — NEEDS STATIC UPGRADE,0,0,0,0,GLOBAL AGGREGATE — FRANCE CONTAMINATION POSSIBLE,NONE,Bangladesh-filtered GSC page/query export required,47.5,Phase 2B tier/quality + global impressions/position; clicks excluded from score
brazil,https://ovidhan.net/word/brazil.html,A,7,REVIEW,LEGACY — NEEDS STATIC UPGRADE,0,0,0,0,GLOBAL AGGREGATE — FRANCE CONTAMINATION POSSIBLE,NONE,Bangladesh-filtered GSC page/query export required,47.5,Phase 2B tier/quality + global impressions/position; clicks excluded from score
bread,https://ovidhan.net/word/bread.html,A,7,REVIEW,LEGACY — NEEDS STATIC UPGRADE,0,0,0,0,GLOBAL AGGREGATE — FRANCE CONTAMINATION POSSIBLE,NONE,Bangladesh-filtered GSC page/query export required,47.5,Phase 2B tier/quality + global impressions/position; clicks excluded from score
break,https://ovidhan.net/word/break.html,A,7,REVIEW,LEGACY — NEEDS STATIC UPGRADE,0,0,0,0,GLOBAL AGGREGATE — FRANCE CONTAMINATION POSSIBLE,NONE,Bangladesh-filtered GSC page/query export required,47.5,Phase 2B tier/quality + global impressions/position; clicks excluded from score
breakfast,https://ovidhan.net/word/breakfast.html,A,7,REVIEW,LEGACY — NEEDS STATIC UPGRADE,0,0,0,0,GLOBAL AGGREGATE — FRANCE CONTAMINATION POSSIBLE,NONE,Bangladesh-filtered GSC page/query export required,47.5,Phase 2B tier/quality + global impressions/position; clicks excluded from score
breaking,https://ovidhan.net/word/breaking.html,A,7,REVIEW,LEGACY — NEEDS STATIC UPGRADE,0,0,0,0,GLOBAL AGGREGATE — FRANCE CONTAMINATION POSSIBLE,NONE,Bangladesh-filtered GSC page/query export required,47.5,Phase 2B tier/quality + global impressions/position; clicks excluded from score
breaks,https://ovidhan.net/word/breaks.html,A,7,REVIEW,LEGACY — NEEDS STATIC UPGRADE,0,0,0,0,GLOBAL AGGREGATE — FRANCE CONTAMINATION POSSIBLE,NONE,Bangladesh-filtered GSC page/query export required,47.5,Phase 2B tier/quality + global impressions/position; clicks excluded from score
breast,https://ovidhan.net/word/breast.html,A,7,REVIEW,LEGACY — NEEDS STATIC UPGRADE,0,0,0,0,GLOBAL AGGREGATE — FRANCE CONTAMINATION POSSIBLE,NONE,Bangladesh-filtered GSC page/query export required,47.5,Phase 2B tier/quality + global impressions/position; clicks excluded from score
breasts,https://ovidhan.net/word/breasts.html,A,7,REVIEW,LEGACY — NEEDS STATIC UPGRADE,0,0,0,0,GLOBAL AGGREGATE — FRANCE CONTAMINATION POSSIBLE,NONE,Bangladesh-filtered GSC page/query export required,47.5,Phase 2B tier/quality + global impressions/position; clicks excluded from score
bridge,https://ovidhan.net/word/bridge.html,A,7,REVIEW,LEGACY — NEEDS STATIC UPGRADE,0,0,0,0,GLOBAL AGGREGATE — FRANCE CONTAMINATION POSSIBLE,NONE,Bangladesh-filtered GSC page/query export required,47.5,Phase 2B tier/quality + global impressions/position; clicks excluded from score
brief,https://ovidhan.net/word/brief.html,A,7,REVIEW,LEGACY — NEEDS STATIC UPGRADE,0,0,0,0,GLOBAL AGGREGATE — FRANCE CONTAMINATION POSSIBLE,NONE,Bangladesh-filtered GSC page/query export required,47.5,Phase 2B tier/quality + global impressions/position; clicks excluded from score
bright,https://ovidhan.net/word/bright.html,A,7,REVIEW,LEGACY — NEEDS STATIC UPGRADE,0,0,0,0,GLOBAL AGGREGATE — FRANCE CONTAMINATION POSSIBLE,NONE,Bangladesh-filtered GSC page/query export required,47.5,Phase 2B tier/quality + global impressions/position; clicks excluded from score
bring,https://ovidhan.net/word/bring.html,A,7,REVIEW,LEGACY — NEEDS STATIC UPGRADE,0,0,0,0,GLOBAL AGGREGATE — FRANCE CONTAMINATION POSSIBLE,NONE,Bangladesh-filtered GSC page/query export required,47.5,Phase 2B tier/quality + global impressions/position; clicks excluded from score
bringing,https://ovidhan.net/word/bringing.html,A,7,REVIEW,LEGACY — NEEDS STATIC UPGRADE,0,0,0,0,GLOBAL AGGREGATE — FRANCE CONTAMINATION POSSIBLE,NONE,Bangladesh-filtered GSC page/query export required,47.5,Phase 2B tier/quality + global impressions/position; clicks excluded from score
brings,https://ovidhan.net/word/brings.html,A,7,REVIEW,LEGACY — NEEDS STATIC UPGRADE,0,0,0,0,GLOBAL AGGREGATE — FRANCE CONTAMINATION POSSIBLE,NONE,Bangladesh-filtered GSC page/query export required,47.5,Phase 2B tier/quality + global impressions/position; clicks excluded from score
britain,https://ovidhan.net/word/britain.html,A,7,REVIEW,LEGACY — NEEDS STATIC UPGRADE,0,0,0,0,GLOBAL AGGREGATE — FRANCE CONTAMINATION POSSIBLE,NONE,Bangladesh-filtered GSC page/query export required,47.5,Phase 2B tier/quality + global impressions/position; clicks excluded from score
british,https://ovidhan.net/word/british.html,A,7,REVIEW,LEGACY — NEEDS STATIC UPGRADE,0,0,0,0,GLOBAL AGGREGATE — FRANCE CONTAMINATION POSSIBLE,NONE,Bangladesh-filtered GSC page/query export required,47.5,Phase 2B tier/quality + global impressions/position; clicks excluded from score
broad,https://ovidhan.net/word/broad.html,A,7,REVIEW,LEGACY — NEEDS STATIC UPGRADE,0,0,0,0,GLOBAL AGGREGATE — FRANCE CONTAMINATION POSSIBLE,NONE,Bangladesh-filtered GSC page/query export required,47.5,Phase 2B tier/quality + global impressions/position; clicks excluded from score
broadband,https://ovidhan.net/word/broadband.html,A,7,REVIEW,LEGACY — NEEDS STATIC UPGRADE,0,0,0,0,GLOBAL AGGREGATE — FRANCE CONTAMINATION POSSIBLE,NONE,Bangladesh-filtered GSC page/query export required,47.5,Phase 2B tier/quality + global impressions/position; clicks excluded from score
broadcast,https://ovidhan.net/word/broadcast.html,A,7,REVIEW,LEGACY — NEEDS STATIC UPGRADE,0,0,0,0,GLOBAL AGGREGATE — FRANCE CONTAMINATION POSSIBLE,NONE,Bangladesh-filtered GSC page/query export required,47.5,Phase 2B tier/quality + global impressions/position; clicks excluded from score
broken,https://ovidhan.net/word/broken.html,A,7,REVIEW,LEGACY — NEEDS STATIC UPGRADE,0,0,0,0,GLOBAL AGGREGATE — FRANCE CONTAMINATION POSSIBLE,NONE,Bangladesh-filtered GSC page/query export required,47.5,Phase 2B tier/quality + global impressions/position; clicks excluded from score
broker,https://ovidhan.net/word/broker.html,A,7,REVIEW,LEGACY — NEEDS STATIC UPGRADE,0,0,0,0,GLOBAL AGGREGATE — FRANCE CONTAMINATION POSSIBLE,NONE,Bangladesh-filtered GSC page/query export required,47.5,Phase 2B tier/quality + global impressions/position; clicks excluded from score
brother,https://ovidhan.net/word/brother.html,A,7,REVIEW,LEGACY — NEEDS STATIC UPGRADE,0,0,0,0,GLOBAL AGGREGATE — FRANCE CONTAMINATION POSSIBLE,NONE,Bangladesh-filtered GSC page/query export required,47.5,Phase 2B tier/quality + global impressions/position; clicks excluded from score
brothers,https://ovidhan.net/word/brothers.html,A,7,REVIEW,LEGACY — NEEDS STATIC UPGRADE,0,0,0,0,GLOBAL AGGREGATE — FRANCE CONTAMINATION POSSIBLE,NONE,Bangladesh-filtered GSC page/query export required,47.5,Phase 2B tier/quality + global impressions/position; clicks excluded from score
brought,https://ovidhan.net/word/brought.html,A,7,REVIEW,LEGACY — NEEDS STATIC UPGRADE,0,0,0,0,GLOBAL AGGREGATE — FRANCE CONTAMINATION POSSIBLE,NONE,Bangladesh-filtered GSC page/query export required,47.5,Phase 2B tier/quality + global impressions/position; clicks excluded from score
brown,https://ovidhan.net/word/brown.html,A,7,REVIEW,LEGACY — NEEDS STATIC UPGRADE,0,0,0,0,GLOBAL AGGREGATE — FRANCE CONTAMINATION POSSIBLE,NONE,Bangladesh-filtered GSC page/query export required,47.5,Phase 2B tier/quality + global impressions/position; clicks excluded from score
browse,https://ovidhan.net/word/browse.html,A,7,REVIEW,LEGACY — NEEDS STATIC UPGRADE,0,0,0,0,GLOBAL AGGREGATE — FRANCE CONTAMINATION POSSIBLE,NONE,Bangladesh-filtered GSC page/query export required,47.5,Phase 2B tier/quality + global impressions/position; clicks excluded from score
browser,https://ovidhan.net/word/browser.html,A,7,REVIEW,LEGACY — NEEDS STATIC UPGRADE,0,0,0,0,GLOBAL AGGREGATE — FRANCE CONTAMINATION POSSIBLE,NONE,Bangladesh-filtered GSC page/query export required,47.5,Phase 2B tier/quality + global impressions/position; clicks excluded from score
bruce,https://ovidhan.net/word/bruce.html,A,7,REVIEW,LEGACY — NEEDS STATIC UPGRADE,0,0,0,0,GLOBAL AGGREGATE — FRANCE CONTAMINATION POSSIBLE,NONE,Bangladesh-filtered GSC page/query export required,47.5,Phase 2B tier/quality + global impressions/position; clicks excluded from score
buddy,https://ovidhan.net/word/buddy.html,A,7,REVIEW,LEGACY — NEEDS STATIC UPGRADE,0,0,0,0,GLOBAL AGGREGATE — FRANCE CONTAMINATION POSSIBLE,NONE,Bangladesh-filtered GSC page/query export required,47.5,Phase 2B tier/quality + global impressions/position; clicks excluded from score
budget,https://ovidhan.net/word/budget.html,A,7,REVIEW,LEGACY — NEEDS STATIC UPGRADE,0,0,0,0,GLOBAL AGGREGATE — FRANCE CONTAMINATION POSSIBLE,NONE,Bangladesh-filtered GSC page/query export required,47.5,Phase 2B tier/quality + global impressions/position; clicks excluded from score
buffalo,https://ovidhan.net/word/buffalo.html,A,7,REVIEW,LEGACY — NEEDS STATIC UPGRADE,0,0,0,0,GLOBAL AGGREGATE — FRANCE CONTAMINATION POSSIBLE,NONE,Bangladesh-filtered GSC page/query export required,47.5,Phase 2B tier/quality + global impressions/position; clicks excluded from score
buffer,https://ovidhan.net/word/buffer.html,A,7,REVIEW,LEGACY — NEEDS STATIC UPGRADE,0,0,0,0,GLOBAL AGGREGATE — FRANCE CONTAMINATION POSSIBLE,NONE,Bangladesh-filtered GSC page/query export required,47.5,Phase 2B tier/quality + global impressions/position; clicks excluded from score
bug,https://ovidhan.net/word/bug.html,A,7,REVIEW,LEGACY — NEEDS STATIC UPGRADE,0,0,0,0,GLOBAL AGGREGATE — FRANCE CONTAMINATION POSSIBLE,NONE,Bangladesh-filtered GSC page/query export required,47.5,Phase 2B tier/quality + global impressions/position; clicks excluded from score
bugs,https://ovidhan.net/word/bugs.html,A,7,REVIEW,LEGACY — NEEDS STATIC UPGRADE,0,0,0,0,GLOBAL AGGREGATE — FRANCE CONTAMINATION POSSIBLE,NONE,Bangladesh-filtered GSC page/query export required,47.5,Phase 2B tier/quality + global impressions/position; clicks excluded from score
build,https://ovidhan.net/word/build.html,A,7,REVIEW,LEGACY — NEEDS STATIC UPGRADE,0,0,0,0,GLOBAL AGGREGATE — FRANCE CONTAMINATION POSSIBLE,NONE,Bangladesh-filtered GSC page/query export required,47.5,Phase 2B tier/quality + global impressions/position; clicks excluded from score
builder,https://ovidhan.net/word/builder.html,A,7,REVIEW,LEGACY — NEEDS STATIC UPGRADE,0,0,0,0,GLOBAL AGGREGATE — FRANCE CONTAMINATION POSSIBLE,NONE,Bangladesh-filtered GSC page/query export required,47.5,Phase 2B tier/quality + global impressions/position; clicks excluded from score
building,https://ovidhan.net/word/building.html,A,7,REVIEW,LEGACY — NEEDS STATIC UPGRADE,0,0,0,0,GLOBAL AGGREGATE — FRANCE CONTAMINATION POSSIBLE,NONE,Bangladesh-filtered GSC page/query export required,47.5,Phase 2B tier/quality + global impressions/position; clicks excluded from score
buildings,https://ovidhan.net/word/buildings.html,A,7,REVIEW,LEGACY — NEEDS STATIC UPGRADE,0,0,0,0,GLOBAL AGGREGATE — FRANCE CONTAMINATION POSSIBLE,NONE,Bangladesh-filtered GSC page/query export required,47.5,Phase 2B tier/quality + global impressions/position; clicks excluded from score
built,https://ovidhan.net/word/built.html,A,7,REVIEW,LEGACY — NEEDS STATIC UPGRADE,0,0,0,0,GLOBAL AGGREGATE — FRANCE CONTAMINATION POSSIBLE,NONE,Bangladesh-filtered GSC page/query export required,47.5,Phase 2B tier/quality + global impressions/position; clicks excluded from score
bulgaria,https://ovidhan.net/word/bulgaria.html,A,7,REVIEW,LEGACY — NEEDS STATIC UPGRADE,0,0,0,0,GLOBAL AGGREGATE — FRANCE CONTAMINATION POSSIBLE,NONE,Bangladesh-filtered GSC page/query export required,47.5,Phase 2B tier/quality + global impressions/position; clicks excluded from score
bulk,https://ovidhan.net/word/bulk.html,A,7,REVIEW,LEGACY — NEEDS STATIC UPGRADE,0,0,0,0,GLOBAL AGGREGATE — FRANCE CONTAMINATION POSSIBLE,NONE,Bangladesh-filtered GSC page/query export required,47.5,Phase 2B tier/quality + global impressions/position; clicks excluded from score
bulletin,https://ovidhan.net/word/bulletin.html,A,7,REVIEW,LEGACY — NEEDS STATIC UPGRADE,0,0,0,0,GLOBAL AGGREGATE — FRANCE CONTAMINATION POSSIBLE,NONE,Bangladesh-filtered GSC page/query export required,47.5,Phase 2B tier/quality + global impressions/position; clicks excluded from score
bureau,https://ovidhan.net/word/bureau.html,A,7,REVIEW,LEGACY — NEEDS STATIC UPGRADE,0,0,0,0,GLOBAL AGGREGATE — FRANCE CONTAMINATION POSSIBLE,NONE,Bangladesh-filtered GSC page/query export required,47.5,Phase 2B tier/quality + global impressions/position; clicks excluded from score
burn,https://ovidhan.net/word/burn.html,A,7,REVIEW,LEGACY — NEEDS STATIC UPGRADE,0,0,0,0,GLOBAL AGGREGATE — FRANCE CONTAMINATION POSSIBLE,NONE,Bangladesh-filtered GSC page/query export required,47.5,Phase 2B tier/quality + global impressions/position; clicks excluded from score
burning,https://ovidhan.net/word/burning.html,A,7,REVIEW,LEGACY — NEEDS STATIC UPGRADE,0,0,0,0,GLOBAL AGGREGATE — FRANCE CONTAMINATION POSSIBLE,NONE,Bangladesh-filtered GSC page/query export required,47.5,Phase 2B tier/quality + global impressions/position; clicks excluded from score
bus,https://ovidhan.net/word/bus.html,A,7,REVIEW,LEGACY — NEEDS STATIC UPGRADE,0,0,0,0,GLOBAL AGGREGATE — FRANCE CONTAMINATION POSSIBLE,NONE,Bangladesh-filtered GSC page/query export required,47.5,Phase 2B tier/quality + global impressions/position; clicks excluded from score
bush,https://ovidhan.net/word/bush.html,A,7,REVIEW,LEGACY — NEEDS STATIC UPGRADE,0,0,0,0,GLOBAL AGGREGATE — FRANCE CONTAMINATION POSSIBLE,NONE,Bangladesh-filtered GSC page/query export required,47.5,Phase 2B tier/quality + global impressions/position; clicks excluded from score
business,https://ovidhan.net/word/business.html,A,7,REVIEW,LEGACY — NEEDS STATIC UPGRADE,0,0,0,0,GLOBAL AGGREGATE — FRANCE CONTAMINATION POSSIBLE,NONE,Bangladesh-filtered GSC page/query export required,47.5,Phase 2B tier/quality + global impressions/position; clicks excluded from score
businesses,https://ovidhan.net/word/businesses.html,A,7,REVIEW,LEGACY — NEEDS STATIC UPGRADE,0,0,0,0,GLOBAL AGGREGATE — FRANCE CONTAMINATION POSSIBLE,NONE,Bangladesh-filtered GSC page/query export required,47.5,Phase 2B tier/quality + global impressions/position; clicks excluded from score
busy,https://ovidhan.net/word/busy.html,A,7,REVIEW,LEGACY — NEEDS STATIC UPGRADE,0,0,0,0,GLOBAL AGGREGATE — FRANCE CONTAMINATION POSSIBLE,NONE,Bangladesh-filtered GSC page/query export required,47.5,Phase 2B tier/quality + global impressions/position; clicks excluded from score
but,https://ovidhan.net/word/but.html,A,7,REVIEW,LEGACY — NEEDS STATIC UPGRADE,0,0,0,0,GLOBAL AGGREGATE — FRANCE CONTAMINATION POSSIBLE,NONE,Bangladesh-filtered GSC page/query export required,47.5,Phase 2B tier/quality + global impressions/position; clicks excluded from score
butt,https://ovidhan.net/word/butt.html,A,7,REVIEW,LEGACY — NEEDS STATIC UPGRADE,0,0,0,0,GLOBAL AGGREGATE — FRANCE CONTAMINATION POSSIBLE,NONE,Bangladesh-filtered GSC page/query export required,47.5,Phase 2B tier/quality + global impressions/position; clicks excluded from score
button,https://ovidhan.net/word/button.html,A,7,REVIEW,LEGACY — NEEDS STATIC UPGRADE,0,0,0,0,GLOBAL AGGREGATE — FRANCE CONTAMINATION POSSIBLE,NONE,Bangladesh-filtered GSC page/query export required,47.5,Phase 2B tier/quality + global impressions/position; clicks excluded from score
buttons,https://ovidhan.net/word/buttons.html,A,7,REVIEW,LEGACY — NEEDS STATIC UPGRADE,0,0,0,0,GLOBAL AGGREGATE — FRANCE CONTAMINATION POSSIBLE,NONE,Bangladesh-filtered GSC page/query export required,47.5,Phase 2B tier/quality + global impressions/position; clicks excluded from score
buy,https://ovidhan.net/word/buy.html,A,7,REVIEW,LEGACY — NEEDS STATIC UPGRADE,0,0,0,0,GLOBAL AGGREGATE — FRANCE CONTAMINATION POSSIBLE,NONE,Bangladesh-filtered GSC page/query export required,47.5,Phase 2B tier/quality + global impressions/position; clicks excluded from score
buyer,https://ovidhan.net/word/buyer.html,A,7,REVIEW,LEGACY — NEEDS STATIC UPGRADE,0,0,0,0,GLOBAL AGGREGATE — FRANCE CONTAMINATION POSSIBLE,NONE,Bangladesh-filtered GSC page/query export required,47.5,Phase 2B tier/quality + global impressions/position; clicks excluded from score
buyers,https://ovidhan.net/word/buyers.html,A,7,REVIEW,LEGACY — NEEDS STATIC UPGRADE,0,0,0,0,GLOBAL AGGREGATE — FRANCE CONTAMINATION POSSIBLE,NONE,Bangladesh-filtered GSC page/query export required,47.5,Phase 2B tier/quality + global impressions/position; clicks excluded from score
buying,https://ovidhan.net/word/buying.html,A,7,REVIEW,LEGACY — NEEDS STATIC UPGRADE,0,0,0,0,GLOBAL AGGREGATE — FRANCE CONTAMINATION POSSIBLE,NONE,Bangladesh-filtered GSC page/query export required,47.5,Phase 2B tier/quality + global impressions/position; clicks excluded from score
by,https://ovidhan.net/word/by.html,A,7,REVIEW,LEGACY — NEEDS STATIC UPGRADE,0,0,0,0,GLOBAL AGGREGATE — FRANCE CONTAMINATION POSSIBLE,NONE,Bangladesh-filtered GSC page/query export required,47.5,Phase 2B tier/quality + global impressions/position; clicks excluded from score
bytes,https://ovidhan.net/word/bytes.html,A,7,REVIEW,LEGACY — NEEDS STATIC UPGRADE,0,0,0,0,GLOBAL AGGREGATE — FRANCE CONTAMINATION POSSIBLE,NONE,Bangladesh-filtered GSC page/query export required,47.5,Phase 2B tier/quality + global impressions/position; clicks excluded from score
c,https://ovidhan.net/word/c.html,A,7,REVIEW,LEGACY — NEEDS STATIC UPGRADE,0,0,0,0,GLOBAL AGGREGATE — FRANCE CONTAMINATION POSSIBLE,NONE,Bangladesh-filtered GSC page/query export required,47.5,Phase 2B tier/quality + global impressions/position; clicks excluded from score
cabinet,https://ovidhan.net/word/cabinet.html,A,7,REVIEW,LEGACY — NEEDS STATIC UPGRADE,0,0,0,0,GLOBAL AGGREGATE — FRANCE CONTAMINATION POSSIBLE,NONE,Bangladesh-filtered GSC page/query export required,47.5,Phase 2B tier/quality + global impressions/position; clicks excluded from score
cable,https://ovidhan.net/word/cable.html,A,7,REVIEW,LEGACY — NEEDS STATIC UPGRADE,0,0,0,0,GLOBAL AGGREGATE — FRANCE CONTAMINATION POSSIBLE,NONE,Bangladesh-filtered GSC page/query export required,47.5,Phase 2B tier/quality + global impressions/position; clicks excluded from score
cables,https://ovidhan.net/word/cables.html,A,7,REVIEW,LEGACY — NEEDS STATIC UPGRADE,0,0,0,0,GLOBAL AGGREGATE — FRANCE CONTAMINATION POSSIBLE,NONE,Bangladesh-filtered GSC page/query export required,47.5,Phase 2B tier/quality + global impressions/position; clicks excluded from score
cache,https://ovidhan.net/word/cache.html,A,7,REVIEW,LEGACY — NEEDS STATIC UPGRADE,0,0,0,0,GLOBAL AGGREGATE — FRANCE CONTAMINATION POSSIBLE,NONE,Bangladesh-filtered GSC page/query export required,47.5,Phase 2B tier/quality + global impressions/position; clicks excluded from score
cafe,https://ovidhan.net/word/cafe.html,A,7,REVIEW,LEGACY — NEEDS STATIC UPGRADE,0,0,0,0,GLOBAL AGGREGATE — FRANCE CONTAMINATION POSSIBLE,NONE,Bangladesh-filtered GSC page/query export required,47.5,Phase 2B tier/quality + global impressions/position; clicks excluded from score
cake,https://ovidhan.net/word/cake.html,A,7,REVIEW,LEGACY — NEEDS STATIC UPGRADE,0,0,0,0,GLOBAL AGGREGATE — FRANCE CONTAMINATION POSSIBLE,NONE,Bangladesh-filtered GSC page/query export required,47.5,Phase 2B tier/quality + global impressions/position; clicks excluded from score
calculate,https://ovidhan.net/word/calculate.html,A,7,REVIEW,LEGACY — NEEDS STATIC UPGRADE,0,0,0,0,GLOBAL AGGREGATE — FRANCE CONTAMINATION POSSIBLE,NONE,Bangladesh-filtered GSC page/query export required,47.5,Phase 2B tier/quality + global impressions/position; clicks excluded from score
calculated,https://ovidhan.net/word/calculated.html,A,7,REVIEW,LEGACY — NEEDS STATIC UPGRADE,0,0,0,0,GLOBAL AGGREGATE — FRANCE CONTAMINATION POSSIBLE,NONE,Bangladesh-filtered GSC page/query export required,47.5,Phase 2B tier/quality + global impressions/position; clicks excluded from score
calculator,https://ovidhan.net/word/calculator.html,A,7,REVIEW,LEGACY — NEEDS STATIC UPGRADE,0,0,0,0,GLOBAL AGGREGATE — FRANCE CONTAMINATION POSSIBLE,NONE,Bangladesh-filtered GSC page/query export required,47.5,Phase 2B tier/quality + global impressions/position; clicks excluded from score
calendar,https://ovidhan.net/word/calendar.html,A,7,REVIEW,LEGACY — NEEDS STATIC UPGRADE,0,0,0,0,GLOBAL AGGREGATE — FRANCE CONTAMINATION POSSIBLE,NONE,Bangladesh-filtered GSC page/query export required,47.5,Phase 2B tier/quality + global impressions/position; clicks excluded from score
california,https://ovidhan.net/word/california.html,A,7,REVIEW,LEGACY — NEEDS STATIC UPGRADE,0,0,0,0,GLOBAL AGGREGATE — FRANCE CONTAMINATION POSSIBLE,NONE,Bangladesh-filtered GSC page/query export required,47.5,Phase 2B tier/quality + global impressions/position; clicks excluded from score
call,https://ovidhan.net/word/call.html,A,7,REVIEW,LEGACY — NEEDS STATIC UPGRADE,0,0,0,0,GLOBAL AGGREGATE — FRANCE CONTAMINATION POSSIBLE,NONE,Bangladesh-filtered GSC page/query export required,47.5,Phase 2B tier/quality + global impressions/position; clicks excluded from score
called,https://ovidhan.net/word/called.html,A,7,REVIEW,LEGACY — NEEDS STATIC UPGRADE,0,0,0,0,GLOBAL AGGREGATE — FRANCE CONTAMINATION POSSIBLE,NONE,Bangladesh-filtered GSC page/query export required,47.5,Phase 2B tier/quality + global impressions/position; clicks excluded from score
calling,https://ovidhan.net/word/calling.html,A,7,REVIEW,LEGACY — NEEDS STATIC UPGRADE,0,0,0,0,GLOBAL AGGREGATE — FRANCE CONTAMINATION POSSIBLE,NONE,Bangladesh-filtered GSC page/query export required,47.5,Phase 2B tier/quality + global impressions/position; clicks excluded from score
calls,https://ovidhan.net/word/calls.html,A,7,REVIEW,LEGACY — NEEDS STATIC UPGRADE,0,0,0,0,GLOBAL AGGREGATE — FRANCE CONTAMINATION POSSIBLE,NONE,Bangladesh-filtered GSC page/query export required,47.5,Phase 2B tier/quality + global impressions/position; clicks excluded from score
cam,https://ovidhan.net/word/cam.html,A,7,REVIEW,LEGACY — NEEDS STATIC UPGRADE,0,0,0,0,GLOBAL AGGREGATE — FRANCE CONTAMINATION POSSIBLE,NONE,Bangladesh-filtered GSC page/query export required,47.5,Phase 2B tier/quality + global impressions/position; clicks excluded from score
cambridge,https://ovidhan.net/word/cambridge.html,A,7,REVIEW,LEGACY — NEEDS STATIC UPGRADE,0,0,0,0,GLOBAL AGGREGATE — FRANCE CONTAMINATION POSSIBLE,NONE,Bangladesh-filtered GSC page/query export required,47.5,Phase 2B tier/quality + global impressions/position; clicks excluded from score
camcorder,https://ovidhan.net/word/camcorder.html,A,7,REVIEW,LEGACY — NEEDS STATIC UPGRADE,0,0,0,0,GLOBAL AGGREGATE — FRANCE CONTAMINATION POSSIBLE,NONE,Bangladesh-filtered GSC page/query export required,47.5,Phase 2B tier/quality + global impressions/position; clicks excluded from score
came,https://ovidhan.net/word/came.html,A,7,REVIEW,LEGACY — NEEDS STATIC UPGRADE,0,0,0,0,GLOBAL AGGREGATE — FRANCE CONTAMINATION POSSIBLE,NONE,Bangladesh-filtered GSC page/query export required,47.5,Phase 2B tier/quality + global impressions/position; clicks excluded from score
camera,https://ovidhan.net/word/camera.html,A,7,REVIEW,LEGACY — NEEDS STATIC UPGRADE,0,0,0,0,GLOBAL AGGREGATE — FRANCE CONTAMINATION POSSIBLE,NONE,Bangladesh-filtered GSC page/query export required,47.5,Phase 2B tier/quality + global impressions/position; clicks excluded from score
cameras,https://ovidhan.net/word/cameras.html,A,7,REVIEW,LEGACY — NEEDS STATIC UPGRADE,0,0,0,0,GLOBAL AGGREGATE — FRANCE CONTAMINATION POSSIBLE,NONE,Bangladesh-filtered GSC page/query export required,47.5,Phase 2B tier/quality + global impressions/position; clicks excluded from score
camp,https://ovidhan.net/word/camp.html,A,7,REVIEW,LEGACY — NEEDS STATIC UPGRADE,0,0,0,0,GLOBAL AGGREGATE — FRANCE CONTAMINATION POSSIBLE,NONE,Bangladesh-filtered GSC page/query export required,47.5,Phase 2B tier/quality + global impressions/position; clicks excluded from score
campaign,https://ovidhan.net/word/campaign.html,A,7,REVIEW,LEGACY — NEEDS STATIC UPGRADE,0,0,0,0,GLOBAL AGGREGATE — FRANCE CONTAMINATION POSSIBLE,NONE,Bangladesh-filtered GSC page/query export required,47.5,Phase 2B tier/quality + global impressions/position; clicks excluded from score
campbell,https://ovidhan.net/word/campbell.html,A,7,REVIEW,LEGACY — NEEDS STATIC UPGRADE,0,0,0,0,GLOBAL AGGREGATE — FRANCE CONTAMINATION POSSIBLE,NONE,Bangladesh-filtered GSC page/query export required,47.5,Phase 2B tier/quality + global impressions/position; clicks excluded from score
camping,https://ovidhan.net/word/camping.html,A,7,REVIEW,LEGACY — NEEDS STATIC UPGRADE,0,0,0,0,GLOBAL AGGREGATE — FRANCE CONTAMINATION POSSIBLE,NONE,Bangladesh-filtered GSC page/query export required,47.5,Phase 2B tier/quality + global impressions/position; clicks excluded from score
campus,https://ovidhan.net/word/campus.html,A,7,REVIEW,LEGACY — NEEDS STATIC UPGRADE,0,0,0,0,GLOBAL AGGREGATE — FRANCE CONTAMINATION POSSIBLE,NONE,Bangladesh-filtered GSC page/query export required,47.5,Phase 2B tier/quality + global impressions/position; clicks excluded from score
can,https://ovidhan.net/word/can.html,A,7,REVIEW,LEGACY — NEEDS STATIC UPGRADE,0,0,0,0,GLOBAL AGGREGATE — FRANCE CONTAMINATION POSSIBLE,NONE,Bangladesh-filtered GSC page/query export required,47.5,Phase 2B tier/quality + global impressions/position; clicks excluded from score
canada,https://ovidhan.net/word/canada.html,A,7,REVIEW,LEGACY — NEEDS STATIC UPGRADE,0,0,0,0,GLOBAL AGGREGATE — FRANCE CONTAMINATION POSSIBLE,NONE,Bangladesh-filtered GSC page/query export required,47.5,Phase 2B tier/quality + global impressions/position; clicks excluded from score
canadian,https://ovidhan.net/word/canadian.html,A,7,REVIEW,LEGACY — NEEDS STATIC UPGRADE,0,0,0,0,GLOBAL AGGREGATE — FRANCE CONTAMINATION POSSIBLE,NONE,Bangladesh-filtered GSC page/query export required,47.5,Phase 2B tier/quality + global impressions/position; clicks excluded from score
cancel,https://ovidhan.net/word/cancel.html,A,7,REVIEW,LEGACY — NEEDS STATIC UPGRADE,0,0,0,0,GLOBAL AGGREGATE — FRANCE CONTAMINATION POSSIBLE,NONE,Bangladesh-filtered GSC page/query export required,47.5,Phase 2B tier/quality + global impressions/position; clicks excluded from score
cancer,https://ovidhan.net/word/cancer.html,A,7,REVIEW,LEGACY — NEEDS STATIC UPGRADE,0,0,0,0,GLOBAL AGGREGATE — FRANCE CONTAMINATION POSSIBLE,NONE,Bangladesh-filtered GSC page/query export required,47.5,Phase 2B tier/quality + global impressions/position; clicks excluded from score
candidate,https://ovidhan.net/word/candidate.html,A,7,REVIEW,LEGACY — NEEDS STATIC UPGRADE,0,0,0,0,GLOBAL AGGREGATE — FRANCE CONTAMINATION POSSIBLE,NONE,Bangladesh-filtered GSC page/query export required,47.5,Phase 2B tier/quality + global impressions/position; clicks excluded from score
candidates,https://ovidhan.net/word/candidates.html,A,7,REVIEW,LEGACY — NEEDS STATIC UPGRADE,0,0,0,0,GLOBAL AGGREGATE — FRANCE CONTAMINATION POSSIBLE,NONE,Bangladesh-filtered GSC page/query export required,47.5,Phase 2B tier/quality + global impressions/position; clicks excluded from score
candy,https://ovidhan.net/word/candy.html,A,7,REVIEW,LEGACY — NEEDS STATIC UPGRADE,0,0,0,0,GLOBAL AGGREGATE — FRANCE CONTAMINATION POSSIBLE,NONE,Bangladesh-filtered GSC page/query export required,47.5,Phase 2B tier/quality + global impressions/position; clicks excluded from score
canon,https://ovidhan.net/word/canon.html,A,7,REVIEW,LEGACY — NEEDS STATIC UPGRADE,0,0,0,0,GLOBAL AGGREGATE — FRANCE CONTAMINATION POSSIBLE,NONE,Bangladesh-filtered GSC page/query export required,47.5,Phase 2B tier/quality + global impressions/position; clicks excluded from score
cap,https://ovidhan.net/word/cap.html,A,7,REVIEW,LEGACY — NEEDS STATIC UPGRADE,0,0,0,0,GLOBAL AGGREGATE — FRANCE CONTAMINATION POSSIBLE,NONE,Bangladesh-filtered GSC page/query export required,47.5,Phase 2B tier/quality + global impressions/position; clicks excluded from score
capabilities,https://ovidhan.net/word/capabilities.html,A,7,REVIEW,LEGACY — NEEDS STATIC UPGRADE,0,0,0,0,GLOBAL AGGREGATE — FRANCE CONTAMINATION POSSIBLE,NONE,Bangladesh-filtered GSC page/query export required,47.5,Phase 2B tier/quality + global impressions/position; clicks excluded from score
capability,https://ovidhan.net/word/capability.html,A,7,REVIEW,LEGACY — NEEDS STATIC UPGRADE,0,0,0,0,GLOBAL AGGREGATE — FRANCE CONTAMINATION POSSIBLE,NONE,Bangladesh-filtered GSC page/query export required,47.5,Phase 2B tier/quality + global impressions/position; clicks excluded from score
capable,https://ovidhan.net/word/capable.html,A,7,REVIEW,LEGACY — NEEDS STATIC UPGRADE,0,0,0,0,GLOBAL AGGREGATE — FRANCE CONTAMINATION POSSIBLE,NONE,Bangladesh-filtered GSC page/query export required,47.5,Phase 2B tier/quality + global impressions/position; clicks excluded from score
capacity,https://ovidhan.net/word/capacity.html,A,7,REVIEW,LEGACY — NEEDS STATIC UPGRADE,0,0,0,0,GLOBAL AGGREGATE — FRANCE CONTAMINATION POSSIBLE,NONE,Bangladesh-filtered GSC page/query export required,47.5,Phase 2B tier/quality + global impressions/position; clicks excluded from score
cape,https://ovidhan.net/word/cape.html,A,7,REVIEW,LEGACY — NEEDS STATIC UPGRADE,0,0,0,0,GLOBAL AGGREGATE — FRANCE CONTAMINATION POSSIBLE,NONE,Bangladesh-filtered GSC page/query export required,47.5,Phase 2B tier/quality + global impressions/position; clicks excluded from score
capital,https://ovidhan.net/word/capital.html,A,7,REVIEW,LEGACY — NEEDS STATIC UPGRADE,0,0,0,0,GLOBAL AGGREGATE — FRANCE CONTAMINATION POSSIBLE,NONE,Bangladesh-filtered GSC page/query export required,47.5,Phase 2B tier/quality + global impressions/position; clicks excluded from score
captain,https://ovidhan.net/word/captain.html,A,7,REVIEW,LEGACY — NEEDS STATIC UPGRADE,0,0,0,0,GLOBAL AGGREGATE — FRANCE CONTAMINATION POSSIBLE,NONE,Bangladesh-filtered GSC page/query export required,47.5,Phase 2B tier/quality + global impressions/position; clicks excluded from score
capture,https://ovidhan.net/word/capture.html,A,7,REVIEW,LEGACY — NEEDS STATIC UPGRADE,0,0,0,0,GLOBAL AGGREGATE — FRANCE CONTAMINATION POSSIBLE,NONE,Bangladesh-filtered GSC page/query export required,47.5,Phase 2B tier/quality + global impressions/position; clicks excluded from score
car,https://ovidhan.net/word/car.html,A,7,REVIEW,LEGACY — NEEDS STATIC UPGRADE,0,0,0,0,GLOBAL AGGREGATE — FRANCE CONTAMINATION POSSIBLE,NONE,Bangladesh-filtered GSC page/query export required,47.5,Phase 2B tier/quality + global impressions/position; clicks excluded from score
carbon,https://ovidhan.net/word/carbon.html,A,7,REVIEW,LEGACY — NEEDS STATIC UPGRADE,0,0,0,0,GLOBAL AGGREGATE — FRANCE CONTAMINATION POSSIBLE,NONE,Bangladesh-filtered GSC page/query export required,47.5,Phase 2B tier/quality + global impressions/position; clicks excluded from score
card,https://ovidhan.net/word/card.html,A,7,REVIEW,LEGACY — NEEDS STATIC UPGRADE,0,0,0,0,GLOBAL AGGREGATE — FRANCE CONTAMINATION POSSIBLE,NONE,Bangladesh-filtered GSC page/query export required,47.5,Phase 2B tier/quality + global impressions/position; clicks excluded from score
cards,https://ovidhan.net/word/cards.html,A,7,REVIEW,LEGACY — NEEDS STATIC UPGRADE,0,0,0,0,GLOBAL AGGREGATE — FRANCE CONTAMINATION POSSIBLE,NONE,Bangladesh-filtered GSC page/query export required,47.5,Phase 2B tier/quality + global impressions/position; clicks excluded from score
care,https://ovidhan.net/word/care.html,A,7,REVIEW,LEGACY — NEEDS STATIC UPGRADE,0,0,0,0,GLOBAL AGGREGATE — FRANCE CONTAMINATION POSSIBLE,NONE,Bangladesh-filtered GSC page/query export required,47.5,Phase 2B tier/quality + global impressions/position; clicks excluded from score
career,https://ovidhan.net/word/career.html,A,7,REVIEW,LEGACY — NEEDS STATIC UPGRADE,0,0,0,0,GLOBAL AGGREGATE — FRANCE CONTAMINATION POSSIBLE,NONE,Bangladesh-filtered GSC page/query export required,47.5,Phase 2B tier/quality + global impressions/position; clicks excluded from score
careers,https://ovidhan.net/word/careers.html,A,7,REVIEW,LEGACY — NEEDS STATIC UPGRADE,0,0,0,0,GLOBAL AGGREGATE — FRANCE CONTAMINATION POSSIBLE,NONE,Bangladesh-filtered GSC page/query export required,47.5,Phase 2B tier/quality + global impressions/position; clicks excluded from score
carefully,https://ovidhan.net/word/carefully.html,A,7,REVIEW,LEGACY — NEEDS STATIC UPGRADE,0,0,0,0,GLOBAL AGGREGATE — FRANCE CONTAMINATION POSSIBLE,NONE,Bangladesh-filtered GSC page/query export required,47.5,Phase 2B tier/quality + global impressions/position; clicks excluded from score
caribbean,https://ovidhan.net/word/caribbean.html,A,7,REVIEW,LEGACY — NEEDS STATIC UPGRADE,0,0,0,0,GLOBAL AGGREGATE — FRANCE CONTAMINATION POSSIBLE,NONE,Bangladesh-filtered GSC page/query export required,47.5,Phase 2B tier/quality + global impressions/position; clicks excluded from score
carolina,https://ovidhan.net/word/carolina.html,A,7,REVIEW,LEGACY — NEEDS STATIC UPGRADE,0,0,0,0,GLOBAL AGGREGATE — FRANCE CONTAMINATION POSSIBLE,NONE,Bangladesh-filtered GSC page/query export required,47.5,Phase 2B tier/quality + global impressions/position; clicks excluded from score
carried,https://ovidhan.net/word/carried.html,A,7,REVIEW,LEGACY — NEEDS STATIC UPGRADE,0,0,0,0,GLOBAL AGGREGATE — FRANCE CONTAMINATION POSSIBLE,NONE,Bangladesh-filtered GSC page/query export required,47.5,Phase 2B tier/quality + global impressions/position; clicks excluded from score
carrier,https://ovidhan.net/word/carrier.html,A,7,REVIEW,LEGACY — NEEDS STATIC UPGRADE,0,0,0,0,GLOBAL AGGREGATE — FRANCE CONTAMINATION POSSIBLE,NONE,Bangladesh-filtered GSC page/query export required,47.5,Phase 2B tier/quality + global impressions/position; clicks excluded from score
carry,https://ovidhan.net/word/carry.html,A,7,REVIEW,LEGACY — NEEDS STATIC UPGRADE,0,0,0,0,GLOBAL AGGREGATE — FRANCE CONTAMINATION POSSIBLE,NONE,Bangladesh-filtered GSC page/query export required,47.5,Phase 2B tier/quality + global impressions/position; clicks excluded from score
carrying,https://ovidhan.net/word/carrying.html,A,7,REVIEW,LEGACY — NEEDS STATIC UPGRADE,0,0,0,0,GLOBAL AGGREGATE — FRANCE CONTAMINATION POSSIBLE,NONE,Bangladesh-filtered GSC page/query export required,47.5,Phase 2B tier/quality + global impressions/position; clicks excluded from score
cars,https://ovidhan.net/word/cars.html,A,7,REVIEW,LEGACY — NEEDS STATIC UPGRADE,0,0,0,0,GLOBAL AGGREGATE — FRANCE CONTAMINATION POSSIBLE,NONE,Bangladesh-filtered GSC page/query export required,47.5,Phase 2B tier/quality + global impressions/position; clicks excluded from score
cart,https://ovidhan.net/word/cart.html,A,7,REVIEW,LEGACY — NEEDS STATIC UPGRADE,0,0,0,0,GLOBAL AGGREGATE — FRANCE CONTAMINATION POSSIBLE,NONE,Bangladesh-filtered GSC page/query export required,47.5,Phase 2B tier/quality + global impressions/position; clicks excluded from score
cartoon,https://ovidhan.net/word/cartoon.html,A,7,REVIEW,LEGACY — NEEDS STATIC UPGRADE,0,0,0,0,GLOBAL AGGREGATE — FRANCE CONTAMINATION POSSIBLE,NONE,Bangladesh-filtered GSC page/query export required,47.5,Phase 2B tier/quality + global impressions/position; clicks excluded from score
cartoons,https://ovidhan.net/word/cartoons.html,A,7,REVIEW,LEGACY — NEEDS STATIC UPGRADE,0,0,0,0,GLOBAL AGGREGATE — FRANCE CONTAMINATION POSSIBLE,NONE,Bangladesh-filtered GSC page/query export required,47.5,Phase 2B tier/quality + global impressions/position; clicks excluded from score
cartridge,https://ovidhan.net/word/cartridge.html,A,7,REVIEW,LEGACY — NEEDS STATIC UPGRADE,0,0,0,0,GLOBAL AGGREGATE — FRANCE CONTAMINATION POSSIBLE,NONE,Bangladesh-filtered GSC page/query export required,47.5,Phase 2B tier/quality + global impressions/position; clicks excluded from score
case,https://ovidhan.net/word/case.html,A,7,REVIEW,LEGACY — NEEDS STATIC UPGRADE,0,0,0,0,GLOBAL AGGREGATE — FRANCE CONTAMINATION POSSIBLE,NONE,Bangladesh-filtered GSC page/query export required,47.5,Phase 2B tier/quality + global impressions/position; clicks excluded from score
cases,https://ovidhan.net/word/cases.html,A,7,REVIEW,LEGACY — NEEDS STATIC UPGRADE,0,0,0,0,GLOBAL AGGREGATE — FRANCE CONTAMINATION POSSIBLE,NONE,Bangladesh-filtered GSC page/query export required,47.5,Phase 2B tier/quality + global impressions/position; clicks excluded from score
cash,https://ovidhan.net/word/cash.html,A,7,REVIEW,LEGACY — NEEDS STATIC UPGRADE,0,0,0,0,GLOBAL AGGREGATE — FRANCE CONTAMINATION POSSIBLE,NONE,Bangladesh-filtered GSC page/query export required,47.5,Phase 2B tier/quality + global impressions/position; clicks excluded from score
casino,https://ovidhan.net/word/casino.html,A,7,REVIEW,LEGACY — NEEDS STATIC UPGRADE,0,0,0,0,GLOBAL AGGREGATE — FRANCE CONTAMINATION POSSIBLE,NONE,Bangladesh-filtered GSC page/query export required,47.5,Phase 2B tier/quality + global impressions/position; clicks excluded from score
casinos,https://ovidhan.net/word/casinos.html,A,7,REVIEW,LEGACY — NEEDS STATIC UPGRADE,0,0,0,0,GLOBAL AGGREGATE — FRANCE CONTAMINATION POSSIBLE,NONE,Bangladesh-filtered GSC page/query export required,47.5,Phase 2B tier/quality + global impressions/position; clicks excluded from score
cast,https://ovidhan.net/word/cast.html,A,7,REVIEW,LEGACY — NEEDS STATIC UPGRADE,0,0,0,0,GLOBAL AGGREGATE — FRANCE CONTAMINATION POSSIBLE,NONE,Bangladesh-filtered GSC page/query export required,47.5,Phase 2B tier/quality + global impressions/position; clicks excluded from score
castle,https://ovidhan.net/word/castle.html,A,7,REVIEW,LEGACY — NEEDS STATIC UPGRADE,0,0,0,0,GLOBAL AGGREGATE — FRANCE CONTAMINATION POSSIBLE,NONE,Bangladesh-filtered GSC page/query export required,47.5,Phase 2B tier/quality + global impressions/position; clicks excluded from score
casual,https://ovidhan.net/word/casual.html,A,7,REVIEW,LEGACY — NEEDS STATIC UPGRADE,0,0,0,0,GLOBAL AGGREGATE — FRANCE CONTAMINATION POSSIBLE,NONE,Bangladesh-filtered GSC page/query export required,47.5,Phase 2B tier/quality + global impressions/position; clicks excluded from score
cat,https://ovidhan.net/word/cat.html,A,7,REVIEW,LEGACY — NEEDS STATIC UPGRADE,0,0,0,0,GLOBAL AGGREGATE — FRANCE CONTAMINATION POSSIBLE,NONE,Bangladesh-filtered GSC page/query export required,47.5,Phase 2B tier/quality + global impressions/position; clicks excluded from score
catalog,https://ovidhan.net/word/catalog.html,A,7,REVIEW,LEGACY — NEEDS STATIC UPGRADE,0,0,0,0,GLOBAL AGGREGATE — FRANCE CONTAMINATION POSSIBLE,NONE,Bangladesh-filtered GSC page/query export required,47.5,Phase 2B tier/quality + global impressions/position; clicks excluded from score
catalogue,https://ovidhan.net/word/catalogue.html,A,7,REVIEW,LEGACY — NEEDS STATIC UPGRADE,0,0,0,0,GLOBAL AGGREGATE — FRANCE CONTAMINATION POSSIBLE,NONE,Bangladesh-filtered GSC page/query export required,47.5,Phase 2B tier/quality + global impressions/position; clicks excluded from score
catch,https://ovidhan.net/word/catch.html,A,7,REVIEW,LEGACY — NEEDS STATIC UPGRADE,0,0,0,0,GLOBAL AGGREGATE — FRANCE CONTAMINATION POSSIBLE,NONE,Bangladesh-filtered GSC page/query export required,47.5,Phase 2B tier/quality + global impressions/position; clicks excluded from score
categories,https://ovidhan.net/word/categories.html,A,7,REVIEW,LEGACY — NEEDS STATIC UPGRADE,0,0,0,0,GLOBAL AGGREGATE — FRANCE CONTAMINATION POSSIBLE,NONE,Bangladesh-filtered GSC page/query export required,47.5,Phase 2B tier/quality + global impressions/position; clicks excluded from score
category,https://ovidhan.net/word/category.html,A,7,REVIEW,LEGACY — NEEDS STATIC UPGRADE,0,0,0,0,GLOBAL AGGREGATE — FRANCE CONTAMINATION POSSIBLE,NONE,Bangladesh-filtered GSC page/query export required,47.5,Phase 2B tier/quality + global impressions/position; clicks excluded from score
catering,https://ovidhan.net/word/catering.html,A,7,REVIEW,LEGACY — NEEDS STATIC UPGRADE,0,0,0,0,GLOBAL AGGREGATE — FRANCE CONTAMINATION POSSIBLE,NONE,Bangladesh-filtered GSC page/query export required,47.5,Phase 2B tier/quality + global impressions/position; clicks excluded from score
catholic,https://ovidhan.net/word/catholic.html,A,7,REVIEW,LEGACY — NEEDS STATIC UPGRADE,0,0,0,0,GLOBAL AGGREGATE — FRANCE CONTAMINATION POSSIBLE,NONE,Bangladesh-filtered GSC page/query export required,47.5,Phase 2B tier/quality + global impressions/position; clicks excluded from score
cats,https://ovidhan.net/word/cats.html,A,7,REVIEW,LEGACY — NEEDS STATIC UPGRADE,0,0,0,0,GLOBAL AGGREGATE — FRANCE CONTAMINATION POSSIBLE,NONE,Bangladesh-filtered GSC page/query export required,47.5,Phase 2B tier/quality + global impressions/position; clicks excluded from score
caught,https://ovidhan.net/word/caught.html,A,7,REVIEW,LEGACY — NEEDS STATIC UPGRADE,0,0,0,0,GLOBAL AGGREGATE — FRANCE CONTAMINATION POSSIBLE,NONE,Bangladesh-filtered GSC page/query export required,47.5,Phase 2B tier/quality + global impressions/position; clicks excluded from score
cause,https://ovidhan.net/word/cause.html,A,7,REVIEW,LEGACY — NEEDS STATIC UPGRADE,0,0,0,0,GLOBAL AGGREGATE — FRANCE CONTAMINATION POSSIBLE,NONE,Bangladesh-filtered GSC page/query export required,47.5,Phase 2B tier/quality + global impressions/position; clicks excluded from score
caused,https://ovidhan.net/word/caused.html,A,7,REVIEW,LEGACY — NEEDS STATIC UPGRADE,0,0,0,0,GLOBAL AGGREGATE — FRANCE CONTAMINATION POSSIBLE,NONE,Bangladesh-filtered GSC page/query export required,47.5,Phase 2B tier/quality + global impressions/position; clicks excluded from score
causes,https://ovidhan.net/word/causes.html,A,7,REVIEW,LEGACY — NEEDS STATIC UPGRADE,0,0,0,0,GLOBAL AGGREGATE — FRANCE CONTAMINATION POSSIBLE,NONE,Bangladesh-filtered GSC page/query export required,47.5,Phase 2B tier/quality + global impressions/position; clicks excluded from score
cd,https://ovidhan.net/word/cd.html,A,7,REVIEW,LEGACY — NEEDS STATIC UPGRADE,0,0,0,0,GLOBAL AGGREGATE — FRANCE CONTAMINATION POSSIBLE,NONE,Bangladesh-filtered GSC page/query export required,47.5,Phase 2B tier/quality + global impressions/position; clicks excluded from score
cds,https://ovidhan.net/word/cds.html,A,7,REVIEW,LEGACY — NEEDS STATIC UPGRADE,0,0,0,0,GLOBAL AGGREGATE — FRANCE CONTAMINATION POSSIBLE,NONE,Bangladesh-filtered GSC page/query export required,47.5,Phase 2B tier/quality + global impressions/position; clicks excluded from score
celebrity,https://ovidhan.net/word/celebrity.html,A,7,REVIEW,LEGACY — NEEDS STATIC UPGRADE,0,0,0,0,GLOBAL AGGREGATE — FRANCE CONTAMINATION POSSIBLE,NONE,Bangladesh-filtered GSC page/query export required,47.5,Phase 2B tier/quality + global impressions/position; clicks excluded from score
cell,https://ovidhan.net/word/cell.html,A,7,REVIEW,LEGACY — NEEDS STATIC UPGRADE,0,0,0,0,GLOBAL AGGREGATE — FRANCE CONTAMINATION POSSIBLE,NONE,Bangladesh-filtered GSC page/query export required,47.5,Phase 2B tier/quality + global impressions/position; clicks excluded from score
cells,https://ovidhan.net/word/cells.html,A,7,REVIEW,LEGACY — NEEDS STATIC UPGRADE,0,0,0,0,GLOBAL AGGREGATE — FRANCE CONTAMINATION POSSIBLE,NONE,Bangladesh-filtered GSC page/query export required,47.5,Phase 2B tier/quality + global impressions/position; clicks excluded from score
cellular,https://ovidhan.net/word/cellular.html,A,7,REVIEW,LEGACY — NEEDS STATIC UPGRADE,0,0,0,0,GLOBAL AGGREGATE — FRANCE CONTAMINATION POSSIBLE,NONE,Bangladesh-filtered GSC page/query export required,47.5,Phase 2B tier/quality + global impressions/position; clicks excluded from score
census,https://ovidhan.net/word/census.html,A,7,REVIEW,LEGACY — NEEDS STATIC UPGRADE,0,0,0,0,GLOBAL AGGREGATE — FRANCE CONTAMINATION POSSIBLE,NONE,Bangladesh-filtered GSC page/query export required,47.5,Phase 2B tier/quality + global impressions/position; clicks excluded from score
cent,https://ovidhan.net/word/cent.html,A,7,REVIEW,LEGACY — NEEDS STATIC UPGRADE,0,0,0,0,GLOBAL AGGREGATE — FRANCE CONTAMINATION POSSIBLE,NONE,Bangladesh-filtered GSC page/query export required,47.5,Phase 2B tier/quality + global impressions/position; clicks excluded from score
center,https://ovidhan.net/word/center.html,A,7,REVIEW,LEGACY — NEEDS STATIC UPGRADE,0,0,0,0,GLOBAL AGGREGATE — FRANCE CONTAMINATION POSSIBLE,NONE,Bangladesh-filtered GSC page/query export required,47.5,Phase 2B tier/quality + global impressions/position; clicks excluded from score
centers,https://ovidhan.net/word/centers.html,A,7,REVIEW,LEGACY — NEEDS STATIC UPGRADE,0,0,0,0,GLOBAL AGGREGATE — FRANCE CONTAMINATION POSSIBLE,NONE,Bangladesh-filtered GSC page/query export required,47.5,Phase 2B tier/quality + global impressions/position; clicks excluded from score
central,https://ovidhan.net/word/central.html,A,7,REVIEW,LEGACY — NEEDS STATIC UPGRADE,0,0,0,0,GLOBAL AGGREGATE — FRANCE CONTAMINATION POSSIBLE,NONE,Bangladesh-filtered GSC page/query export required,47.5,Phase 2B tier/quality + global impressions/position; clicks excluded from score
centre,https://ovidhan.net/word/centre.html,A,7,REVIEW,LEGACY — NEEDS STATIC UPGRADE,0,0,0,0,GLOBAL AGGREGATE — FRANCE CONTAMINATION POSSIBLE,NONE,Bangladesh-filtered GSC page/query export required,47.5,Phase 2B tier/quality + global impressions/position; clicks excluded from score
centres,https://ovidhan.net/word/centres.html,A,7,REVIEW,LEGACY — NEEDS STATIC UPGRADE,0,0,0,0,GLOBAL AGGREGATE — FRANCE CONTAMINATION POSSIBLE,NONE,Bangladesh-filtered GSC page/query export required,47.5,Phase 2B tier/quality + global impressions/position; clicks excluded from score
century,https://ovidhan.net/word/century.html,A,7,REVIEW,LEGACY — NEEDS STATIC UPGRADE,0,0,0,0,GLOBAL AGGREGATE — FRANCE CONTAMINATION POSSIBLE,NONE,Bangladesh-filtered GSC page/query export required,47.5,Phase 2B tier/quality + global impressions/position; clicks excluded from score
ceo,https://ovidhan.net/word/ceo.html,A,7,REVIEW,LEGACY — NEEDS STATIC UPGRADE,0,0,0,0,GLOBAL AGGREGATE — FRANCE CONTAMINATION POSSIBLE,NONE,Bangladesh-filtered GSC page/query export required,47.5,Phase 2B tier/quality + global impressions/position; clicks excluded from score
certain,https://ovidhan.net/word/certain.html,A,7,REVIEW,LEGACY — NEEDS STATIC UPGRADE,0,0,0,0,GLOBAL AGGREGATE — FRANCE CONTAMINATION POSSIBLE,NONE,Bangladesh-filtered GSC page/query export required,47.5,Phase 2B tier/quality + global impressions/position; clicks excluded from score
certainly,https://ovidhan.net/word/certainly.html,A,7,REVIEW,LEGACY — NEEDS STATIC UPGRADE,0,0,0,0,GLOBAL AGGREGATE — FRANCE CONTAMINATION POSSIBLE,NONE,Bangladesh-filtered GSC page/query export required,47.5,Phase 2B tier/quality + global impressions/position; clicks excluded from score
certificate,https://ovidhan.net/word/certificate.html,A,7,REVIEW,LEGACY — NEEDS STATIC UPGRADE,0,0,0,0,GLOBAL AGGREGATE — FRANCE CONTAMINATION POSSIBLE,NONE,Bangladesh-filtered GSC page/query export required,47.5,Phase 2B tier/quality + global impressions/position; clicks excluded from score
certificates,https://ovidhan.net/word/certificates.html,A,7,REVIEW,LEGACY — NEEDS STATIC UPGRADE,0,0,0,0,GLOBAL AGGREGATE — FRANCE CONTAMINATION POSSIBLE,NONE,Bangladesh-filtered GSC page/query export required,47.5,Phase 2B tier/quality + global impressions/position; clicks excluded from score
certification,https://ovidhan.net/word/certification.html,A,7,REVIEW,LEGACY — NEEDS STATIC UPGRADE,0,0,0,0,GLOBAL AGGREGATE — FRANCE CONTAMINATION POSSIBLE,NONE,Bangladesh-filtered GSC page/query export required,47.5,Phase 2B tier/quality + global impressions/position; clicks excluded from score
certified,https://ovidhan.net/word/certified.html,A,7,REVIEW,LEGACY — NEEDS STATIC UPGRADE,0,0,0,0,GLOBAL AGGREGATE — FRANCE CONTAMINATION POSSIBLE,NONE,Bangladesh-filtered GSC page/query export required,47.5,Phase 2B tier/quality + global impressions/position; clicks excluded from score
chain,https://ovidhan.net/word/chain.html,A,7,REVIEW,LEGACY — NEEDS STATIC UPGRADE,0,0,0,0,GLOBAL AGGREGATE — FRANCE CONTAMINATION POSSIBLE,NONE,Bangladesh-filtered GSC page/query export required,47.5,Phase 2B tier/quality + global impressions/position; clicks excluded from score
chair,https://ovidhan.net/word/chair.html,A,7,REVIEW,LEGACY — NEEDS STATIC UPGRADE,0,0,0,0,GLOBAL AGGREGATE — FRANCE CONTAMINATION POSSIBLE,NONE,Bangladesh-filtered GSC page/query export required,47.5,Phase 2B tier/quality + global impressions/position; clicks excluded from score
chairman,https://ovidhan.net/word/chairman.html,A,7,REVIEW,LEGACY — NEEDS STATIC UPGRADE,0,0,0,0,GLOBAL AGGREGATE — FRANCE CONTAMINATION POSSIBLE,NONE,Bangladesh-filtered GSC page/query export required,47.5,Phase 2B tier/quality + global impressions/position; clicks excluded from score
chairs,https://ovidhan.net/word/chairs.html,A,7,REVIEW,LEGACY — NEEDS STATIC UPGRADE,0,0,0,0,GLOBAL AGGREGATE — FRANCE CONTAMINATION POSSIBLE,NONE,Bangladesh-filtered GSC page/query export required,47.5,Phase 2B tier/quality + global impressions/position; clicks excluded from score
challenge,https://ovidhan.net/word/challenge.html,A,7,REVIEW,LEGACY — NEEDS STATIC UPGRADE,0,0,0,0,GLOBAL AGGREGATE — FRANCE CONTAMINATION POSSIBLE,NONE,Bangladesh-filtered GSC page/query export required,47.5,Phase 2B tier/quality + global impressions/position; clicks excluded from score
challenges,https://ovidhan.net/word/challenges.html,A,7,REVIEW,LEGACY — NEEDS STATIC UPGRADE,0,0,0,0,GLOBAL AGGREGATE — FRANCE CONTAMINATION POSSIBLE,NONE,Bangladesh-filtered GSC page/query export required,47.5,Phase 2B tier/quality + global impressions/position; clicks excluded from score
chamber,https://ovidhan.net/word/chamber.html,A,7,REVIEW,LEGACY — NEEDS STATIC UPGRADE,0,0,0,0,GLOBAL AGGREGATE — FRANCE CONTAMINATION POSSIBLE,NONE,Bangladesh-filtered GSC page/query export required,47.5,Phase 2B tier/quality + global impressions/position; clicks excluded from score
champion,https://ovidhan.net/word/champion.html,A,7,REVIEW,LEGACY — NEEDS STATIC UPGRADE,0,0,0,0,GLOBAL AGGREGATE — FRANCE CONTAMINATION POSSIBLE,NONE,Bangladesh-filtered GSC page/query export required,47.5,Phase 2B tier/quality + global impressions/position; clicks excluded from score
championship,https://ovidhan.net/word/championship.html,A,7,REVIEW,LEGACY — NEEDS STATIC UPGRADE,0,0,0,0,GLOBAL AGGREGATE — FRANCE CONTAMINATION POSSIBLE,NONE,Bangladesh-filtered GSC page/query export required,47.5,Phase 2B tier/quality + global impressions/position; clicks excluded from score
chance,https://ovidhan.net/word/chance.html,A,7,REVIEW,LEGACY — NEEDS STATIC UPGRADE,0,0,0,0,GLOBAL AGGREGATE — FRANCE CONTAMINATION POSSIBLE,NONE,Bangladesh-filtered GSC page/query export required,47.5,Phase 2B tier/quality + global impressions/position; clicks excluded from score
change,https://ovidhan.net/word/change.html,A,7,REVIEW,LEGACY — NEEDS STATIC UPGRADE,0,0,0,0,GLOBAL AGGREGATE — FRANCE CONTAMINATION POSSIBLE,NONE,Bangladesh-filtered GSC page/query export required,47.5,Phase 2B tier/quality + global impressions/position; clicks excluded from score
changed,https://ovidhan.net/word/changed.html,A,7,REVIEW,LEGACY — NEEDS STATIC UPGRADE,0,0,0,0,GLOBAL AGGREGATE — FRANCE CONTAMINATION POSSIBLE,NONE,Bangladesh-filtered GSC page/query export required,47.5,Phase 2B tier/quality + global impressions/position; clicks excluded from score
changes,https://ovidhan.net/word/changes.html,A,7,REVIEW,LEGACY — NEEDS STATIC UPGRADE,0,0,0,0,GLOBAL AGGREGATE — FRANCE CONTAMINATION POSSIBLE,NONE,Bangladesh-filtered GSC page/query export required,47.5,Phase 2B tier/quality + global impressions/position; clicks excluded from score
changing,https://ovidhan.net/word/changing.html,A,7,REVIEW,LEGACY — NEEDS STATIC UPGRADE,0,0,0,0,GLOBAL AGGREGATE — FRANCE CONTAMINATION POSSIBLE,NONE,Bangladesh-filtered GSC page/query export required,47.5,Phase 2B tier/quality + global impressions/position; clicks excluded from score
channel,https://ovidhan.net/word/channel.html,A,7,REVIEW,LEGACY — NEEDS STATIC UPGRADE,0,0,0,0,GLOBAL AGGREGATE — FRANCE CONTAMINATION POSSIBLE,NONE,Bangladesh-filtered GSC page/query export required,47.5,Phase 2B tier/quality + global impressions/position; clicks excluded from score
channels,https://ovidhan.net/word/channels.html,A,7,REVIEW,LEGACY — NEEDS STATIC UPGRADE,0,0,0,0,GLOBAL AGGREGATE — FRANCE CONTAMINATION POSSIBLE,NONE,Bangladesh-filtered GSC page/query export required,47.5,Phase 2B tier/quality + global impressions/position; clicks excluded from score
chapter,https://ovidhan.net/word/chapter.html,A,7,REVIEW,LEGACY — NEEDS STATIC UPGRADE,0,0,0,0,GLOBAL AGGREGATE — FRANCE CONTAMINATION POSSIBLE,NONE,Bangladesh-filtered GSC page/query export required,47.5,Phase 2B tier/quality + global impressions/position; clicks excluded from score
char,https://ovidhan.net/word/char.html,A,7,REVIEW,LEGACY — NEEDS STATIC UPGRADE,0,0,0,0,GLOBAL AGGREGATE — FRANCE CONTAMINATION POSSIBLE,NONE,Bangladesh-filtered GSC page/query export required,47.5,Phase 2B tier/quality + global impressions/position; clicks excluded from score
character,https://ovidhan.net/word/character.html,A,7,REVIEW,LEGACY — NEEDS STATIC UPGRADE,0,0,0,0,GLOBAL AGGREGATE — FRANCE CONTAMINATION POSSIBLE,NONE,Bangladesh-filtered GSC page/query export required,47.5,Phase 2B tier/quality + global impressions/position; clicks excluded from score
characteristics,https://ovidhan.net/word/characteristics.html,A,7,REVIEW,LEGACY — NEEDS STATIC UPGRADE,0,0,0,0,GLOBAL AGGREGATE — FRANCE CONTAMINATION POSSIBLE,NONE,Bangladesh-filtered GSC page/query export required,47.5,Phase 2B tier/quality + global impressions/position; clicks excluded from score
characters,https://ovidhan.net/word/characters.html,A,7,REVIEW,LEGACY — NEEDS STATIC UPGRADE,0,0,0,0,GLOBAL AGGREGATE — FRANCE CONTAMINATION POSSIBLE,NONE,Bangladesh-filtered GSC page/query export required,47.5,Phase 2B tier/quality + global impressions/position; clicks excluded from score
charge,https://ovidhan.net/word/charge.html,A,7,REVIEW,LEGACY — NEEDS STATIC UPGRADE,0,0,0,0,GLOBAL AGGREGATE — FRANCE CONTAMINATION POSSIBLE,NONE,Bangladesh-filtered GSC page/query export required,47.5,Phase 2B tier/quality + global impressions/position; clicks excluded from score
charged,https://ovidhan.net/word/charged.html,A,7,REVIEW,LEGACY — NEEDS STATIC UPGRADE,0,0,0,0,GLOBAL AGGREGATE — FRANCE CONTAMINATION POSSIBLE,NONE,Bangladesh-filtered GSC page/query export required,47.5,Phase 2B tier/quality + global impressions/position; clicks excluded from score
charger,https://ovidhan.net/word/charger.html,A,7,REVIEW,LEGACY — NEEDS STATIC UPGRADE,0,0,0,0,GLOBAL AGGREGATE — FRANCE CONTAMINATION POSSIBLE,NONE,Bangladesh-filtered GSC page/query export required,47.5,Phase 2B tier/quality + global impressions/position; clicks excluded from score
charges,https://ovidhan.net/word/charges.html,A,7,REVIEW,LEGACY — NEEDS STATIC UPGRADE,0,0,0,0,GLOBAL AGGREGATE — FRANCE CONTAMINATION POSSIBLE,NONE,Bangladesh-filtered GSC page/query export required,47.5,Phase 2B tier/quality + global impressions/position; clicks excluded from score
charity,https://ovidhan.net/word/charity.html,A,7,REVIEW,LEGACY — NEEDS STATIC UPGRADE,0,0,0,0,GLOBAL AGGREGATE — FRANCE CONTAMINATION POSSIBLE,NONE,Bangladesh-filtered GSC page/query export required,47.5,Phase 2B tier/quality + global impressions/position; clicks excluded from score
charles,https://ovidhan.net/word/charles.html,A,7,REVIEW,LEGACY — NEEDS STATIC UPGRADE,0,0,0,0,GLOBAL AGGREGATE — FRANCE CONTAMINATION POSSIBLE,NONE,Bangladesh-filtered GSC page/query export required,47.5,Phase 2B tier/quality + global impressions/position; clicks excluded from score
charlotte,https://ovidhan.net/word/charlotte.html,A,7,REVIEW,LEGACY — NEEDS STATIC UPGRADE,0,0,0,0,GLOBAL AGGREGATE — FRANCE CONTAMINATION POSSIBLE,NONE,Bangladesh-filtered GSC page/query export required,47.5,Phase 2B tier/quality + global impressions/position; clicks excluded from score
chart,https://ovidhan.net/word/chart.html,A,7,REVIEW,LEGACY — NEEDS STATIC UPGRADE,0,0,0,0,GLOBAL AGGREGATE — FRANCE CONTAMINATION POSSIBLE,NONE,Bangladesh-filtered GSC page/query export required,47.5,Phase 2B tier/quality + global impressions/position; clicks excluded from score
charter,https://ovidhan.net/word/charter.html,A,7,REVIEW,LEGACY — NEEDS STATIC UPGRADE,0,0,0,0,GLOBAL AGGREGATE — FRANCE CONTAMINATION POSSIBLE,NONE,Bangladesh-filtered GSC page/query export required,47.5,Phase 2B tier/quality + global impressions/position; clicks excluded from score
charts,https://ovidhan.net/word/charts.html,A,7,REVIEW,LEGACY — NEEDS STATIC UPGRADE,0,0,0,0,GLOBAL AGGREGATE — FRANCE CONTAMINATION POSSIBLE,NONE,Bangladesh-filtered GSC page/query export required,47.5,Phase 2B tier/quality + global impressions/position; clicks excluded from score
chat,https://ovidhan.net/word/chat.html,A,7,REVIEW,LEGACY — NEEDS STATIC UPGRADE,0,0,0,0,GLOBAL AGGREGATE — FRANCE CONTAMINATION POSSIBLE,NONE,Bangladesh-filtered GSC page/query export required,47.5,Phase 2B tier/quality + global impressions/position; clicks excluded from score
cheap,https://ovidhan.net/word/cheap.html,A,7,REVIEW,LEGACY — NEEDS STATIC UPGRADE,0,0,0,0,GLOBAL AGGREGATE — FRANCE CONTAMINATION POSSIBLE,NONE,Bangladesh-filtered GSC page/query export required,47.5,Phase 2B tier/quality + global impressions/position; clicks excluded from score
cheats,https://ovidhan.net/word/cheats.html,A,7,REVIEW,LEGACY — NEEDS STATIC UPGRADE,0,0,0,0,GLOBAL AGGREGATE — FRANCE CONTAMINATION POSSIBLE,NONE,Bangladesh-filtered GSC page/query export required,47.5,Phase 2B tier/quality + global impressions/position; clicks excluded from score
check,https://ovidhan.net/word/check.html,A,7,REVIEW,LEGACY — NEEDS STATIC UPGRADE,0,0,0,0,GLOBAL AGGREGATE — FRANCE CONTAMINATION POSSIBLE,NONE,Bangladesh-filtered GSC page/query export required,47.5,Phase 2B tier/quality + global impressions/position; clicks excluded from score
checked,https://ovidhan.net/word/checked.html,A,7,REVIEW,LEGACY — NEEDS STATIC UPGRADE,0,0,0,0,GLOBAL AGGREGATE — FRANCE CONTAMINATION POSSIBLE,NONE,Bangladesh-filtered GSC page/query export required,47.5,Phase 2B tier/quality + global impressions/position; clicks excluded from score
checking,https://ovidhan.net/word/checking.html,A,7,REVIEW,LEGACY — NEEDS STATIC UPGRADE,0,0,0,0,GLOBAL AGGREGATE — FRANCE CONTAMINATION POSSIBLE,NONE,Bangladesh-filtered GSC page/query export required,47.5,Phase 2B tier/quality + global impressions/position; clicks excluded from score
checkout,https://ovidhan.net/word/checkout.html,A,7,REVIEW,LEGACY — NEEDS STATIC UPGRADE,0,0,0,0,GLOBAL AGGREGATE — FRANCE CONTAMINATION POSSIBLE,NONE,Bangladesh-filtered GSC page/query export required,47.5,Phase 2B tier/quality + global impressions/position; clicks excluded from score
checks,https://ovidhan.net/word/checks.html,A,7,REVIEW,LEGACY — NEEDS STATIC UPGRADE,0,0,0,0,GLOBAL AGGREGATE — FRANCE CONTAMINATION POSSIBLE,NONE,Bangladesh-filtered GSC page/query export required,47.5,Phase 2B tier/quality + global impressions/position; clicks excluded from score
cheese,https://ovidhan.net/word/cheese.html,A,7,REVIEW,LEGACY — NEEDS STATIC UPGRADE,0,0,0,0,GLOBAL AGGREGATE — FRANCE CONTAMINATION POSSIBLE,NONE,Bangladesh-filtered GSC page/query export required,47.5,Phase 2B tier/quality + global impressions/position; clicks excluded from score
chemical,https://ovidhan.net/word/chemical.html,A,7,REVIEW,LEGACY — NEEDS STATIC UPGRADE,0,0,0,0,GLOBAL AGGREGATE — FRANCE CONTAMINATION POSSIBLE,NONE,Bangladesh-filtered GSC page/query export required,47.5,Phase 2B tier/quality + global impressions/position; clicks excluded from score
chemicals,https://ovidhan.net/word/chemicals.html,A,7,REVIEW,LEGACY — NEEDS STATIC UPGRADE,0,0,0,0,GLOBAL AGGREGATE — FRANCE CONTAMINATION POSSIBLE,NONE,Bangladesh-filtered GSC page/query export required,47.5,Phase 2B tier/quality + global impressions/position; clicks excluded from score
chemistry,https://ovidhan.net/word/chemistry.html,A,7,REVIEW,LEGACY — NEEDS STATIC UPGRADE,0,0,0,0,GLOBAL AGGREGATE — FRANCE CONTAMINATION POSSIBLE,NONE,Bangladesh-filtered GSC page/query export required,47.5,Phase 2B tier/quality + global impressions/position; clicks excluded from score
chest,https://ovidhan.net/word/chest.html,A,7,REVIEW,LEGACY — NEEDS STATIC UPGRADE,0,0,0,0,GLOBAL AGGREGATE — FRANCE CONTAMINATION POSSIBLE,NONE,Bangladesh-filtered GSC page/query export required,47.5,Phase 2B tier/quality + global impressions/position; clicks excluded from score
chicago,https://ovidhan.net/word/chicago.html,A,7,REVIEW,LEGACY — NEEDS STATIC UPGRADE,0,0,0,0,GLOBAL AGGREGATE — FRANCE CONTAMINATION POSSIBLE,NONE,Bangladesh-filtered GSC page/query export required,47.5,Phase 2B tier/quality + global impressions/position; clicks excluded from score
chicken,https://ovidhan.net/word/chicken.html,A,7,REVIEW,LEGACY — NEEDS STATIC UPGRADE,0,0,0,0,GLOBAL AGGREGATE — FRANCE CONTAMINATION POSSIBLE,NONE,Bangladesh-filtered GSC page/query export required,47.5,Phase 2B tier/quality + global impressions/position; clicks excluded from score
chief,https://ovidhan.net/word/chief.html,A,7,REVIEW,LEGACY — NEEDS STATIC UPGRADE,0,0,0,0,GLOBAL AGGREGATE — FRANCE CONTAMINATION POSSIBLE,NONE,Bangladesh-filtered GSC page/query export required,47.5,Phase 2B tier/quality + global impressions/position; clicks excluded from score
child,https://ovidhan.net/word/child.html,A,7,REVIEW,LEGACY — NEEDS STATIC UPGRADE,0,0,0,0,GLOBAL AGGREGATE — FRANCE CONTAMINATION POSSIBLE,NONE,Bangladesh-filtered GSC page/query export required,47.5,Phase 2B tier/quality + global impressions/position; clicks excluded from score
children,https://ovidhan.net/word/children.html,A,7,REVIEW,LEGACY — NEEDS STATIC UPGRADE,0,0,0,0,GLOBAL AGGREGATE — FRANCE CONTAMINATION POSSIBLE,NONE,Bangladesh-filtered GSC page/query export required,47.5,Phase 2B tier/quality + global impressions/position; clicks excluded from score
chile,https://ovidhan.net/word/chile.html,A,7,REVIEW,LEGACY — NEEDS STATIC UPGRADE,0,0,0,0,GLOBAL AGGREGATE — FRANCE CONTAMINATION POSSIBLE,NONE,Bangladesh-filtered GSC page/query export required,47.5,Phase 2B tier/quality + global impressions/position; clicks excluded from score
china,https://ovidhan.net/word/china.html,A,7,REVIEW,LEGACY — NEEDS STATIC UPGRADE,0,0,0,0,GLOBAL AGGREGATE — FRANCE CONTAMINATION POSSIBLE,NONE,Bangladesh-filtered GSC page/query export required,47.5,Phase 2B tier/quality + global impressions/position; clicks excluded from score
chinese,https://ovidhan.net/word/chinese.html,A,7,REVIEW,LEGACY — NEEDS STATIC UPGRADE,0,0,0,0,GLOBAL AGGREGATE — FRANCE CONTAMINATION POSSIBLE,NONE,Bangladesh-filtered GSC page/query export required,47.5,Phase 2B tier/quality + global impressions/position; clicks excluded from score
chip,https://ovidhan.net/word/chip.html,A,7,REVIEW,LEGACY — NEEDS STATIC UPGRADE,0,0,0,0,GLOBAL AGGREGATE — FRANCE CONTAMINATION POSSIBLE,NONE,Bangladesh-filtered GSC page/query export required,47.5,Phase 2B tier/quality + global impressions/position; clicks excluded from score
chips,https://ovidhan.net/word/chips.html,A,7,REVIEW,LEGACY — NEEDS STATIC UPGRADE,0,0,0,0,GLOBAL AGGREGATE — FRANCE CONTAMINATION POSSIBLE,NONE,Bangladesh-filtered GSC page/query export required,47.5,Phase 2B tier/quality + global impressions/position; clicks excluded from score
chocolate,https://ovidhan.net/word/chocolate.html,A,7,REVIEW,LEGACY — NEEDS STATIC UPGRADE,0,0,0,0,GLOBAL AGGREGATE — FRANCE CONTAMINATION POSSIBLE,NONE,Bangladesh-filtered GSC page/query export required,47.5,Phase 2B tier/quality + global impressions/position; clicks excluded from score
choice,https://ovidhan.net/word/choice.html,A,7,REVIEW,LEGACY — NEEDS STATIC UPGRADE,0,0,0,0,GLOBAL AGGREGATE — FRANCE CONTAMINATION POSSIBLE,NONE,Bangladesh-filtered GSC page/query export required,47.5,Phase 2B tier/quality + global impressions/position; clicks excluded from score
choices,https://ovidhan.net/word/choices.html,A,7,REVIEW,LEGACY — NEEDS STATIC UPGRADE,0,0,0,0,GLOBAL AGGREGATE — FRANCE CONTAMINATION POSSIBLE,NONE,Bangladesh-filtered GSC page/query export required,47.5,Phase 2B tier/quality + global impressions/position; clicks excluded from score
choose,https://ovidhan.net/word/choose.html,A,7,REVIEW,LEGACY — NEEDS STATIC UPGRADE,0,0,0,0,GLOBAL AGGREGATE — FRANCE CONTAMINATION POSSIBLE,NONE,Bangladesh-filtered GSC page/query export required,47.5,Phase 2B tier/quality + global impressions/position; clicks excluded from score
chosen,https://ovidhan.net/word/chosen.html,A,7,REVIEW,LEGACY — NEEDS STATIC UPGRADE,0,0,0,0,GLOBAL AGGREGATE — FRANCE CONTAMINATION POSSIBLE,NONE,Bangladesh-filtered GSC page/query export required,47.5,Phase 2B tier/quality + global impressions/position; clicks excluded from score
christ,https://ovidhan.net/word/christ.html,A,7,REVIEW,LEGACY — NEEDS STATIC UPGRADE,0,0,0,0,GLOBAL AGGREGATE — FRANCE CONTAMINATION POSSIBLE,NONE,Bangladesh-filtered GSC page/query export required,47.5,Phase 2B tier/quality + global impressions/position; clicks excluded from score
christian,https://ovidhan.net/word/christian.html,A,7,REVIEW,LEGACY — NEEDS STATIC UPGRADE,0,0,0,0,GLOBAL AGGREGATE — FRANCE CONTAMINATION POSSIBLE,NONE,Bangladesh-filtered GSC page/query export required,47.5,Phase 2B tier/quality + global impressions/position; clicks excluded from score
christmas,https://ovidhan.net/word/christmas.html,A,7,REVIEW,LEGACY — NEEDS STATIC UPGRADE,0,0,0,0,GLOBAL AGGREGATE — FRANCE CONTAMINATION POSSIBLE,NONE,Bangladesh-filtered GSC page/query export required,47.5,Phase 2B tier/quality + global impressions/position; clicks excluded from score
christopher,https://ovidhan.net/word/christopher.html,A,7,REVIEW,LEGACY — NEEDS STATIC UPGRADE,0,0,0,0,GLOBAL AGGREGATE — FRANCE CONTAMINATION POSSIBLE,NONE,Bangladesh-filtered GSC page/query export required,47.5,Phase 2B tier/quality + global impressions/position; clicks excluded from score
chronic,https://ovidhan.net/word/chronic.html,A,7,REVIEW,LEGACY — NEEDS STATIC UPGRADE,0,0,0,0,GLOBAL AGGREGATE — FRANCE CONTAMINATION POSSIBLE,NONE,Bangladesh-filtered GSC page/query export required,47.5,Phase 2B tier/quality + global impressions/position; clicks excluded from score
church,https://ovidhan.net/word/church.html,A,7,REVIEW,LEGACY — NEEDS STATIC UPGRADE,0,0,0,0,GLOBAL AGGREGATE — FRANCE CONTAMINATION POSSIBLE,NONE,Bangladesh-filtered GSC page/query export required,47.5,Phase 2B tier/quality + global impressions/position; clicks excluded from score
churches,https://ovidhan.net/word/churches.html,A,7,REVIEW,LEGACY — NEEDS STATIC UPGRADE,0,0,0,0,GLOBAL AGGREGATE — FRANCE CONTAMINATION POSSIBLE,NONE,Bangladesh-filtered GSC page/query export required,47.5,Phase 2B tier/quality + global impressions/position; clicks excluded from score
cincinnati,https://ovidhan.net/word/cincinnati.html,A,7,REVIEW,LEGACY — NEEDS STATIC UPGRADE,0,0,0,0,GLOBAL AGGREGATE — FRANCE CONTAMINATION POSSIBLE,NONE,Bangladesh-filtered GSC page/query export required,47.5,Phase 2B tier/quality + global impressions/position; clicks excluded from score
cinema,https://ovidhan.net/word/cinema.html,A,7,REVIEW,LEGACY — NEEDS STATIC UPGRADE,0,0,0,0,GLOBAL AGGREGATE — FRANCE CONTAMINATION POSSIBLE,NONE,Bangladesh-filtered GSC page/query export required,47.5,Phase 2B tier/quality + global impressions/position; clicks excluded from score
circle,https://ovidhan.net/word/circle.html,A,7,REVIEW,LEGACY — NEEDS STATIC UPGRADE,0,0,0,0,GLOBAL AGGREGATE — FRANCE CONTAMINATION POSSIBLE,NONE,Bangladesh-filtered GSC page/query export required,47.5,Phase 2B tier/quality + global impressions/position; clicks excluded from score
circuit,https://ovidhan.net/word/circuit.html,A,7,REVIEW,LEGACY — NEEDS STATIC UPGRADE,0,0,0,0,GLOBAL AGGREGATE — FRANCE CONTAMINATION POSSIBLE,NONE,Bangladesh-filtered GSC page/query export required,47.5,Phase 2B tier/quality + global impressions/position; clicks excluded from score
circumstances,https://ovidhan.net/word/circumstances.html,A,7,REVIEW,LEGACY — NEEDS STATIC UPGRADE,0,0,0,0,GLOBAL AGGREGATE — FRANCE CONTAMINATION POSSIBLE,NONE,Bangladesh-filtered GSC page/query export required,47.5,Phase 2B tier/quality + global impressions/position; clicks excluded from score
cisco,https://ovidhan.net/word/cisco.html,A,7,REVIEW,LEGACY — NEEDS STATIC UPGRADE,0,0,0,0,GLOBAL AGGREGATE — FRANCE CONTAMINATION POSSIBLE,NONE,Bangladesh-filtered GSC page/query export required,47.5,Phase 2B tier/quality + global impressions/position; clicks excluded from score
cities,https://ovidhan.net/word/cities.html,A,7,REVIEW,LEGACY — NEEDS STATIC UPGRADE,0,0,0,0,GLOBAL AGGREGATE — FRANCE CONTAMINATION POSSIBLE,NONE,Bangladesh-filtered GSC page/query export required,47.5,Phase 2B tier/quality + global impressions/position; clicks excluded from score
citizen,https://ovidhan.net/word/citizen.html,A,7,REVIEW,LEGACY — NEEDS STATIC UPGRADE,0,0,0,0,GLOBAL AGGREGATE — FRANCE CONTAMINATION POSSIBLE,NONE,Bangladesh-filtered GSC page/query export required,47.5,Phase 2B tier/quality + global impressions/position; clicks excluded from score
citizens,https://ovidhan.net/word/citizens.html,A,7,REVIEW,LEGACY — NEEDS STATIC UPGRADE,0,0,0,0,GLOBAL AGGREGATE — FRANCE CONTAMINATION POSSIBLE,NONE,Bangladesh-filtered GSC page/query export required,47.5,Phase 2B tier/quality + global impressions/position; clicks excluded from score
city,https://ovidhan.net/word/city.html,A,7,REVIEW,LEGACY — NEEDS STATIC UPGRADE,0,0,0,0,GLOBAL AGGREGATE — FRANCE CONTAMINATION POSSIBLE,NONE,Bangladesh-filtered GSC page/query export required,47.5,Phase 2B tier/quality + global impressions/position; clicks excluded from score
civil,https://ovidhan.net/word/civil.html,A,7,REVIEW,LEGACY — NEEDS STATIC UPGRADE,0,0,0,0,GLOBAL AGGREGATE — FRANCE CONTAMINATION POSSIBLE,NONE,Bangladesh-filtered GSC page/query export required,47.5,Phase 2B tier/quality + global impressions/position; clicks excluded from score
claim,https://ovidhan.net/word/claim.html,A,7,REVIEW,LEGACY — NEEDS STATIC UPGRADE,0,0,0,0,GLOBAL AGGREGATE — FRANCE CONTAMINATION POSSIBLE,NONE,Bangladesh-filtered GSC page/query export required,47.5,Phase 2B tier/quality + global impressions/position; clicks excluded from score
claims,https://ovidhan.net/word/claims.html,A,7,REVIEW,LEGACY — NEEDS STATIC UPGRADE,0,0,0,0,GLOBAL AGGREGATE — FRANCE CONTAMINATION POSSIBLE,NONE,Bangladesh-filtered GSC page/query export required,47.5,Phase 2B tier/quality + global impressions/position; clicks excluded from score
clark,https://ovidhan.net/word/clark.html,A,7,REVIEW,LEGACY — NEEDS STATIC UPGRADE,0,0,0,0,GLOBAL AGGREGATE — FRANCE CONTAMINATION POSSIBLE,NONE,Bangladesh-filtered GSC page/query export required,47.5,Phase 2B tier/quality + global impressions/position; clicks excluded from score
class,https://ovidhan.net/word/class.html,A,7,REVIEW,LEGACY — NEEDS STATIC UPGRADE,0,0,0,0,GLOBAL AGGREGATE — FRANCE CONTAMINATION POSSIBLE,NONE,Bangladesh-filtered GSC page/query export required,47.5,Phase 2B tier/quality + global impressions/position; clicks excluded from score
classes,https://ovidhan.net/word/classes.html,A,7,REVIEW,LEGACY — NEEDS STATIC UPGRADE,0,0,0,0,GLOBAL AGGREGATE — FRANCE CONTAMINATION POSSIBLE,NONE,Bangladesh-filtered GSC page/query export required,47.5,Phase 2B tier/quality + global impressions/position; clicks excluded from score
classic,https://ovidhan.net/word/classic.html,A,7,REVIEW,LEGACY — NEEDS STATIC UPGRADE,0,0,0,0,GLOBAL AGGREGATE — FRANCE CONTAMINATION POSSIBLE,NONE,Bangladesh-filtered GSC page/query export required,47.5,Phase 2B tier/quality + global impressions/position; clicks excluded from score
classical,https://ovidhan.net/word/classical.html,A,7,REVIEW,LEGACY — NEEDS STATIC UPGRADE,0,0,0,0,GLOBAL AGGREGATE — FRANCE CONTAMINATION POSSIBLE,NONE,Bangladesh-filtered GSC page/query export required,47.5,Phase 2B tier/quality + global impressions/position; clicks excluded from score
classics,https://ovidhan.net/word/classics.html,A,7,REVIEW,LEGACY — NEEDS STATIC UPGRADE,0,0,0,0,GLOBAL AGGREGATE — FRANCE CONTAMINATION POSSIBLE,NONE,Bangladesh-filtered GSC page/query export required,47.5,Phase 2B tier/quality + global impressions/position; clicks excluded from score
classification,https://ovidhan.net/word/classification.html,A,7,REVIEW,LEGACY — NEEDS STATIC UPGRADE,0,0,0,0,GLOBAL AGGREGATE — FRANCE CONTAMINATION POSSIBLE,NONE,Bangladesh-filtered GSC page/query export required,47.5,Phase 2B tier/quality + global impressions/position; clicks excluded from score
classified,https://ovidhan.net/word/classified.html,A,7,REVIEW,LEGACY — NEEDS STATIC UPGRADE,0,0,0,0,GLOBAL AGGREGATE — FRANCE CONTAMINATION POSSIBLE,NONE,Bangladesh-filtered GSC page/query export required,47.5,Phase 2B tier/quality + global impressions/position; clicks excluded from score
classifieds,https://ovidhan.net/word/classifieds.html,A,7,REVIEW,LEGACY — NEEDS STATIC UPGRADE,0,0,0,0,GLOBAL AGGREGATE — FRANCE CONTAMINATION POSSIBLE,NONE,Bangladesh-filtered GSC page/query export required,47.5,Phase 2B tier/quality + global impressions/position; clicks excluded from score
classroom,https://ovidhan.net/word/classroom.html,A,7,REVIEW,LEGACY — NEEDS STATIC UPGRADE,0,0,0,0,GLOBAL AGGREGATE — FRANCE CONTAMINATION POSSIBLE,NONE,Bangladesh-filtered GSC page/query export required,47.5,Phase 2B tier/quality + global impressions/position; clicks excluded from score
clause,https://ovidhan.net/word/clause.html,A,7,REVIEW,LEGACY — NEEDS STATIC UPGRADE,0,0,0,0,GLOBAL AGGREGATE — FRANCE CONTAMINATION POSSIBLE,NONE,Bangladesh-filtered GSC page/query export required,47.5,Phase 2B tier/quality + global impressions/position; clicks excluded from score
clay,https://ovidhan.net/word/clay.html,A,7,REVIEW,LEGACY — NEEDS STATIC UPGRADE,0,0,0,0,GLOBAL AGGREGATE — FRANCE CONTAMINATION POSSIBLE,NONE,Bangladesh-filtered GSC page/query export required,47.5,Phase 2B tier/quality + global impressions/position; clicks excluded from score
clean,https://ovidhan.net/word/clean.html,A,7,REVIEW,LEGACY — NEEDS STATIC UPGRADE,0,0,0,0,GLOBAL AGGREGATE — FRANCE CONTAMINATION POSSIBLE,NONE,Bangladesh-filtered GSC page/query export required,47.5,Phase 2B tier/quality + global impressions/position; clicks excluded from score
cleaning,https://ovidhan.net/word/cleaning.html,A,7,REVIEW,LEGACY — NEEDS STATIC UPGRADE,0,0,0,0,GLOBAL AGGREGATE — FRANCE CONTAMINATION POSSIBLE,NONE,Bangladesh-filtered GSC page/query export required,47.5,Phase 2B tier/quality + global impressions/position; clicks excluded from score
clear,https://ovidhan.net/word/clear.html,A,7,REVIEW,LEGACY — NEEDS STATIC UPGRADE,0,0,0,0,GLOBAL AGGREGATE — FRANCE CONTAMINATION POSSIBLE,NONE,Bangladesh-filtered GSC page/query export required,47.5,Phase 2B tier/quality + global impressions/position; clicks excluded from score
clearance,https://ovidhan.net/word/clearance.html,A,7,REVIEW,LEGACY — NEEDS STATIC UPGRADE,0,0,0,0,GLOBAL AGGREGATE — FRANCE CONTAMINATION POSSIBLE,NONE,Bangladesh-filtered GSC page/query export required,47.5,Phase 2B tier/quality + global impressions/position; clicks excluded from score
clearly,https://ovidhan.net/word/clearly.html,A,7,REVIEW,LEGACY — NEEDS STATIC UPGRADE,0,0,0,0,GLOBAL AGGREGATE — FRANCE CONTAMINATION POSSIBLE,NONE,Bangladesh-filtered GSC page/query export required,47.5,Phase 2B tier/quality + global impressions/position; clicks excluded from score
cleveland,https://ovidhan.net/word/cleveland.html,A,7,REVIEW,LEGACY — NEEDS STATIC UPGRADE,0,0,0,0,GLOBAL AGGREGATE — FRANCE CONTAMINATION POSSIBLE,NONE,Bangladesh-filtered GSC page/query export required,47.5,Phase 2B tier/quality + global impressions/position; clicks excluded from score
click,https://ovidhan.net/word/click.html,A,7,REVIEW,LEGACY — NEEDS STATIC UPGRADE,0,0,0,0,GLOBAL AGGREGATE — FRANCE CONTAMINATION POSSIBLE,NONE,Bangladesh-filtered GSC page/query export required,47.5,Phase 2B tier/quality + global impressions/position; clicks excluded from score
clicking,https://ovidhan.net/word/clicking.html,A,7,REVIEW,LEGACY — NEEDS STATIC UPGRADE,0,0,0,0,GLOBAL AGGREGATE — FRANCE CONTAMINATION POSSIBLE,NONE,Bangladesh-filtered GSC page/query export required,47.5,Phase 2B tier/quality + global impressions/position; clicks excluded from score
client,https://ovidhan.net/word/client.html,A,7,REVIEW,LEGACY — NEEDS STATIC UPGRADE,0,0,0,0,GLOBAL AGGREGATE — FRANCE CONTAMINATION POSSIBLE,NONE,Bangladesh-filtered GSC page/query export required,47.5,Phase 2B tier/quality + global impressions/position; clicks excluded from score
clients,https://ovidhan.net/word/clients.html,A,7,REVIEW,LEGACY — NEEDS STATIC UPGRADE,0,0,0,0,GLOBAL AGGREGATE — FRANCE CONTAMINATION POSSIBLE,NONE,Bangladesh-filtered GSC page/query export required,47.5,Phase 2B tier/quality + global impressions/position; clicks excluded from score
climate,https://ovidhan.net/word/climate.html,A,7,REVIEW,LEGACY — NEEDS STATIC UPGRADE,0,0,0,0,GLOBAL AGGREGATE — FRANCE CONTAMINATION POSSIBLE,NONE,Bangladesh-filtered GSC page/query export required,47.5,Phase 2B tier/quality + global impressions/position; clicks excluded from score
clinic,https://ovidhan.net/word/clinic.html,A,7,REVIEW,LEGACY — NEEDS STATIC UPGRADE,0,0,0,0,GLOBAL AGGREGATE — FRANCE CONTAMINATION POSSIBLE,NONE,Bangladesh-filtered GSC page/query export required,47.5,Phase 2B tier/quality + global impressions/position; clicks excluded from score
clinical,https://ovidhan.net/word/clinical.html,A,7,REVIEW,LEGACY — NEEDS STATIC UPGRADE,0,0,0,0,GLOBAL AGGREGATE — FRANCE CONTAMINATION POSSIBLE,NONE,Bangladesh-filtered GSC page/query export required,47.5,Phase 2B tier/quality + global impressions/position; clicks excluded from score
clinton,https://ovidhan.net/word/clinton.html,A,7,REVIEW,LEGACY — NEEDS STATIC UPGRADE,0,0,0,0,GLOBAL AGGREGATE — FRANCE CONTAMINATION POSSIBLE,NONE,Bangladesh-filtered GSC page/query export required,47.5,Phase 2B tier/quality + global impressions/position; clicks excluded from score
clip,https://ovidhan.net/word/clip.html,A,7,REVIEW,LEGACY — NEEDS STATIC UPGRADE,0,0,0,0,GLOBAL AGGREGATE — FRANCE CONTAMINATION POSSIBLE,NONE,Bangladesh-filtered GSC page/query export required,47.5,Phase 2B tier/quality + global impressions/position; clicks excluded from score
clips,https://ovidhan.net/word/clips.html,A,7,REVIEW,LEGACY — NEEDS STATIC UPGRADE,0,0,0,0,GLOBAL AGGREGATE — FRANCE CONTAMINATION POSSIBLE,NONE,Bangladesh-filtered GSC page/query export required,47.5,Phase 2B tier/quality + global impressions/position; clicks excluded from score
clock,https://ovidhan.net/word/clock.html,A,7,REVIEW,LEGACY — NEEDS STATIC UPGRADE,0,0,0,0,GLOBAL AGGREGATE — FRANCE CONTAMINATION POSSIBLE,NONE,Bangladesh-filtered GSC page/query export required,47.5,Phase 2B tier/quality + global impressions/position; clicks excluded from score
close,https://ovidhan.net/word/close.html,A,7,REVIEW,LEGACY — NEEDS STATIC UPGRADE,0,0,0,0,GLOBAL AGGREGATE — FRANCE CONTAMINATION POSSIBLE,NONE,Bangladesh-filtered GSC page/query export required,47.5,Phase 2B tier/quality + global impressions/position; clicks excluded from score
closed,https://ovidhan.net/word/closed.html,A,7,REVIEW,LEGACY — NEEDS STATIC UPGRADE,0,0,0,0,GLOBAL AGGREGATE — FRANCE CONTAMINATION POSSIBLE,NONE,Bangladesh-filtered GSC page/query export required,47.5,Phase 2B tier/quality + global impressions/position; clicks excluded from score
closely,https://ovidhan.net/word/closely.html,A,7,REVIEW,LEGACY — NEEDS STATIC UPGRADE,0,0,0,0,GLOBAL AGGREGATE — FRANCE CONTAMINATION POSSIBLE,NONE,Bangladesh-filtered GSC page/query export required,47.5,Phase 2B tier/quality + global impressions/position; clicks excluded from score
closer,https://ovidhan.net/word/closer.html,A,7,REVIEW,LEGACY — NEEDS STATIC UPGRADE,0,0,0,0,GLOBAL AGGREGATE — FRANCE CONTAMINATION POSSIBLE,NONE,Bangladesh-filtered GSC page/query export required,47.5,Phase 2B tier/quality + global impressions/position; clicks excluded from score
closing,https://ovidhan.net/word/closing.html,A,7,REVIEW,LEGACY — NEEDS STATIC UPGRADE,0,0,0,0,GLOBAL AGGREGATE — FRANCE CONTAMINATION POSSIBLE,NONE,Bangladesh-filtered GSC page/query export required,47.5,Phase 2B tier/quality + global impressions/position; clicks excluded from score
clothes,https://ovidhan.net/word/clothes.html,A,7,REVIEW,LEGACY — NEEDS STATIC UPGRADE,0,0,0,0,GLOBAL AGGREGATE — FRANCE CONTAMINATION POSSIBLE,NONE,Bangladesh-filtered GSC page/query export required,47.5,Phase 2B tier/quality + global impressions/position; clicks excluded from score
clothing,https://ovidhan.net/word/clothing.html,A,7,REVIEW,LEGACY — NEEDS STATIC UPGRADE,0,0,0,0,GLOBAL AGGREGATE — FRANCE CONTAMINATION POSSIBLE,NONE,Bangladesh-filtered GSC page/query export required,47.5,Phase 2B tier/quality + global impressions/position; clicks excluded from score
cloudy,https://ovidhan.net/word/cloudy.html,A,7,REVIEW,LEGACY — NEEDS STATIC UPGRADE,0,0,0,0,GLOBAL AGGREGATE — FRANCE CONTAMINATION POSSIBLE,NONE,Bangladesh-filtered GSC page/query export required,47.5,Phase 2B tier/quality + global impressions/position; clicks excluded from score
club,https://ovidhan.net/word/club.html,A,7,REVIEW,LEGACY — NEEDS STATIC UPGRADE,0,0,0,0,GLOBAL AGGREGATE — FRANCE CONTAMINATION POSSIBLE,NONE,Bangladesh-filtered GSC page/query export required,47.5,Phase 2B tier/quality + global impressions/position; clicks excluded from score
clubs,https://ovidhan.net/word/clubs.html,A,7,REVIEW,LEGACY — NEEDS STATIC UPGRADE,0,0,0,0,GLOBAL AGGREGATE — FRANCE CONTAMINATION POSSIBLE,NONE,Bangladesh-filtered GSC page/query export required,47.5,Phase 2B tier/quality + global impressions/position; clicks excluded from score
cluster,https://ovidhan.net/word/cluster.html,A,7,REVIEW,LEGACY — NEEDS STATIC UPGRADE,0,0,0,0,GLOBAL AGGREGATE — FRANCE CONTAMINATION POSSIBLE,NONE,Bangladesh-filtered GSC page/query export required,47.5,Phase 2B tier/quality + global impressions/position; clicks excluded from score
cm,https://ovidhan.net/word/cm.html,A,7,REVIEW,LEGACY — NEEDS STATIC UPGRADE,0,0,0,0,GLOBAL AGGREGATE — FRANCE CONTAMINATION POSSIBLE,NONE,Bangladesh-filtered GSC page/query export required,47.5,Phase 2B tier/quality + global impressions/position; clicks excluded from score
co,https://ovidhan.net/word/co.html,A,7,REVIEW,LEGACY — NEEDS STATIC UPGRADE,0,0,0,0,GLOBAL AGGREGATE — FRANCE CONTAMINATION POSSIBLE,NONE,Bangladesh-filtered GSC page/query export required,47.5,Phase 2B tier/quality + global impressions/position; clicks excluded from score
coach,https://ovidhan.net/word/coach.html,A,7,REVIEW,LEGACY — NEEDS STATIC UPGRADE,0,0,0,0,GLOBAL AGGREGATE — FRANCE CONTAMINATION POSSIBLE,NONE,Bangladesh-filtered GSC page/query export required,47.5,Phase 2B tier/quality + global impressions/position; clicks excluded from score
coast,https://ovidhan.net/word/coast.html,A,7,REVIEW,LEGACY — NEEDS STATIC UPGRADE,0,0,0,0,GLOBAL AGGREGATE — FRANCE CONTAMINATION POSSIBLE,NONE,Bangladesh-filtered GSC page/query export required,47.5,Phase 2B tier/quality + global impressions/position; clicks excluded from score
coastal,https://ovidhan.net/word/coastal.html,A,7,REVIEW,LEGACY — NEEDS STATIC UPGRADE,0,0,0,0,GLOBAL AGGREGATE — FRANCE CONTAMINATION POSSIBLE,NONE,Bangladesh-filtered GSC page/query export required,47.5,Phase 2B tier/quality + global impressions/position; clicks excluded from score
cock,https://ovidhan.net/word/cock.html,A,7,REVIEW,LEGACY — NEEDS STATIC UPGRADE,0,0,0,0,GLOBAL AGGREGATE — FRANCE CONTAMINATION POSSIBLE,NONE,Bangladesh-filtered GSC page/query export required,47.5,Phase 2B tier/quality + global impressions/position; clicks excluded from score
code,https://ovidhan.net/word/code.html,A,7,REVIEW,LEGACY — NEEDS STATIC UPGRADE,0,0,0,0,GLOBAL AGGREGATE — FRANCE CONTAMINATION POSSIBLE,NONE,Bangladesh-filtered GSC page/query export required,47.5,Phase 2B tier/quality + global impressions/position; clicks excluded from score
codes,https://ovidhan.net/word/codes.html,A,7,REVIEW,LEGACY — NEEDS STATIC UPGRADE,0,0,0,0,GLOBAL AGGREGATE — FRANCE CONTAMINATION POSSIBLE,NONE,Bangladesh-filtered GSC page/query export required,47.5,Phase 2B tier/quality + global impressions/position; clicks excluded from score
coffee,https://ovidhan.net/word/coffee.html,A,7,REVIEW,LEGACY — NEEDS STATIC UPGRADE,0,0,0,0,GLOBAL AGGREGATE — FRANCE CONTAMINATION POSSIBLE,NONE,Bangladesh-filtered GSC page/query export required,47.5,Phase 2B tier/quality + global impressions/position; clicks excluded from score
coins,https://ovidhan.net/word/coins.html,A,7,REVIEW,LEGACY — NEEDS STATIC UPGRADE,0,0,0,0,GLOBAL AGGREGATE — FRANCE CONTAMINATION POSSIBLE,NONE,Bangladesh-filtered GSC page/query export required,47.5,Phase 2B tier/quality + global impressions/position; clicks excluded from score
cold,https://ovidhan.net/word/cold.html,A,7,REVIEW,LEGACY — NEEDS STATIC UPGRADE,0,0,0,0,GLOBAL AGGREGATE — FRANCE CONTAMINATION POSSIBLE,NONE,Bangladesh-filtered GSC page/query export required,47.5,Phase 2B tier/quality + global impressions/position; clicks excluded from score
collaboration,https://ovidhan.net/word/collaboration.html,A,7,REVIEW,LEGACY — NEEDS STATIC UPGRADE,0,0,0,0,GLOBAL AGGREGATE — FRANCE CONTAMINATION POSSIBLE,NONE,Bangladesh-filtered GSC page/query export required,47.5,Phase 2B tier/quality + global impressions/position; clicks excluded from score
collect,https://ovidhan.net/word/collect.html,A,7,REVIEW,LEGACY — NEEDS STATIC UPGRADE,0,0,0,0,GLOBAL AGGREGATE — FRANCE CONTAMINATION POSSIBLE,NONE,Bangladesh-filtered GSC page/query export required,47.5,Phase 2B tier/quality + global impressions/position; clicks excluded from score
collectables,https://ovidhan.net/word/collectables.html,A,7,REVIEW,LEGACY — NEEDS STATIC UPGRADE,0,0,0,0,GLOBAL AGGREGATE — FRANCE CONTAMINATION POSSIBLE,NONE,Bangladesh-filtered GSC page/query export required,47.5,Phase 2B tier/quality + global impressions/position; clicks excluded from score
collected,https://ovidhan.net/word/collected.html,A,7,REVIEW,LEGACY — NEEDS STATIC UPGRADE,0,0,0,0,GLOBAL AGGREGATE — FRANCE CONTAMINATION POSSIBLE,NONE,Bangladesh-filtered GSC page/query export required,47.5,Phase 2B tier/quality + global impressions/position; clicks excluded from score
collectibles,https://ovidhan.net/word/collectibles.html,A,7,REVIEW,LEGACY — NEEDS STATIC UPGRADE,0,0,0,0,GLOBAL AGGREGATE — FRANCE CONTAMINATION POSSIBLE,NONE,Bangladesh-filtered GSC page/query export required,47.5,Phase 2B tier/quality + global impressions/position; clicks excluded from score
collection,https://ovidhan.net/word/collection.html,A,7,REVIEW,LEGACY — NEEDS STATIC UPGRADE,0,0,0,0,GLOBAL AGGREGATE — FRANCE CONTAMINATION POSSIBLE,NONE,Bangladesh-filtered GSC page/query export required,47.5,Phase 2B tier/quality + global impressions/position; clicks excluded from score
collections,https://ovidhan.net/word/collections.html,A,7,REVIEW,LEGACY — NEEDS STATIC UPGRADE,0,0,0,0,GLOBAL AGGREGATE — FRANCE CONTAMINATION POSSIBLE,NONE,Bangladesh-filtered GSC page/query export required,47.5,Phase 2B tier/quality + global impressions/position; clicks excluded from score
college,https://ovidhan.net/word/college.html,A,7,REVIEW,LEGACY — NEEDS STATIC UPGRADE,0,0,0,0,GLOBAL AGGREGATE — FRANCE CONTAMINATION POSSIBLE,NONE,Bangladesh-filtered GSC page/query export required,47.5,Phase 2B tier/quality + global impressions/position; clicks excluded from score
colleges,https://ovidhan.net/word/colleges.html,A,7,REVIEW,LEGACY — NEEDS STATIC UPGRADE,0,0,0,0,GLOBAL AGGREGATE — FRANCE CONTAMINATION POSSIBLE,NONE,Bangladesh-filtered GSC page/query export required,47.5,Phase 2B tier/quality + global impressions/position; clicks excluded from score
color,https://ovidhan.net/word/color.html,A,7,REVIEW,LEGACY — NEEDS STATIC UPGRADE,0,0,0,0,GLOBAL AGGREGATE — FRANCE CONTAMINATION POSSIBLE,NONE,Bangladesh-filtered GSC page/query export required,47.5,Phase 2B tier/quality + global impressions/position; clicks excluded from score
colorado,https://ovidhan.net/word/colorado.html,A,7,REVIEW,LEGACY — NEEDS STATIC UPGRADE,0,0,0,0,GLOBAL AGGREGATE — FRANCE CONTAMINATION POSSIBLE,NONE,Bangladesh-filtered GSC page/query export required,47.5,Phase 2B tier/quality + global impressions/position; clicks excluded from score
colors,https://ovidhan.net/word/colors.html,A,7,REVIEW,LEGACY — NEEDS STATIC UPGRADE,0,0,0,0,GLOBAL AGGREGATE — FRANCE CONTAMINATION POSSIBLE,NONE,Bangladesh-filtered GSC page/query export required,47.5,Phase 2B tier/quality + global impressions/position; clicks excluded from score
columbia,https://ovidhan.net/word/columbia.html,A,7,REVIEW,LEGACY — NEEDS STATIC UPGRADE,0,0,0,0,GLOBAL AGGREGATE — FRANCE CONTAMINATION POSSIBLE,NONE,Bangladesh-filtered GSC page/query export required,47.5,Phase 2B tier/quality + global impressions/position; clicks excluded from score
columbus,https://ovidhan.net/word/columbus.html,A,7,REVIEW,LEGACY — NEEDS STATIC UPGRADE,0,0,0,0,GLOBAL AGGREGATE — FRANCE CONTAMINATION POSSIBLE,NONE,Bangladesh-filtered GSC page/query export required,47.5,Phase 2B tier/quality + global impressions/position; clicks excluded from score
column,https://ovidhan.net/word/column.html,A,7,REVIEW,LEGACY — NEEDS STATIC UPGRADE,0,0,0,0,GLOBAL AGGREGATE — FRANCE CONTAMINATION POSSIBLE,NONE,Bangladesh-filtered GSC page/query export required,47.5,Phase 2B tier/quality + global impressions/position; clicks excluded from score
columns,https://ovidhan.net/word/columns.html,A,7,REVIEW,LEGACY — NEEDS STATIC UPGRADE,0,0,0,0,GLOBAL AGGREGATE — FRANCE CONTAMINATION POSSIBLE,NONE,Bangladesh-filtered GSC page/query export required,47.5,Phase 2B tier/quality + global impressions/position; clicks excluded from score
combat,https://ovidhan.net/word/combat.html,A,7,REVIEW,LEGACY — NEEDS STATIC UPGRADE,0,0,0,0,GLOBAL AGGREGATE — FRANCE CONTAMINATION POSSIBLE,NONE,Bangladesh-filtered GSC page/query export required,47.5,Phase 2B tier/quality + global impressions/position; clicks excluded from score
combination,https://ovidhan.net/word/combination.html,A,7,REVIEW,LEGACY — NEEDS STATIC UPGRADE,0,0,0,0,GLOBAL AGGREGATE — FRANCE CONTAMINATION POSSIBLE,NONE,Bangladesh-filtered GSC page/query export required,47.5,Phase 2B tier/quality + global impressions/position; clicks excluded from score
combined,https://ovidhan.net/word/combined.html,A,7,REVIEW,LEGACY — NEEDS STATIC UPGRADE,0,0,0,0,GLOBAL AGGREGATE — FRANCE CONTAMINATION POSSIBLE,NONE,Bangladesh-filtered GSC page/query export required,47.5,Phase 2B tier/quality + global impressions/position; clicks excluded from score
come,https://ovidhan.net/word/come.html,A,7,REVIEW,LEGACY — NEEDS STATIC UPGRADE,0,0,0,0,GLOBAL AGGREGATE — FRANCE CONTAMINATION POSSIBLE,NONE,Bangladesh-filtered GSC page/query export required,47.5,Phase 2B tier/quality + global impressions/position; clicks excluded from score
comedy,https://ovidhan.net/word/comedy.html,A,7,REVIEW,LEGACY — NEEDS STATIC UPGRADE,0,0,0,0,GLOBAL AGGREGATE — FRANCE CONTAMINATION POSSIBLE,NONE,Bangladesh-filtered GSC page/query export required,47.5,Phase 2B tier/quality + global impressions/position; clicks excluded from score
comes,https://ovidhan.net/word/comes.html,A,7,REVIEW,LEGACY — NEEDS STATIC UPGRADE,0,0,0,0,GLOBAL AGGREGATE — FRANCE CONTAMINATION POSSIBLE,NONE,Bangladesh-filtered GSC page/query export required,47.5,Phase 2B tier/quality + global impressions/position; clicks excluded from score
comfort,https://ovidhan.net/word/comfort.html,A,7,REVIEW,LEGACY — NEEDS STATIC UPGRADE,0,0,0,0,GLOBAL AGGREGATE — FRANCE CONTAMINATION POSSIBLE,NONE,Bangladesh-filtered GSC page/query export required,47.5,Phase 2B tier/quality + global impressions/position; clicks excluded from score
comfortable,https://ovidhan.net/word/comfortable.html,A,7,REVIEW,LEGACY — NEEDS STATIC UPGRADE,0,0,0,0,GLOBAL AGGREGATE — FRANCE CONTAMINATION POSSIBLE,NONE,Bangladesh-filtered GSC page/query export required,47.5,Phase 2B tier/quality + global impressions/position; clicks excluded from score
comic,https://ovidhan.net/word/comic.html,A,7,REVIEW,LEGACY — NEEDS STATIC UPGRADE,0,0,0,0,GLOBAL AGGREGATE — FRANCE CONTAMINATION POSSIBLE,NONE,Bangladesh-filtered GSC page/query export required,47.5,Phase 2B tier/quality + global impressions/position; clicks excluded from score
comics,https://ovidhan.net/word/comics.html,A,7,REVIEW,LEGACY — NEEDS STATIC UPGRADE,0,0,0,0,GLOBAL AGGREGATE — FRANCE CONTAMINATION POSSIBLE,NONE,Bangladesh-filtered GSC page/query export required,47.5,Phase 2B tier/quality + global impressions/position; clicks excluded from score
coming,https://ovidhan.net/word/coming.html,A,7,REVIEW,LEGACY — NEEDS STATIC UPGRADE,0,0,0,0,GLOBAL AGGREGATE — FRANCE CONTAMINATION POSSIBLE,NONE,Bangladesh-filtered GSC page/query export required,47.5,Phase 2B tier/quality + global impressions/position; clicks excluded from score
command,https://ovidhan.net/word/command.html,A,7,REVIEW,LEGACY — NEEDS STATIC UPGRADE,0,0,0,0,GLOBAL AGGREGATE — FRANCE CONTAMINATION POSSIBLE,NONE,Bangladesh-filtered GSC page/query export required,47.5,Phase 2B tier/quality + global impressions/position; clicks excluded from score
commands,https://ovidhan.net/word/commands.html,A,7,REVIEW,LEGACY — NEEDS STATIC UPGRADE,0,0,0,0,GLOBAL AGGREGATE — FRANCE CONTAMINATION POSSIBLE,NONE,Bangladesh-filtered GSC page/query export required,47.5,Phase 2B tier/quality + global impressions/position; clicks excluded from score
comment,https://ovidhan.net/word/comment.html,A,7,REVIEW,LEGACY — NEEDS STATIC UPGRADE,0,0,0,0,GLOBAL AGGREGATE — FRANCE CONTAMINATION POSSIBLE,NONE,Bangladesh-filtered GSC page/query export required,47.5,Phase 2B tier/quality + global impressions/position; clicks excluded from score
commentary,https://ovidhan.net/word/commentary.html,A,7,REVIEW,LEGACY — NEEDS STATIC UPGRADE,0,0,0,0,GLOBAL AGGREGATE — FRANCE CONTAMINATION POSSIBLE,NONE,Bangladesh-filtered GSC page/query export required,47.5,Phase 2B tier/quality + global impressions/position; clicks excluded from score
comments,https://ovidhan.net/word/comments.html,A,7,REVIEW,LEGACY — NEEDS STATIC UPGRADE,0,0,0,0,GLOBAL AGGREGATE — FRANCE CONTAMINATION POSSIBLE,NONE,Bangladesh-filtered GSC page/query export required,47.5,Phase 2B tier/quality + global impressions/position; clicks excluded from score
commerce,https://ovidhan.net/word/commerce.html,A,7,REVIEW,LEGACY — NEEDS STATIC UPGRADE,0,0,0,0,GLOBAL AGGREGATE — FRANCE CONTAMINATION POSSIBLE,NONE,Bangladesh-filtered GSC page/query export required,47.5,Phase 2B tier/quality + global impressions/position; clicks excluded from score
commercial,https://ovidhan.net/word/commercial.html,A,7,REVIEW,LEGACY — NEEDS STATIC UPGRADE,0,0,0,0,GLOBAL AGGREGATE — FRANCE CONTAMINATION POSSIBLE,NONE,Bangladesh-filtered GSC page/query export required,47.5,Phase 2B tier/quality + global impressions/position; clicks excluded from score
commission,https://ovidhan.net/word/commission.html,A,7,REVIEW,LEGACY — NEEDS STATIC UPGRADE,0,0,0,0,GLOBAL AGGREGATE — FRANCE CONTAMINATION POSSIBLE,NONE,Bangladesh-filtered GSC page/query export required,47.5,Phase 2B tier/quality + global impressions/position; clicks excluded from score
commissioner,https://ovidhan.net/word/commissioner.html,A,7,REVIEW,LEGACY — NEEDS STATIC UPGRADE,0,0,0,0,GLOBAL AGGREGATE — FRANCE CONTAMINATION POSSIBLE,NONE,Bangladesh-filtered GSC page/query export required,47.5,Phase 2B tier/quality + global impressions/position; clicks excluded from score
commit,https://ovidhan.net/word/commit.html,A,7,REVIEW,LEGACY — NEEDS STATIC UPGRADE,0,0,0,0,GLOBAL AGGREGATE — FRANCE CONTAMINATION POSSIBLE,NONE,Bangladesh-filtered GSC page/query export required,47.5,Phase 2B tier/quality + global impressions/position; clicks excluded from score
commitment,https://ovidhan.net/word/commitment.html,A,7,REVIEW,LEGACY — NEEDS STATIC UPGRADE,0,0,0,0,GLOBAL AGGREGATE — FRANCE CONTAMINATION POSSIBLE,NONE,Bangladesh-filtered GSC page/query export required,47.5,Phase 2B tier/quality + global impressions/position; clicks excluded from score
committed,https://ovidhan.net/word/committed.html,A,7,REVIEW,LEGACY — NEEDS STATIC UPGRADE,0,0,0,0,GLOBAL AGGREGATE — FRANCE CONTAMINATION POSSIBLE,NONE,Bangladesh-filtered GSC page/query export required,47.5,Phase 2B tier/quality + global impressions/position; clicks excluded from score
committee,https://ovidhan.net/word/committee.html,A,7,REVIEW,LEGACY — NEEDS STATIC UPGRADE,0,0,0,0,GLOBAL AGGREGATE — FRANCE CONTAMINATION POSSIBLE,NONE,Bangladesh-filtered GSC page/query export required,47.5,Phase 2B tier/quality + global impressions/position; clicks excluded from score
committees,https://ovidhan.net/word/committees.html,A,7,REVIEW,LEGACY — NEEDS STATIC UPGRADE,0,0,0,0,GLOBAL AGGREGATE — FRANCE CONTAMINATION POSSIBLE,NONE,Bangladesh-filtered GSC page/query export required,47.5,Phase 2B tier/quality + global impressions/position; clicks excluded from score
common,https://ovidhan.net/word/common.html,A,7,REVIEW,LEGACY — NEEDS STATIC UPGRADE,0,0,0,0,GLOBAL AGGREGATE — FRANCE CONTAMINATION POSSIBLE,NONE,Bangladesh-filtered GSC page/query export required,47.5,Phase 2B tier/quality + global impressions/position; clicks excluded from score
commons,https://ovidhan.net/word/commons.html,A,7,REVIEW,LEGACY — NEEDS STATIC UPGRADE,0,0,0,0,GLOBAL AGGREGATE — FRANCE CONTAMINATION POSSIBLE,NONE,Bangladesh-filtered GSC page/query export required,47.5,Phase 2B tier/quality + global impressions/position; clicks excluded from score
communication,https://ovidhan.net/word/communication.html,A,7,REVIEW,LEGACY — NEEDS STATIC UPGRADE,0,0,0,0,GLOBAL AGGREGATE — FRANCE CONTAMINATION POSSIBLE,NONE,Bangladesh-filtered GSC page/query export required,47.5,Phase 2B tier/quality + global impressions/position; clicks excluded from score
communications,https://ovidhan.net/word/communications.html,A,7,REVIEW,LEGACY — NEEDS STATIC UPGRADE,0,0,0,0,GLOBAL AGGREGATE — FRANCE CONTAMINATION POSSIBLE,NONE,Bangladesh-filtered GSC page/query export required,47.5,Phase 2B tier/quality + global impressions/position; clicks excluded from score
communities,https://ovidhan.net/word/communities.html,A,7,REVIEW,LEGACY — NEEDS STATIC UPGRADE,0,0,0,0,GLOBAL AGGREGATE — FRANCE CONTAMINATION POSSIBLE,NONE,Bangladesh-filtered GSC page/query export required,47.5,Phase 2B tier/quality + global impressions/position; clicks excluded from score
community,https://ovidhan.net/word/community.html,A,7,REVIEW,LEGACY — NEEDS STATIC UPGRADE,0,0,0,0,GLOBAL AGGREGATE — FRANCE CONTAMINATION POSSIBLE,NONE,Bangladesh-filtered GSC page/query export required,47.5,Phase 2B tier/quality + global impressions/position; clicks excluded from score
compact,https://ovidhan.net/word/compact.html,A,7,REVIEW,LEGACY — NEEDS STATIC UPGRADE,0,0,0,0,GLOBAL AGGREGATE — FRANCE CONTAMINATION POSSIBLE,NONE,Bangladesh-filtered GSC page/query export required,47.5,Phase 2B tier/quality + global impressions/position; clicks excluded from score
companies,https://ovidhan.net/word/companies.html,A,7,REVIEW,LEGACY — NEEDS STATIC UPGRADE,0,0,0,0,GLOBAL AGGREGATE — FRANCE CONTAMINATION POSSIBLE,NONE,Bangladesh-filtered GSC page/query export required,47.5,Phase 2B tier/quality + global impressions/position; clicks excluded from score
company,https://ovidhan.net/word/company.html,A,7,REVIEW,LEGACY — NEEDS STATIC UPGRADE,0,0,0,0,GLOBAL AGGREGATE — FRANCE CONTAMINATION POSSIBLE,NONE,Bangladesh-filtered GSC page/query export required,47.5,Phase 2B tier/quality + global impressions/position; clicks excluded from score
compare,https://ovidhan.net/word/compare.html,A,7,REVIEW,LEGACY — NEEDS STATIC UPGRADE,0,0,0,0,GLOBAL AGGREGATE — FRANCE CONTAMINATION POSSIBLE,NONE,Bangladesh-filtered GSC page/query export required,47.5,Phase 2B tier/quality + global impressions/position; clicks excluded from score
compared,https://ovidhan.net/word/compared.html,A,7,REVIEW,LEGACY — NEEDS STATIC UPGRADE,0,0,0,0,GLOBAL AGGREGATE — FRANCE CONTAMINATION POSSIBLE,NONE,Bangladesh-filtered GSC page/query export required,47.5,Phase 2B tier/quality + global impressions/position; clicks excluded from score
comparison,https://ovidhan.net/word/comparison.html,A,7,REVIEW,LEGACY — NEEDS STATIC UPGRADE,0,0,0,0,GLOBAL AGGREGATE — FRANCE CONTAMINATION POSSIBLE,NONE,Bangladesh-filtered GSC page/query export required,47.5,Phase 2B tier/quality + global impressions/position; clicks excluded from score
compatible,https://ovidhan.net/word/compatible.html,A,7,REVIEW,LEGACY — NEEDS STATIC UPGRADE,0,0,0,0,GLOBAL AGGREGATE — FRANCE CONTAMINATION POSSIBLE,NONE,Bangladesh-filtered GSC page/query export required,47.5,Phase 2B tier/quality + global impressions/position; clicks excluded from score
compensation,https://ovidhan.net/word/compensation.html,A,7,REVIEW,LEGACY — NEEDS STATIC UPGRADE,0,0,0,0,GLOBAL AGGREGATE — FRANCE CONTAMINATION POSSIBLE,NONE,Bangladesh-filtered GSC page/query export required,47.5,Phase 2B tier/quality + global impressions/position; clicks excluded from score
competition,https://ovidhan.net/word/competition.html,A,7,REVIEW,LEGACY — NEEDS STATIC UPGRADE,0,0,0,0,GLOBAL AGGREGATE — FRANCE CONTAMINATION POSSIBLE,NONE,Bangladesh-filtered GSC page/query export required,47.5,Phase 2B tier/quality + global impressions/position; clicks excluded from score
competitive,https://ovidhan.net/word/competitive.html,A,7,REVIEW,LEGACY — NEEDS STATIC UPGRADE,0,0,0,0,GLOBAL AGGREGATE — FRANCE CONTAMINATION POSSIBLE,NONE,Bangladesh-filtered GSC page/query export required,47.5,Phase 2B tier/quality + global impressions/position; clicks excluded from score
complaint,https://ovidhan.net/word/complaint.html,A,7,REVIEW,LEGACY — NEEDS STATIC UPGRADE,0,0,0,0,GLOBAL AGGREGATE — FRANCE CONTAMINATION POSSIBLE,NONE,Bangladesh-filtered GSC page/query export required,47.5,Phase 2B tier/quality + global impressions/position; clicks excluded from score
complaints,https://ovidhan.net/word/complaints.html,A,7,REVIEW,LEGACY — NEEDS STATIC UPGRADE,0,0,0,0,GLOBAL AGGREGATE — FRANCE CONTAMINATION POSSIBLE,NONE,Bangladesh-filtered GSC page/query export required,47.5,Phase 2B tier/quality + global impressions/position; clicks excluded from score
complete,https://ovidhan.net/word/complete.html,A,7,REVIEW,LEGACY — NEEDS STATIC UPGRADE,0,0,0,0,GLOBAL AGGREGATE — FRANCE CONTAMINATION POSSIBLE,NONE,Bangladesh-filtered GSC page/query export required,47.5,Phase 2B tier/quality + global impressions/position; clicks excluded from score
completed,https://ovidhan.net/word/completed.html,A,7,REVIEW,LEGACY — NEEDS STATIC UPGRADE,0,0,0,0,GLOBAL AGGREGATE — FRANCE CONTAMINATION POSSIBLE,NONE,Bangladesh-filtered GSC page/query export required,47.5,Phase 2B tier/quality + global impressions/position; clicks excluded from score
completely,https://ovidhan.net/word/completely.html,A,7,REVIEW,LEGACY — NEEDS STATIC UPGRADE,0,0,0,0,GLOBAL AGGREGATE — FRANCE CONTAMINATION POSSIBLE,NONE,Bangladesh-filtered GSC page/query export required,47.5,Phase 2B tier/quality + global impressions/position; clicks excluded from score
completion,https://ovidhan.net/word/completion.html,A,7,REVIEW,LEGACY — NEEDS STATIC UPGRADE,0,0,0,0,GLOBAL AGGREGATE — FRANCE CONTAMINATION POSSIBLE,NONE,Bangladesh-filtered GSC page/query export required,47.5,Phase 2B tier/quality + global impressions/position; clicks excluded from score
complex,https://ovidhan.net/word/complex.html,A,7,REVIEW,LEGACY — NEEDS STATIC UPGRADE,0,0,0,0,GLOBAL AGGREGATE — FRANCE CONTAMINATION POSSIBLE,NONE,Bangladesh-filtered GSC page/query export required,47.5,Phase 2B tier/quality + global impressions/position; clicks excluded from score
compliance,https://ovidhan.net/word/compliance.html,A,7,REVIEW,LEGACY — NEEDS STATIC UPGRADE,0,0,0,0,GLOBAL AGGREGATE — FRANCE CONTAMINATION POSSIBLE,NONE,Bangladesh-filtered GSC page/query export required,47.5,Phase 2B tier/quality + global impressions/position; clicks excluded from score
component,https://ovidhan.net/word/component.html,A,7,REVIEW,LEGACY — NEEDS STATIC UPGRADE,0,0,0,0,GLOBAL AGGREGATE — FRANCE CONTAMINATION POSSIBLE,NONE,Bangladesh-filtered GSC page/query export required,47.5,Phase 2B tier/quality + global impressions/position; clicks excluded from score
components,https://ovidhan.net/word/components.html,A,7,REVIEW,LEGACY — NEEDS STATIC UPGRADE,0,0,0,0,GLOBAL AGGREGATE — FRANCE CONTAMINATION POSSIBLE,NONE,Bangladesh-filtered GSC page/query export required,47.5,Phase 2B tier/quality + global impressions/position; clicks excluded from score
composition,https://ovidhan.net/word/composition.html,A,7,REVIEW,LEGACY — NEEDS STATIC UPGRADE,0,0,0,0,GLOBAL AGGREGATE — FRANCE CONTAMINATION POSSIBLE,NONE,Bangladesh-filtered GSC page/query export required,47.5,Phase 2B tier/quality + global impressions/position; clicks excluded from score
comprehensive,https://ovidhan.net/word/comprehensive.html,A,7,REVIEW,LEGACY — NEEDS STATIC UPGRADE,0,0,0,0,GLOBAL AGGREGATE — FRANCE CONTAMINATION POSSIBLE,NONE,Bangladesh-filtered GSC page/query export required,47.5,Phase 2B tier/quality + global impressions/position; clicks excluded from score
computer,https://ovidhan.net/word/computer.html,A,7,REVIEW,LEGACY — NEEDS STATIC UPGRADE,0,0,0,0,GLOBAL AGGREGATE — FRANCE CONTAMINATION POSSIBLE,NONE,Bangladesh-filtered GSC page/query export required,47.5,Phase 2B tier/quality + global impressions/position; clicks excluded from score
computers,https://ovidhan.net/word/computers.html,A,7,REVIEW,LEGACY — NEEDS STATIC UPGRADE,0,0,0,0,GLOBAL AGGREGATE — FRANCE CONTAMINATION POSSIBLE,NONE,Bangladesh-filtered GSC page/query export required,47.5,Phase 2B tier/quality + global impressions/position; clicks excluded from score
computing,https://ovidhan.net/word/computing.html,A,7,REVIEW,LEGACY — NEEDS STATIC UPGRADE,0,0,0,0,GLOBAL AGGREGATE — FRANCE CONTAMINATION POSSIBLE,NONE,Bangladesh-filtered GSC page/query export required,47.5,Phase 2B tier/quality + global impressions/position; clicks excluded from score
concentration,https://ovidhan.net/word/concentration.html,A,7,REVIEW,LEGACY — NEEDS STATIC UPGRADE,0,0,0,0,GLOBAL AGGREGATE — FRANCE CONTAMINATION POSSIBLE,NONE,Bangladesh-filtered GSC page/query export required,47.5,Phase 2B tier/quality + global impressions/position; clicks excluded from score
concept,https://ovidhan.net/word/concept.html,A,7,REVIEW,LEGACY — NEEDS STATIC UPGRADE,0,0,0,0,GLOBAL AGGREGATE — FRANCE CONTAMINATION POSSIBLE,NONE,Bangladesh-filtered GSC page/query export required,47.5,Phase 2B tier/quality + global impressions/position; clicks excluded from score
concepts,https://ovidhan.net/word/concepts.html,A,7,REVIEW,LEGACY — NEEDS STATIC UPGRADE,0,0,0,0,GLOBAL AGGREGATE — FRANCE CONTAMINATION POSSIBLE,NONE,Bangladesh-filtered GSC page/query export required,47.5,Phase 2B tier/quality + global impressions/position; clicks excluded from score
concern,https://ovidhan.net/word/concern.html,A,7,REVIEW,LEGACY — NEEDS STATIC UPGRADE,0,0,0,0,GLOBAL AGGREGATE — FRANCE CONTAMINATION POSSIBLE,NONE,Bangladesh-filtered GSC page/query export required,47.5,Phase 2B tier/quality + global impressions/position; clicks excluded from score
concerned,https://ovidhan.net/word/concerned.html,A,7,REVIEW,LEGACY — NEEDS STATIC UPGRADE,0,0,0,0,GLOBAL AGGREGATE — FRANCE CONTAMINATION POSSIBLE,NONE,Bangladesh-filtered GSC page/query export required,47.5,Phase 2B tier/quality + global impressions/position; clicks excluded from score
concerning,https://ovidhan.net/word/concerning.html,A,7,REVIEW,LEGACY — NEEDS STATIC UPGRADE,0,0,0,0,GLOBAL AGGREGATE — FRANCE CONTAMINATION POSSIBLE,NONE,Bangladesh-filtered GSC page/query export required,47.5,Phase 2B tier/quality + global impressions/position; clicks excluded from score
concerns,https://ovidhan.net/word/concerns.html,A,7,REVIEW,LEGACY — NEEDS STATIC UPGRADE,0,0,0,0,GLOBAL AGGREGATE — FRANCE CONTAMINATION POSSIBLE,NONE,Bangladesh-filtered GSC page/query export required,47.5,Phase 2B tier/quality + global impressions/position; clicks excluded from score
concert,https://ovidhan.net/word/concert.html,A,7,REVIEW,LEGACY — NEEDS STATIC UPGRADE,0,0,0,0,GLOBAL AGGREGATE — FRANCE CONTAMINATION POSSIBLE,NONE,Bangladesh-filtered GSC page/query export required,47.5,Phase 2B tier/quality + global impressions/position; clicks excluded from score
conclusion,https://ovidhan.net/word/conclusion.html,A,7,REVIEW,LEGACY — NEEDS STATIC UPGRADE,0,0,0,0,GLOBAL AGGREGATE — FRANCE CONTAMINATION POSSIBLE,NONE,Bangladesh-filtered GSC page/query export required,47.5,Phase 2B tier/quality + global impressions/position; clicks excluded from score
concrete,https://ovidhan.net/word/concrete.html,A,7,REVIEW,LEGACY — NEEDS STATIC UPGRADE,0,0,0,0,GLOBAL AGGREGATE — FRANCE CONTAMINATION POSSIBLE,NONE,Bangladesh-filtered GSC page/query export required,47.5,Phase 2B tier/quality + global impressions/position; clicks excluded from score
condition,https://ovidhan.net/word/condition.html,A,7,REVIEW,LEGACY — NEEDS STATIC UPGRADE,0,0,0,0,GLOBAL AGGREGATE — FRANCE CONTAMINATION POSSIBLE,NONE,Bangladesh-filtered GSC page/query export required,47.5,Phase 2B tier/quality + global impressions/position; clicks excluded from score
conditions,https://ovidhan.net/word/conditions.html,A,7,REVIEW,LEGACY — NEEDS STATIC UPGRADE,0,0,0,0,GLOBAL AGGREGATE — FRANCE CONTAMINATION POSSIBLE,NONE,Bangladesh-filtered GSC page/query export required,47.5,Phase 2B tier/quality + global impressions/position; clicks excluded from score
conduct,https://ovidhan.net/word/conduct.html,A,7,REVIEW,LEGACY — NEEDS STATIC UPGRADE,0,0,0,0,GLOBAL AGGREGATE — FRANCE CONTAMINATION POSSIBLE,NONE,Bangladesh-filtered GSC page/query export required,47.5,Phase 2B tier/quality + global impressions/position; clicks excluded from score
conducted,https://ovidhan.net/word/conducted.html,A,7,REVIEW,LEGACY — NEEDS STATIC UPGRADE,0,0,0,0,GLOBAL AGGREGATE — FRANCE CONTAMINATION POSSIBLE,NONE,Bangladesh-filtered GSC page/query export required,47.5,Phase 2B tier/quality + global impressions/position; clicks excluded from score
conference,https://ovidhan.net/word/conference.html,A,7,REVIEW,LEGACY — NEEDS STATIC UPGRADE,0,0,0,0,GLOBAL AGGREGATE — FRANCE CONTAMINATION POSSIBLE,NONE,Bangladesh-filtered GSC page/query export required,47.5,Phase 2B tier/quality + global impressions/position; clicks excluded from score
conferences,https://ovidhan.net/word/conferences.html,A,7,REVIEW,LEGACY — NEEDS STATIC UPGRADE,0,0,0,0,GLOBAL AGGREGATE — FRANCE CONTAMINATION POSSIBLE,NONE,Bangladesh-filtered GSC page/query export required,47.5,Phase 2B tier/quality + global impressions/position; clicks excluded from score
confidence,https://ovidhan.net/word/confidence.html,A,7,REVIEW,LEGACY — NEEDS STATIC UPGRADE,0,0,0,0,GLOBAL AGGREGATE — FRANCE CONTAMINATION POSSIBLE,NONE,Bangladesh-filtered GSC page/query export required,47.5,Phase 2B tier/quality + global impressions/position; clicks excluded from score
configuration,https://ovidhan.net/word/configuration.html,A,7,REVIEW,LEGACY — NEEDS STATIC UPGRADE,0,0,0,0,GLOBAL AGGREGATE — FRANCE CONTAMINATION POSSIBLE,NONE,Bangladesh-filtered GSC page/query export required,47.5,Phase 2B tier/quality + global impressions/position; clicks excluded from score
configure,https://ovidhan.net/word/configure.html,A,7,REVIEW,LEGACY — NEEDS STATIC UPGRADE,0,0,0,0,GLOBAL AGGREGATE — FRANCE CONTAMINATION POSSIBLE,NONE,Bangladesh-filtered GSC page/query export required,47.5,Phase 2B tier/quality + global impressions/position; clicks excluded from score
confirm,https://ovidhan.net/word/confirm.html,A,7,REVIEW,LEGACY — NEEDS STATIC UPGRADE,0,0,0,0,GLOBAL AGGREGATE — FRANCE CONTAMINATION POSSIBLE,NONE,Bangladesh-filtered GSC page/query export required,47.5,Phase 2B tier/quality + global impressions/position; clicks excluded from score
confirmed,https://ovidhan.net/word/confirmed.html,A,7,REVIEW,LEGACY — NEEDS STATIC UPGRADE,0,0,0,0,GLOBAL AGGREGATE — FRANCE CONTAMINATION POSSIBLE,NONE,Bangladesh-filtered GSC page/query export required,47.5,Phase 2B tier/quality + global impressions/position; clicks excluded from score
conflict,https://ovidhan.net/word/conflict.html,A,7,REVIEW,LEGACY — NEEDS STATIC UPGRADE,0,0,0,0,GLOBAL AGGREGATE — FRANCE CONTAMINATION POSSIBLE,NONE,Bangladesh-filtered GSC page/query export required,47.5,Phase 2B tier/quality + global impressions/position; clicks excluded from score
congress,https://ovidhan.net/word/congress.html,A,7,REVIEW,LEGACY — NEEDS STATIC UPGRADE,0,0,0,0,GLOBAL AGGREGATE — FRANCE CONTAMINATION POSSIBLE,NONE,Bangladesh-filtered GSC page/query export required,47.5,Phase 2B tier/quality + global impressions/position; clicks excluded from score
connect,https://ovidhan.net/word/connect.html,A,7,REVIEW,LEGACY — NEEDS STATIC UPGRADE,0,0,0,0,GLOBAL AGGREGATE — FRANCE CONTAMINATION POSSIBLE,NONE,Bangladesh-filtered GSC page/query export required,47.5,Phase 2B tier/quality + global impressions/position; clicks excluded from score
connected,https://ovidhan.net/word/connected.html,A,7,REVIEW,LEGACY — NEEDS STATIC UPGRADE,0,0,0,0,GLOBAL AGGREGATE — FRANCE CONTAMINATION POSSIBLE,NONE,Bangladesh-filtered GSC page/query export required,47.5,Phase 2B tier/quality + global impressions/position; clicks excluded from score
connecticut,https://ovidhan.net/word/connecticut.html,A,7,REVIEW,LEGACY — NEEDS STATIC UPGRADE,0,0,0,0,GLOBAL AGGREGATE — FRANCE CONTAMINATION POSSIBLE,NONE,Bangladesh-filtered GSC page/query export required,47.5,Phase 2B tier/quality + global impressions/position; clicks excluded from score
connection,https://ovidhan.net/word/connection.html,A,7,REVIEW,LEGACY — NEEDS STATIC UPGRADE,0,0,0,0,GLOBAL AGGREGATE — FRANCE CONTAMINATION POSSIBLE,NONE,Bangladesh-filtered GSC page/query export required,47.5,Phase 2B tier/quality + global impressions/position; clicks excluded from score
connections,https://ovidhan.net/word/connections.html,A,7,REVIEW,LEGACY — NEEDS STATIC UPGRADE,0,0,0,0,GLOBAL AGGREGATE — FRANCE CONTAMINATION POSSIBLE,NONE,Bangladesh-filtered GSC page/query export required,47.5,Phase 2B tier/quality + global impressions/position; clicks excluded from score
consent,https://ovidhan.net/word/consent.html,A,7,REVIEW,LEGACY — NEEDS STATIC UPGRADE,0,0,0,0,GLOBAL AGGREGATE — FRANCE CONTAMINATION POSSIBLE,NONE,Bangladesh-filtered GSC page/query export required,47.5,Phase 2B tier/quality + global impressions/position; clicks excluded from score
consequences,https://ovidhan.net/word/consequences.html,A,7,REVIEW,LEGACY — NEEDS STATIC UPGRADE,0,0,0,0,GLOBAL AGGREGATE — FRANCE CONTAMINATION POSSIBLE,NONE,Bangladesh-filtered GSC page/query export required,47.5,Phase 2B tier/quality + global impressions/position; clicks excluded from score
conservation,https://ovidhan.net/word/conservation.html,A,7,REVIEW,LEGACY — NEEDS STATIC UPGRADE,0,0,0,0,GLOBAL AGGREGATE — FRANCE CONTAMINATION POSSIBLE,NONE,Bangladesh-filtered GSC page/query export required,47.5,Phase 2B tier/quality + global impressions/position; clicks excluded from score
conservative,https://ovidhan.net/word/conservative.html,A,7,REVIEW,LEGACY — NEEDS STATIC UPGRADE,0,0,0,0,GLOBAL AGGREGATE — FRANCE CONTAMINATION POSSIBLE,NONE,Bangladesh-filtered GSC page/query export required,47.5,Phase 2B tier/quality + global impressions/position; clicks excluded from score
consider,https://ovidhan.net/word/consider.html,A,7,REVIEW,LEGACY — NEEDS STATIC UPGRADE,0,0,0,0,GLOBAL AGGREGATE — FRANCE CONTAMINATION POSSIBLE,NONE,Bangladesh-filtered GSC page/query export required,47.5,Phase 2B tier/quality + global impressions/position; clicks excluded from score
consideration,https://ovidhan.net/word/consideration.html,A,7,REVIEW,LEGACY — NEEDS STATIC UPGRADE,0,0,0,0,GLOBAL AGGREGATE — FRANCE CONTAMINATION POSSIBLE,NONE,Bangladesh-filtered GSC page/query export required,47.5,Phase 2B tier/quality + global impressions/position; clicks excluded from score
considered,https://ovidhan.net/word/considered.html,A,7,REVIEW,LEGACY — NEEDS STATIC UPGRADE,0,0,0,0,GLOBAL AGGREGATE — FRANCE CONTAMINATION POSSIBLE,NONE,Bangladesh-filtered GSC page/query export required,47.5,Phase 2B tier/quality + global impressions/position; clicks excluded from score
considering,https://ovidhan.net/word/considering.html,A,7,REVIEW,LEGACY — NEEDS STATIC UPGRADE,0,0,0,0,GLOBAL AGGREGATE — FRANCE CONTAMINATION POSSIBLE,NONE,Bangladesh-filtered GSC page/query export required,47.5,Phase 2B tier/quality + global impressions/position; clicks excluded from score
consistent,https://ovidhan.net/word/consistent.html,A,7,REVIEW,LEGACY — NEEDS STATIC UPGRADE,0,0,0,0,GLOBAL AGGREGATE — FRANCE CONTAMINATION POSSIBLE,NONE,Bangladesh-filtered GSC page/query export required,47.5,Phase 2B tier/quality + global impressions/position; clicks excluded from score
consists,https://ovidhan.net/word/consists.html,A,7,REVIEW,LEGACY — NEEDS STATIC UPGRADE,0,0,0,0,GLOBAL AGGREGATE — FRANCE CONTAMINATION POSSIBLE,NONE,Bangladesh-filtered GSC page/query export required,47.5,Phase 2B tier/quality + global impressions/position; clicks excluded from score
console,https://ovidhan.net/word/console.html,A,7,REVIEW,LEGACY — NEEDS STATIC UPGRADE,0,0,0,0,GLOBAL AGGREGATE — FRANCE CONTAMINATION POSSIBLE,NONE,Bangladesh-filtered GSC page/query export required,47.5,Phase 2B tier/quality + global impressions/position; clicks excluded from score
consolidation,https://ovidhan.net/word/consolidation.html,A,7,REVIEW,LEGACY — NEEDS STATIC UPGRADE,0,0,0,0,GLOBAL AGGREGATE — FRANCE CONTAMINATION POSSIBLE,NONE,Bangladesh-filtered GSC page/query export required,47.5,Phase 2B tier/quality + global impressions/position; clicks excluded from score
constant,https://ovidhan.net/word/constant.html,A,7,REVIEW,LEGACY — NEEDS STATIC UPGRADE,0,0,0,0,GLOBAL AGGREGATE — FRANCE CONTAMINATION POSSIBLE,NONE,Bangladesh-filtered GSC page/query export required,47.5,Phase 2B tier/quality + global impressions/position; clicks excluded from score
constitutes,https://ovidhan.net/word/constitutes.html,A,7,REVIEW,LEGACY — NEEDS STATIC UPGRADE,0,0,0,0,GLOBAL AGGREGATE — FRANCE CONTAMINATION POSSIBLE,NONE,Bangladesh-filtered GSC page/query export required,47.5,Phase 2B tier/quality + global impressions/position; clicks excluded from score
constitution,https://ovidhan.net/word/constitution.html,A,7,REVIEW,LEGACY — NEEDS STATIC UPGRADE,0,0,0,0,GLOBAL AGGREGATE — FRANCE CONTAMINATION POSSIBLE,NONE,Bangladesh-filtered GSC page/query export required,47.5,Phase 2B tier/quality + global impressions/position; clicks excluded from score
construction,https://ovidhan.net/word/construction.html,A,7,REVIEW,LEGACY — NEEDS STATIC UPGRADE,0,0,0,0,GLOBAL AGGREGATE — FRANCE CONTAMINATION POSSIBLE,NONE,Bangladesh-filtered GSC page/query export required,47.5,Phase 2B tier/quality + global impressions/position; clicks excluded from score
consultant,https://ovidhan.net/word/consultant.html,A,7,REVIEW,LEGACY — NEEDS STATIC UPGRADE,0,0,0,0,GLOBAL AGGREGATE — FRANCE CONTAMINATION POSSIBLE,NONE,Bangladesh-filtered GSC page/query export required,47.5,Phase 2B tier/quality + global impressions/position; clicks excluded from score
consultants,https://ovidhan.net/word/consultants.html,A,7,REVIEW,LEGACY — NEEDS STATIC UPGRADE,0,0,0,0,GLOBAL AGGREGATE — FRANCE CONTAMINATION POSSIBLE,NONE,Bangladesh-filtered GSC page/query export required,47.5,Phase 2B tier/quality + global impressions/position; clicks excluded from score
consultation,https://ovidhan.net/word/consultation.html,A,7,REVIEW,LEGACY — NEEDS STATIC UPGRADE,0,0,0,0,GLOBAL AGGREGATE — FRANCE CONTAMINATION POSSIBLE,NONE,Bangladesh-filtered GSC page/query export required,47.5,Phase 2B tier/quality + global impressions/position; clicks excluded from score
consulting,https://ovidhan.net/word/consulting.html,A,7,REVIEW,LEGACY — NEEDS STATIC UPGRADE,0,0,0,0,GLOBAL AGGREGATE — FRANCE CONTAMINATION POSSIBLE,NONE,Bangladesh-filtered GSC page/query export required,47.5,Phase 2B tier/quality + global impressions/position; clicks excluded from score
consumer,https://ovidhan.net/word/consumer.html,A,7,REVIEW,LEGACY — NEEDS STATIC UPGRADE,0,0,0,0,GLOBAL AGGREGATE — FRANCE CONTAMINATION POSSIBLE,NONE,Bangladesh-filtered GSC page/query export required,47.5,Phase 2B tier/quality + global impressions/position; clicks excluded from score
consumers,https://ovidhan.net/word/consumers.html,A,7,REVIEW,LEGACY — NEEDS STATIC UPGRADE,0,0,0,0,GLOBAL AGGREGATE — FRANCE CONTAMINATION POSSIBLE,NONE,Bangladesh-filtered GSC page/query export required,47.5,Phase 2B tier/quality + global impressions/position; clicks excluded from score
consumption,https://ovidhan.net/word/consumption.html,A,7,REVIEW,LEGACY — NEEDS STATIC UPGRADE,0,0,0,0,GLOBAL AGGREGATE — FRANCE CONTAMINATION POSSIBLE,NONE,Bangladesh-filtered GSC page/query export required,47.5,Phase 2B tier/quality + global impressions/position; clicks excluded from score
contact,https://ovidhan.net/word/contact.html,A,7,REVIEW,LEGACY — NEEDS STATIC UPGRADE,0,0,0,0,GLOBAL AGGREGATE — FRANCE CONTAMINATION POSSIBLE,NONE,Bangladesh-filtered GSC page/query export required,47.5,Phase 2B tier/quality + global impressions/position; clicks excluded from score
contacts,https://ovidhan.net/word/contacts.html,A,7,REVIEW,LEGACY — NEEDS STATIC UPGRADE,0,0,0,0,GLOBAL AGGREGATE — FRANCE CONTAMINATION POSSIBLE,NONE,Bangladesh-filtered GSC page/query export required,47.5,Phase 2B tier/quality + global impressions/position; clicks excluded from score
contain,https://ovidhan.net/word/contain.html,A,7,REVIEW,LEGACY — NEEDS STATIC UPGRADE,0,0,0,0,GLOBAL AGGREGATE — FRANCE CONTAMINATION POSSIBLE,NONE,Bangladesh-filtered GSC page/query export required,47.5,Phase 2B tier/quality + global impressions/position; clicks excluded from score
contained,https://ovidhan.net/word/contained.html,A,7,REVIEW,LEGACY — NEEDS STATIC UPGRADE,0,0,0,0,GLOBAL AGGREGATE — FRANCE CONTAMINATION POSSIBLE,NONE,Bangladesh-filtered GSC page/query export required,47.5,Phase 2B tier/quality + global impressions/position; clicks excluded from score
containing,https://ovidhan.net/word/containing.html,A,7,REVIEW,LEGACY — NEEDS STATIC UPGRADE,0,0,0,0,GLOBAL AGGREGATE — FRANCE CONTAMINATION POSSIBLE,NONE,Bangladesh-filtered GSC page/query export required,47.5,Phase 2B tier/quality + global impressions/position; clicks excluded from score
contains,https://ovidhan.net/word/contains.html,A,7,REVIEW,LEGACY — NEEDS STATIC UPGRADE,0,0,0,0,GLOBAL AGGREGATE — FRANCE CONTAMINATION POSSIBLE,NONE,Bangladesh-filtered GSC page/query export required,47.5,Phase 2B tier/quality + global impressions/position; clicks excluded from score
contemporary,https://ovidhan.net/word/contemporary.html,A,7,REVIEW,LEGACY — NEEDS STATIC UPGRADE,0,0,0,0,GLOBAL AGGREGATE — FRANCE CONTAMINATION POSSIBLE,NONE,Bangladesh-filtered GSC page/query export required,47.5,Phase 2B tier/quality + global impressions/position; clicks excluded from score
content,https://ovidhan.net/word/content.html,A,7,REVIEW,LEGACY — NEEDS STATIC UPGRADE,0,0,0,0,GLOBAL AGGREGATE — FRANCE CONTAMINATION POSSIBLE,NONE,Bangladesh-filtered GSC page/query export required,47.5,Phase 2B tier/quality + global impressions/position; clicks excluded from score
contents,https://ovidhan.net/word/contents.html,A,7,REVIEW,LEGACY — NEEDS STATIC UPGRADE,0,0,0,0,GLOBAL AGGREGATE — FRANCE CONTAMINATION POSSIBLE,NONE,Bangladesh-filtered GSC page/query export required,47.5,Phase 2B tier/quality + global impressions/position; clicks excluded from score
contest,https://ovidhan.net/word/contest.html,A,7,REVIEW,LEGACY — NEEDS STATIC UPGRADE,0,0,0,0,GLOBAL AGGREGATE — FRANCE CONTAMINATION POSSIBLE,NONE,Bangladesh-filtered GSC page/query export required,47.5,Phase 2B tier/quality + global impressions/position; clicks excluded from score
context,https://ovidhan.net/word/context.html,A,7,REVIEW,LEGACY — NEEDS STATIC UPGRADE,0,0,0,0,GLOBAL AGGREGATE — FRANCE CONTAMINATION POSSIBLE,NONE,Bangladesh-filtered GSC page/query export required,47.5,Phase 2B tier/quality + global impressions/position; clicks excluded from score
continue,https://ovidhan.net/word/continue.html,A,7,REVIEW,LEGACY — NEEDS STATIC UPGRADE,0,0,0,0,GLOBAL AGGREGATE — FRANCE CONTAMINATION POSSIBLE,NONE,Bangladesh-filtered GSC page/query export required,47.5,Phase 2B tier/quality + global impressions/position; clicks excluded from score
continued,https://ovidhan.net/word/continued.html,A,7,REVIEW,LEGACY — NEEDS STATIC UPGRADE,0,0,0,0,GLOBAL AGGREGATE — FRANCE CONTAMINATION POSSIBLE,NONE,Bangladesh-filtered GSC page/query export required,47.5,Phase 2B tier/quality + global impressions/position; clicks excluded from score
continues,https://ovidhan.net/word/continues.html,A,7,REVIEW,LEGACY — NEEDS STATIC UPGRADE,0,0,0,0,GLOBAL AGGREGATE — FRANCE CONTAMINATION POSSIBLE,NONE,Bangladesh-filtered GSC page/query export required,47.5,Phase 2B tier/quality + global impressions/position; clicks excluded from score
continuing,https://ovidhan.net/word/continuing.html,A,7,REVIEW,LEGACY — NEEDS STATIC UPGRADE,0,0,0,0,GLOBAL AGGREGATE — FRANCE CONTAMINATION POSSIBLE,NONE,Bangladesh-filtered GSC page/query export required,47.5,Phase 2B tier/quality + global impressions/position; clicks excluded from score
continuous,https://ovidhan.net/word/continuous.html,A,7,REVIEW,LEGACY — NEEDS STATIC UPGRADE,0,0,0,0,GLOBAL AGGREGATE — FRANCE CONTAMINATION POSSIBLE,NONE,Bangladesh-filtered GSC page/query export required,47.5,Phase 2B tier/quality + global impressions/position; clicks excluded from score
contract,https://ovidhan.net/word/contract.html,A,7,REVIEW,LEGACY — NEEDS STATIC UPGRADE,0,0,0,0,GLOBAL AGGREGATE — FRANCE CONTAMINATION POSSIBLE,NONE,Bangladesh-filtered GSC page/query export required,47.5,Phase 2B tier/quality + global impressions/position; clicks excluded from score
contractor,https://ovidhan.net/word/contractor.html,A,7,REVIEW,LEGACY — NEEDS STATIC UPGRADE,0,0,0,0,GLOBAL AGGREGATE — FRANCE CONTAMINATION POSSIBLE,NONE,Bangladesh-filtered GSC page/query export required,47.5,Phase 2B tier/quality + global impressions/position; clicks excluded from score
contractors,https://ovidhan.net/word/contractors.html,A,7,REVIEW,LEGACY — NEEDS STATIC UPGRADE,0,0,0,0,GLOBAL AGGREGATE — FRANCE CONTAMINATION POSSIBLE,NONE,Bangladesh-filtered GSC page/query export required,47.5,Phase 2B tier/quality + global impressions/position; clicks excluded from score
contracts,https://ovidhan.net/word/contracts.html,A,7,REVIEW,LEGACY — NEEDS STATIC UPGRADE,0,0,0,0,GLOBAL AGGREGATE — FRANCE CONTAMINATION POSSIBLE,NONE,Bangladesh-filtered GSC page/query export required,47.5,Phase 2B tier/quality + global impressions/position; clicks excluded from score
contrast,https://ovidhan.net/word/contrast.html,A,7,REVIEW,LEGACY — NEEDS STATIC UPGRADE,0,0,0,0,GLOBAL AGGREGATE — FRANCE CONTAMINATION POSSIBLE,NONE,Bangladesh-filtered GSC page/query export required,47.5,Phase 2B tier/quality + global impressions/position; clicks excluded from score
contribute,https://ovidhan.net/word/contribute.html,A,7,REVIEW,LEGACY — NEEDS STATIC UPGRADE,0,0,0,0,GLOBAL AGGREGATE — FRANCE CONTAMINATION POSSIBLE,NONE,Bangladesh-filtered GSC page/query export required,47.5,Phase 2B tier/quality + global impressions/position; clicks excluded from score
contributed,https://ovidhan.net/word/contributed.html,A,7,REVIEW,LEGACY — NEEDS STATIC UPGRADE,0,0,0,0,GLOBAL AGGREGATE — FRANCE CONTAMINATION POSSIBLE,NONE,Bangladesh-filtered GSC page/query export required,47.5,Phase 2B tier/quality + global impressions/position; clicks excluded from score
contribution,https://ovidhan.net/word/contribution.html,A,7,REVIEW,LEGACY — NEEDS STATIC UPGRADE,0,0,0,0,GLOBAL AGGREGATE — FRANCE CONTAMINATION POSSIBLE,NONE,Bangladesh-filtered GSC page/query export required,47.5,Phase 2B tier/quality + global impressions/position; clicks excluded from score
contributions,https://ovidhan.net/word/contributions.html,A,7,REVIEW,LEGACY — NEEDS STATIC UPGRADE,0,0,0,0,GLOBAL AGGREGATE — FRANCE CONTAMINATION POSSIBLE,NONE,Bangladesh-filtered GSC page/query export required,47.5,Phase 2B tier/quality + global impressions/position; clicks excluded from score
control,https://ovidhan.net/word/control.html,A,7,REVIEW,LEGACY — NEEDS STATIC UPGRADE,0,0,0,0,GLOBAL AGGREGATE — FRANCE CONTAMINATION POSSIBLE,NONE,Bangladesh-filtered GSC page/query export required,47.5,Phase 2B tier/quality + global impressions/position; clicks excluded from score
controlled,https://ovidhan.net/word/controlled.html,A,7,REVIEW,LEGACY — NEEDS STATIC UPGRADE,0,0,0,0,GLOBAL AGGREGATE — FRANCE CONTAMINATION POSSIBLE,NONE,Bangladesh-filtered GSC page/query export required,47.5,Phase 2B tier/quality + global impressions/position; clicks excluded from score
controller,https://ovidhan.net/word/controller.html,A,7,REVIEW,LEGACY — NEEDS STATIC UPGRADE,0,0,0,0,GLOBAL AGGREGATE — FRANCE CONTAMINATION POSSIBLE,NONE,Bangladesh-filtered GSC page/query export required,47.5,Phase 2B tier/quality + global impressions/position; clicks excluded from score
controls,https://ovidhan.net/word/controls.html,A,7,REVIEW,LEGACY — NEEDS STATIC UPGRADE,0,0,0,0,GLOBAL AGGREGATE — FRANCE CONTAMINATION POSSIBLE,NONE,Bangladesh-filtered GSC page/query export required,47.5,Phase 2B tier/quality + global impressions/position; clicks excluded from score
convention,https://ovidhan.net/word/convention.html,A,7,REVIEW,LEGACY — NEEDS STATIC UPGRADE,0,0,0,0,GLOBAL AGGREGATE — FRANCE CONTAMINATION POSSIBLE,NONE,Bangladesh-filtered GSC page/query export required,47.5,Phase 2B tier/quality + global impressions/position; clicks excluded from score
conversation,https://ovidhan.net/word/conversation.html,A,7,REVIEW,LEGACY — NEEDS STATIC UPGRADE,0,0,0,0,GLOBAL AGGREGATE — FRANCE CONTAMINATION POSSIBLE,NONE,Bangladesh-filtered GSC page/query export required,47.5,Phase 2B tier/quality + global impressions/position; clicks excluded from score
conversion,https://ovidhan.net/word/conversion.html,A,7,REVIEW,LEGACY — NEEDS STATIC UPGRADE,0,0,0,0,GLOBAL AGGREGATE — FRANCE CONTAMINATION POSSIBLE,NONE,Bangladesh-filtered GSC page/query export required,47.5,Phase 2B tier/quality + global impressions/position; clicks excluded from score
convert,https://ovidhan.net/word/convert.html,A,7,REVIEW,LEGACY — NEEDS STATIC UPGRADE,0,0,0,0,GLOBAL AGGREGATE — FRANCE CONTAMINATION POSSIBLE,NONE,Bangladesh-filtered GSC page/query export required,47.5,Phase 2B tier/quality + global impressions/position; clicks excluded from score
converted,https://ovidhan.net/word/converted.html,A,7,REVIEW,LEGACY — NEEDS STATIC UPGRADE,0,0,0,0,GLOBAL AGGREGATE — FRANCE CONTAMINATION POSSIBLE,NONE,Bangladesh-filtered GSC page/query export required,47.5,Phase 2B tier/quality + global impressions/position; clicks excluded from score
converter,https://ovidhan.net/word/converter.html,A,7,REVIEW,LEGACY — NEEDS STATIC UPGRADE,0,0,0,0,GLOBAL AGGREGATE — FRANCE CONTAMINATION POSSIBLE,NONE,Bangladesh-filtered GSC page/query export required,47.5,Phase 2B tier/quality + global impressions/position; clicks excluded from score
cook,https://ovidhan.net/word/cook.html,A,7,REVIEW,LEGACY — NEEDS STATIC UPGRADE,0,0,0,0,GLOBAL AGGREGATE — FRANCE CONTAMINATION POSSIBLE,NONE,Bangladesh-filtered GSC page/query export required,47.5,Phase 2B tier/quality + global impressions/position; clicks excluded from score
cookies,https://ovidhan.net/word/cookies.html,A,7,REVIEW,LEGACY — NEEDS STATIC UPGRADE,0,0,0,0,GLOBAL AGGREGATE — FRANCE CONTAMINATION POSSIBLE,NONE,Bangladesh-filtered GSC page/query export required,47.5,Phase 2B tier/quality + global impressions/position; clicks excluded from score
cooking,https://ovidhan.net/word/cooking.html,A,7,REVIEW,LEGACY — NEEDS STATIC UPGRADE,0,0,0,0,GLOBAL AGGREGATE — FRANCE CONTAMINATION POSSIBLE,NONE,Bangladesh-filtered GSC page/query export required,47.5,Phase 2B tier/quality + global impressions/position; clicks excluded from score
cool,https://ovidhan.net/word/cool.html,A,7,REVIEW,LEGACY — NEEDS STATIC UPGRADE,0,0,0,0,GLOBAL AGGREGATE — FRANCE CONTAMINATION POSSIBLE,NONE,Bangladesh-filtered GSC page/query export required,47.5,Phase 2B tier/quality + global impressions/position; clicks excluded from score
cooling,https://ovidhan.net/word/cooling.html,A,7,REVIEW,LEGACY — NEEDS STATIC UPGRADE,0,0,0,0,GLOBAL AGGREGATE — FRANCE CONTAMINATION POSSIBLE,NONE,Bangladesh-filtered GSC page/query export required,47.5,Phase 2B tier/quality + global impressions/position; clicks excluded from score
cooperation,https://ovidhan.net/word/cooperation.html,A,7,REVIEW,LEGACY — NEEDS STATIC UPGRADE,0,0,0,0,GLOBAL AGGREGATE — FRANCE CONTAMINATION POSSIBLE,NONE,Bangladesh-filtered GSC page/query export required,47.5,Phase 2B tier/quality + global impressions/position; clicks excluded from score
coordinator,https://ovidhan.net/word/coordinator.html,A,7,REVIEW,LEGACY — NEEDS STATIC UPGRADE,0,0,0,0,GLOBAL AGGREGATE — FRANCE CONTAMINATION POSSIBLE,NONE,Bangladesh-filtered GSC page/query export required,47.5,Phase 2B tier/quality + global impressions/position; clicks excluded from score
copies,https://ovidhan.net/word/copies.html,A,7,REVIEW,LEGACY — NEEDS STATIC UPGRADE,0,0,0,0,GLOBAL AGGREGATE — FRANCE CONTAMINATION POSSIBLE,NONE,Bangladesh-filtered GSC page/query export required,47.5,Phase 2B tier/quality + global impressions/position; clicks excluded from score
copper,https://ovidhan.net/word/copper.html,A,7,REVIEW,LEGACY — NEEDS STATIC UPGRADE,0,0,0,0,GLOBAL AGGREGATE — FRANCE CONTAMINATION POSSIBLE,NONE,Bangladesh-filtered GSC page/query export required,47.5,Phase 2B tier/quality + global impressions/position; clicks excluded from score
copy,https://ovidhan.net/word/copy.html,A,7,REVIEW,LEGACY — NEEDS STATIC UPGRADE,0,0,0,0,GLOBAL AGGREGATE — FRANCE CONTAMINATION POSSIBLE,NONE,Bangladesh-filtered GSC page/query export required,47.5,Phase 2B tier/quality + global impressions/position; clicks excluded from score
copyright,https://ovidhan.net/word/copyright.html,A,7,REVIEW,LEGACY — NEEDS STATIC UPGRADE,0,0,0,0,GLOBAL AGGREGATE — FRANCE CONTAMINATION POSSIBLE,NONE,Bangladesh-filtered GSC page/query export required,47.5,Phase 2B tier/quality + global impressions/position; clicks excluded from score
core,https://ovidhan.net/word/core.html,A,7,REVIEW,LEGACY — NEEDS STATIC UPGRADE,0,0,0,0,GLOBAL AGGREGATE — FRANCE CONTAMINATION POSSIBLE,NONE,Bangladesh-filtered GSC page/query export required,47.5,Phase 2B tier/quality + global impressions/position; clicks excluded from score
corner,https://ovidhan.net/word/corner.html,A,7,REVIEW,LEGACY — NEEDS STATIC UPGRADE,0,0,0,0,GLOBAL AGGREGATE — FRANCE CONTAMINATION POSSIBLE,NONE,Bangladesh-filtered GSC page/query export required,47.5,Phase 2B tier/quality + global impressions/position; clicks excluded from score
corporate,https://ovidhan.net/word/corporate.html,A,7,REVIEW,LEGACY — NEEDS STATIC UPGRADE,0,0,0,0,GLOBAL AGGREGATE — FRANCE CONTAMINATION POSSIBLE,NONE,Bangladesh-filtered GSC page/query export required,47.5,Phase 2B tier/quality + global impressions/position; clicks excluded from score
corporation,https://ovidhan.net/word/corporation.html,A,7,REVIEW,LEGACY — NEEDS STATIC UPGRADE,0,0,0,0,GLOBAL AGGREGATE — FRANCE CONTAMINATION POSSIBLE,NONE,Bangladesh-filtered GSC page/query export required,47.5,Phase 2B tier/quality + global impressions/position; clicks excluded from score
correct,https://ovidhan.net/word/correct.html,A,7,REVIEW,LEGACY — NEEDS STATIC UPGRADE,0,0,0,0,GLOBAL AGGREGATE — FRANCE CONTAMINATION POSSIBLE,NONE,Bangladesh-filtered GSC page/query export required,47.5,Phase 2B tier/quality + global impressions/position; clicks excluded from score
corrections,https://ovidhan.net/word/corrections.html,A,7,REVIEW,LEGACY — NEEDS STATIC UPGRADE,0,0,0,0,GLOBAL AGGREGATE — FRANCE CONTAMINATION POSSIBLE,NONE,Bangladesh-filtered GSC page/query export required,47.5,Phase 2B tier/quality + global impressions/position; clicks excluded from score
correctly,https://ovidhan.net/word/correctly.html,A,7,REVIEW,LEGACY — NEEDS STATIC UPGRADE,0,0,0,0,GLOBAL AGGREGATE — FRANCE CONTAMINATION POSSIBLE,NONE,Bangladesh-filtered GSC page/query export required,47.5,Phase 2B tier/quality + global impressions/position; clicks excluded from score
corresponding,https://ovidhan.net/word/corresponding.html,A,7,REVIEW,LEGACY — NEEDS STATIC UPGRADE,0,0,0,0,GLOBAL AGGREGATE — FRANCE CONTAMINATION POSSIBLE,NONE,Bangladesh-filtered GSC page/query export required,47.5,Phase 2B tier/quality + global impressions/position; clicks excluded from score
cost,https://ovidhan.net/word/cost.html,A,7,REVIEW,LEGACY — NEEDS STATIC UPGRADE,0,0,0,0,GLOBAL AGGREGATE — FRANCE CONTAMINATION POSSIBLE,NONE,Bangladesh-filtered GSC page/query export required,47.5,Phase 2B tier/quality + global impressions/position; clicks excluded from score
costa,https://ovidhan.net/word/costa.html,A,7,REVIEW,LEGACY — NEEDS STATIC UPGRADE,0,0,0,0,GLOBAL AGGREGATE — FRANCE CONTAMINATION POSSIBLE,NONE,Bangladesh-filtered GSC page/query export required,47.5,Phase 2B tier/quality + global impressions/position; clicks excluded from score
costs,https://ovidhan.net/word/costs.html,A,7,REVIEW,LEGACY — NEEDS STATIC UPGRADE,0,0,0,0,GLOBAL AGGREGATE — FRANCE CONTAMINATION POSSIBLE,NONE,Bangladesh-filtered GSC page/query export required,47.5,Phase 2B tier/quality + global impressions/position; clicks excluded from score
cotton,https://ovidhan.net/word/cotton.html,A,7,REVIEW,LEGACY — NEEDS STATIC UPGRADE,0,0,0,0,GLOBAL AGGREGATE — FRANCE CONTAMINATION POSSIBLE,NONE,Bangladesh-filtered GSC page/query export required,47.5,Phase 2B tier/quality + global impressions/position; clicks excluded from score
council,https://ovidhan.net/word/council.html,A,7,REVIEW,LEGACY — NEEDS STATIC UPGRADE,0,0,0,0,GLOBAL AGGREGATE — FRANCE CONTAMINATION POSSIBLE,NONE,Bangladesh-filtered GSC page/query export required,47.5,Phase 2B tier/quality + global impressions/position; clicks excluded from score
counsel,https://ovidhan.net/word/counsel.html,A,7,REVIEW,LEGACY — NEEDS STATIC UPGRADE,0,0,0,0,GLOBAL AGGREGATE — FRANCE CONTAMINATION POSSIBLE,NONE,Bangladesh-filtered GSC page/query export required,47.5,Phase 2B tier/quality + global impressions/position; clicks excluded from score
counseling,https://ovidhan.net/word/counseling.html,A,7,REVIEW,LEGACY — NEEDS STATIC UPGRADE,0,0,0,0,GLOBAL AGGREGATE — FRANCE CONTAMINATION POSSIBLE,NONE,Bangladesh-filtered GSC page/query export required,47.5,Phase 2B tier/quality + global impressions/position; clicks excluded from score
count,https://ovidhan.net/word/count.html,A,7,REVIEW,LEGACY — NEEDS STATIC UPGRADE,0,0,0,0,GLOBAL AGGREGATE — FRANCE CONTAMINATION POSSIBLE,NONE,Bangladesh-filtered GSC page/query export required,47.5,Phase 2B tier/quality + global impressions/position; clicks excluded from score
counter,https://ovidhan.net/word/counter.html,A,7,REVIEW,LEGACY — NEEDS STATIC UPGRADE,0,0,0,0,GLOBAL AGGREGATE — FRANCE CONTAMINATION POSSIBLE,NONE,Bangladesh-filtered GSC page/query export required,47.5,Phase 2B tier/quality + global impressions/position; clicks excluded from score
counties,https://ovidhan.net/word/counties.html,A,7,REVIEW,LEGACY — NEEDS STATIC UPGRADE,0,0,0,0,GLOBAL AGGREGATE — FRANCE CONTAMINATION POSSIBLE,NONE,Bangladesh-filtered GSC page/query export required,47.5,Phase 2B tier/quality + global impressions/position; clicks excluded from score
countries,https://ovidhan.net/word/countries.html,A,7,REVIEW,LEGACY — NEEDS STATIC UPGRADE,0,0,0,0,GLOBAL AGGREGATE — FRANCE CONTAMINATION POSSIBLE,NONE,Bangladesh-filtered GSC page/query export required,47.5,Phase 2B tier/quality + global impressions/position; clicks excluded from score
country,https://ovidhan.net/word/country.html,A,7,REVIEW,LEGACY — NEEDS STATIC UPGRADE,0,0,0,0,GLOBAL AGGREGATE — FRANCE CONTAMINATION POSSIBLE,NONE,Bangladesh-filtered GSC page/query export required,47.5,Phase 2B tier/quality + global impressions/position; clicks excluded from score
counts,https://ovidhan.net/word/counts.html,A,7,REVIEW,LEGACY — NEEDS STATIC UPGRADE,0,0,0,0,GLOBAL AGGREGATE — FRANCE CONTAMINATION POSSIBLE,NONE,Bangladesh-filtered GSC page/query export required,47.5,Phase 2B tier/quality + global impressions/position; clicks excluded from score
county,https://ovidhan.net/word/county.html,A,7,REVIEW,LEGACY — NEEDS STATIC UPGRADE,0,0,0,0,GLOBAL AGGREGATE — FRANCE CONTAMINATION POSSIBLE,NONE,Bangladesh-filtered GSC page/query export required,47.5,Phase 2B tier/quality + global impressions/position; clicks excluded from score
couple,https://ovidhan.net/word/couple.html,A,7,REVIEW,LEGACY — NEEDS STATIC UPGRADE,0,0,0,0,GLOBAL AGGREGATE — FRANCE CONTAMINATION POSSIBLE,NONE,Bangladesh-filtered GSC page/query export required,47.5,Phase 2B tier/quality + global impressions/position; clicks excluded from score
couples,https://ovidhan.net/word/couples.html,A,7,REVIEW,LEGACY — NEEDS STATIC UPGRADE,0,0,0,0,GLOBAL AGGREGATE — FRANCE CONTAMINATION POSSIBLE,NONE,Bangladesh-filtered GSC page/query export required,47.5,Phase 2B tier/quality + global impressions/position; clicks excluded from score
coupons,https://ovidhan.net/word/coupons.html,A,7,REVIEW,LEGACY — NEEDS STATIC UPGRADE,0,0,0,0,GLOBAL AGGREGATE — FRANCE CONTAMINATION POSSIBLE,NONE,Bangladesh-filtered GSC page/query export required,47.5,Phase 2B tier/quality + global impressions/position; clicks excluded from score
course,https://ovidhan.net/word/course.html,A,7,REVIEW,LEGACY — NEEDS STATIC UPGRADE,0,0,0,0,GLOBAL AGGREGATE — FRANCE CONTAMINATION POSSIBLE,NONE,Bangladesh-filtered GSC page/query export required,47.5,Phase 2B tier/quality + global impressions/position; clicks excluded from score
courses,https://ovidhan.net/word/courses.html,A,7,REVIEW,LEGACY — NEEDS STATIC UPGRADE,0,0,0,0,GLOBAL AGGREGATE — FRANCE CONTAMINATION POSSIBLE,NONE,Bangladesh-filtered GSC page/query export required,47.5,Phase 2B tier/quality + global impressions/position; clicks excluded from score
court,https://ovidhan.net/word/court.html,A,7,REVIEW,LEGACY — NEEDS STATIC UPGRADE,0,0,0,0,GLOBAL AGGREGATE — FRANCE CONTAMINATION POSSIBLE,NONE,Bangladesh-filtered GSC page/query export required,47.5,Phase 2B tier/quality + global impressions/position; clicks excluded from score
courts,https://ovidhan.net/word/courts.html,A,7,REVIEW,LEGACY — NEEDS STATIC UPGRADE,0,0,0,0,GLOBAL AGGREGATE — FRANCE CONTAMINATION POSSIBLE,NONE,Bangladesh-filtered GSC page/query export required,47.5,Phase 2B tier/quality + global impressions/position; clicks excluded from score
cover,https://ovidhan.net/word/cover.html,A,7,REVIEW,LEGACY — NEEDS STATIC UPGRADE,0,0,0,0,GLOBAL AGGREGATE — FRANCE CONTAMINATION POSSIBLE,NONE,Bangladesh-filtered GSC page/query export required,47.5,Phase 2B tier/quality + global impressions/position; clicks excluded from score
coverage,https://ovidhan.net/word/coverage.html,A,7,REVIEW,LEGACY — NEEDS STATIC UPGRADE,0,0,0,0,GLOBAL AGGREGATE — FRANCE CONTAMINATION POSSIBLE,NONE,Bangladesh-filtered GSC page/query export required,47.5,Phase 2B tier/quality + global impressions/position; clicks excluded from score
covered,https://ovidhan.net/word/covered.html,A,7,REVIEW,LEGACY — NEEDS STATIC UPGRADE,0,0,0,0,GLOBAL AGGREGATE — FRANCE CONTAMINATION POSSIBLE,NONE,Bangladesh-filtered GSC page/query export required,47.5,Phase 2B tier/quality + global impressions/position; clicks excluded from score
covering,https://ovidhan.net/word/covering.html,A,7,REVIEW,LEGACY — NEEDS STATIC UPGRADE,0,0,0,0,GLOBAL AGGREGATE — FRANCE CONTAMINATION POSSIBLE,NONE,Bangladesh-filtered GSC page/query export required,47.5,Phase 2B tier/quality + global impressions/position; clicks excluded from score
covers,https://ovidhan.net/word/covers.html,A,7,REVIEW,LEGACY — NEEDS STATIC UPGRADE,0,0,0,0,GLOBAL AGGREGATE — FRANCE CONTAMINATION POSSIBLE,NONE,Bangladesh-filtered GSC page/query export required,47.5,Phase 2B tier/quality + global impressions/position; clicks excluded from score
crack,https://ovidhan.net/word/crack.html,A,7,REVIEW,LEGACY — NEEDS STATIC UPGRADE,0,0,0,0,GLOBAL AGGREGATE — FRANCE CONTAMINATION POSSIBLE,NONE,Bangladesh-filtered GSC page/query export required,47.5,Phase 2B tier/quality + global impressions/position; clicks excluded from score
craft,https://ovidhan.net/word/craft.html,A,7,REVIEW,LEGACY — NEEDS STATIC UPGRADE,0,0,0,0,GLOBAL AGGREGATE — FRANCE CONTAMINATION POSSIBLE,NONE,Bangladesh-filtered GSC page/query export required,47.5,Phase 2B tier/quality + global impressions/position; clicks excluded from score
crafts,https://ovidhan.net/word/crafts.html,A,7,REVIEW,LEGACY — NEEDS STATIC UPGRADE,0,0,0,0,GLOBAL AGGREGATE — FRANCE CONTAMINATION POSSIBLE,NONE,Bangladesh-filtered GSC page/query export required,47.5,Phase 2B tier/quality + global impressions/position; clicks excluded from score
crash,https://ovidhan.net/word/crash.html,A,7,REVIEW,LEGACY — NEEDS STATIC UPGRADE,0,0,0,0,GLOBAL AGGREGATE — FRANCE CONTAMINATION POSSIBLE,NONE,Bangladesh-filtered GSC page/query export required,47.5,Phase 2B tier/quality + global impressions/position; clicks excluded from score
crazy,https://ovidhan.net/word/crazy.html,A,7,REVIEW,LEGACY — NEEDS STATIC UPGRADE,0,0,0,0,GLOBAL AGGREGATE — FRANCE CONTAMINATION POSSIBLE,NONE,Bangladesh-filtered GSC page/query export required,47.5,Phase 2B tier/quality + global impressions/position; clicks excluded from score
cream,https://ovidhan.net/word/cream.html,A,7,REVIEW,LEGACY — NEEDS STATIC UPGRADE,0,0,0,0,GLOBAL AGGREGATE — FRANCE CONTAMINATION POSSIBLE,NONE,Bangladesh-filtered GSC page/query export required,47.5,Phase 2B tier/quality + global impressions/position; clicks excluded from score
create,https://ovidhan.net/word/create.html,A,7,REVIEW,LEGACY — NEEDS STATIC UPGRADE,0,0,0,0,GLOBAL AGGREGATE — FRANCE CONTAMINATION POSSIBLE,NONE,Bangladesh-filtered GSC page/query export required,47.5,Phase 2B tier/quality + global impressions/position; clicks excluded from score
created,https://ovidhan.net/word/created.html,A,7,REVIEW,LEGACY — NEEDS STATIC UPGRADE,0,0,0,0,GLOBAL AGGREGATE — FRANCE CONTAMINATION POSSIBLE,NONE,Bangladesh-filtered GSC page/query export required,47.5,Phase 2B tier/quality + global impressions/position; clicks excluded from score
creation,https://ovidhan.net/word/creation.html,A,7,REVIEW,LEGACY — NEEDS STATIC UPGRADE,0,0,0,0,GLOBAL AGGREGATE — FRANCE CONTAMINATION POSSIBLE,NONE,Bangladesh-filtered GSC page/query export required,47.5,Phase 2B tier/quality + global impressions/position; clicks excluded from score
creative,https://ovidhan.net/word/creative.html,A,7,REVIEW,LEGACY — NEEDS STATIC UPGRADE,0,0,0,0,GLOBAL AGGREGATE — FRANCE CONTAMINATION POSSIBLE,NONE,Bangladesh-filtered GSC page/query export required,47.5,Phase 2B tier/quality + global impressions/position; clicks excluded from score
credit,https://ovidhan.net/word/credit.html,A,7,REVIEW,LEGACY — NEEDS STATIC UPGRADE,0,0,0,0,GLOBAL AGGREGATE — FRANCE CONTAMINATION POSSIBLE,NONE,Bangladesh-filtered GSC page/query export required,47.5,Phase 2B tier/quality + global impressions/position; clicks excluded from score
credits,https://ovidhan.net/word/credits.html,A,7,REVIEW,LEGACY — NEEDS STATIC UPGRADE,0,0,0,0,GLOBAL AGGREGATE — FRANCE CONTAMINATION POSSIBLE,NONE,Bangladesh-filtered GSC page/query export required,47.5,Phase 2B tier/quality + global impressions/position; clicks excluded from score
creek,https://ovidhan.net/word/creek.html,A,7,REVIEW,LEGACY — NEEDS STATIC UPGRADE,0,0,0,0,GLOBAL AGGREGATE — FRANCE CONTAMINATION POSSIBLE,NONE,Bangladesh-filtered GSC page/query export required,47.5,Phase 2B tier/quality + global impressions/position; clicks excluded from score
crew,https://ovidhan.net/word/crew.html,A,7,REVIEW,LEGACY — NEEDS STATIC UPGRADE,0,0,0,0,GLOBAL AGGREGATE — FRANCE CONTAMINATION POSSIBLE,NONE,Bangladesh-filtered GSC page/query export required,47.5,Phase 2B tier/quality + global impressions/position; clicks excluded from score
crime,https://ovidhan.net/word/crime.html,A,7,REVIEW,LEGACY — NEEDS STATIC UPGRADE,0,0,0,0,GLOBAL AGGREGATE — FRANCE CONTAMINATION POSSIBLE,NONE,Bangladesh-filtered GSC page/query export required,47.5,Phase 2B tier/quality + global impressions/position; clicks excluded from score
criminal,https://ovidhan.net/word/criminal.html,A,7,REVIEW,LEGACY — NEEDS STATIC UPGRADE,0,0,0,0,GLOBAL AGGREGATE — FRANCE CONTAMINATION POSSIBLE,NONE,Bangladesh-filtered GSC page/query export required,47.5,Phase 2B tier/quality + global impressions/position; clicks excluded from score
crisis,https://ovidhan.net/word/crisis.html,A,7,REVIEW,LEGACY — NEEDS STATIC UPGRADE,0,0,0,0,GLOBAL AGGREGATE — FRANCE CONTAMINATION POSSIBLE,NONE,Bangladesh-filtered GSC page/query export required,47.5,Phase 2B tier/quality + global impressions/position; clicks excluded from score
criteria,https://ovidhan.net/word/criteria.html,A,7,REVIEW,LEGACY — NEEDS STATIC UPGRADE,0,0,0,0,GLOBAL AGGREGATE — FRANCE CONTAMINATION POSSIBLE,NONE,Bangladesh-filtered GSC page/query export required,47.5,Phase 2B tier/quality + global impressions/position; clicks excluded from score
critical,https://ovidhan.net/word/critical.html,A,7,REVIEW,LEGACY — NEEDS STATIC UPGRADE,0,0,0,0,GLOBAL AGGREGATE — FRANCE CONTAMINATION POSSIBLE,NONE,Bangladesh-filtered GSC page/query export required,47.5,Phase 2B tier/quality + global impressions/position; clicks excluded from score
cross,https://ovidhan.net/word/cross.html,A,7,REVIEW,LEGACY — NEEDS STATIC UPGRADE,0,0,0,0,GLOBAL AGGREGATE — FRANCE CONTAMINATION POSSIBLE,NONE,Bangladesh-filtered GSC page/query export required,47.5,Phase 2B tier/quality + global impressions/position; clicks excluded from score
crown,https://ovidhan.net/word/crown.html,A,7,REVIEW,LEGACY — NEEDS STATIC UPGRADE,0,0,0,0,GLOBAL AGGREGATE — FRANCE CONTAMINATION POSSIBLE,NONE,Bangladesh-filtered GSC page/query export required,47.5,Phase 2B tier/quality + global impressions/position; clicks excluded from score
cruise,https://ovidhan.net/word/cruise.html,A,7,REVIEW,LEGACY — NEEDS STATIC UPGRADE,0,0,0,0,GLOBAL AGGREGATE — FRANCE CONTAMINATION POSSIBLE,NONE,Bangladesh-filtered GSC page/query export required,47.5,Phase 2B tier/quality + global impressions/position; clicks excluded from score
cruises,https://ovidhan.net/word/cruises.html,A,7,REVIEW,LEGACY — NEEDS STATIC UPGRADE,0,0,0,0,GLOBAL AGGREGATE — FRANCE CONTAMINATION POSSIBLE,NONE,Bangladesh-filtered GSC page/query export required,47.5,Phase 2B tier/quality + global impressions/position; clicks excluded from score
crystal,https://ovidhan.net/word/crystal.html,A,7,REVIEW,LEGACY — NEEDS STATIC UPGRADE,0,0,0,0,GLOBAL AGGREGATE — FRANCE CONTAMINATION POSSIBLE,NONE,Bangladesh-filtered GSC page/query export required,47.5,Phase 2B tier/quality + global impressions/position; clicks excluded from score
cultural,https://ovidhan.net/word/cultural.html,A,7,REVIEW,LEGACY — NEEDS STATIC UPGRADE,0,0,0,0,GLOBAL AGGREGATE — FRANCE CONTAMINATION POSSIBLE,NONE,Bangladesh-filtered GSC page/query export required,47.5,Phase 2B tier/quality + global impressions/position; clicks excluded from score
culture,https://ovidhan.net/word/culture.html,A,7,REVIEW,LEGACY — NEEDS STATIC UPGRADE,0,0,0,0,GLOBAL AGGREGATE — FRANCE CONTAMINATION POSSIBLE,NONE,Bangladesh-filtered GSC page/query export required,47.5,Phase 2B tier/quality + global impressions/position; clicks excluded from score
cum,https://ovidhan.net/word/cum.html,A,7,REVIEW,LEGACY — NEEDS STATIC UPGRADE,0,0,0,0,GLOBAL AGGREGATE — FRANCE CONTAMINATION POSSIBLE,NONE,Bangladesh-filtered GSC page/query export required,47.5,Phase 2B tier/quality + global impressions/position; clicks excluded from score
cup,https://ovidhan.net/word/cup.html,A,7,REVIEW,LEGACY — NEEDS STATIC UPGRADE,0,0,0,0,GLOBAL AGGREGATE — FRANCE CONTAMINATION POSSIBLE,NONE,Bangladesh-filtered GSC page/query export required,47.5,Phase 2B tier/quality + global impressions/position; clicks excluded from score
currency,https://ovidhan.net/word/currency.html,A,7,REVIEW,LEGACY — NEEDS STATIC UPGRADE,0,0,0,0,GLOBAL AGGREGATE — FRANCE CONTAMINATION POSSIBLE,NONE,Bangladesh-filtered GSC page/query export required,47.5,Phase 2B tier/quality + global impressions/position; clicks excluded from score
current,https://ovidhan.net/word/current.html,A,7,REVIEW,LEGACY — NEEDS STATIC UPGRADE,0,0,0,0,GLOBAL AGGREGATE — FRANCE CONTAMINATION POSSIBLE,NONE,Bangladesh-filtered GSC page/query export required,47.5,Phase 2B tier/quality + global impressions/position; clicks excluded from score
currently,https://ovidhan.net/word/currently.html,A,7,REVIEW,LEGACY — NEEDS STATIC UPGRADE,0,0,0,0,GLOBAL AGGREGATE — FRANCE CONTAMINATION POSSIBLE,NONE,Bangladesh-filtered GSC page/query export required,47.5,Phase 2B tier/quality + global impressions/position; clicks excluded from score
curriculum,https://ovidhan.net/word/curriculum.html,A,7,REVIEW,LEGACY — NEEDS STATIC UPGRADE,0,0,0,0,GLOBAL AGGREGATE — FRANCE CONTAMINATION POSSIBLE,NONE,Bangladesh-filtered GSC page/query export required,47.5,Phase 2B tier/quality + global impressions/position; clicks excluded from score
custom,https://ovidhan.net/word/custom.html,A,7,REVIEW,LEGACY — NEEDS STATIC UPGRADE,0,0,0,0,GLOBAL AGGREGATE — FRANCE CONTAMINATION POSSIBLE,NONE,Bangladesh-filtered GSC page/query export required,47.5,Phase 2B tier/quality + global impressions/position; clicks excluded from score
customer,https://ovidhan.net/word/customer.html,A,7,REVIEW,LEGACY — NEEDS STATIC UPGRADE,0,0,0,0,GLOBAL AGGREGATE — FRANCE CONTAMINATION POSSIBLE,NONE,Bangladesh-filtered GSC page/query export required,47.5,Phase 2B tier/quality + global impressions/position; clicks excluded from score
customers,https://ovidhan.net/word/customers.html,A,7,REVIEW,LEGACY — NEEDS STATIC UPGRADE,0,0,0,0,GLOBAL AGGREGATE — FRANCE CONTAMINATION POSSIBLE,NONE,Bangladesh-filtered GSC page/query export required,47.5,Phase 2B tier/quality + global impressions/position; clicks excluded from score
customize,https://ovidhan.net/word/customize.html,A,7,REVIEW,LEGACY — NEEDS STATIC UPGRADE,0,0,0,0,GLOBAL AGGREGATE — FRANCE CONTAMINATION POSSIBLE,NONE,Bangladesh-filtered GSC page/query export required,47.5,Phase 2B tier/quality + global impressions/position; clicks excluded from score
cut,https://ovidhan.net/word/cut.html,A,7,REVIEW,LEGACY — NEEDS STATIC UPGRADE,0,0,0,0,GLOBAL AGGREGATE — FRANCE CONTAMINATION POSSIBLE,NONE,Bangladesh-filtered GSC page/query export required,47.5,Phase 2B tier/quality + global impressions/position; clicks excluded from score
cute,https://ovidhan.net/word/cute.html,A,7,REVIEW,LEGACY — NEEDS STATIC UPGRADE,0,0,0,0,GLOBAL AGGREGATE — FRANCE CONTAMINATION POSSIBLE,NONE,Bangladesh-filtered GSC page/query export required,47.5,Phase 2B tier/quality + global impressions/position; clicks excluded from score
cutting,https://ovidhan.net/word/cutting.html,A,7,REVIEW,LEGACY — NEEDS STATIC UPGRADE,0,0,0,0,GLOBAL AGGREGATE — FRANCE CONTAMINATION POSSIBLE,NONE,Bangladesh-filtered GSC page/query export required,47.5,Phase 2B tier/quality + global impressions/position; clicks excluded from score
cycle,https://ovidhan.net/word/cycle.html,A,7,REVIEW,LEGACY — NEEDS STATIC UPGRADE,0,0,0,0,GLOBAL AGGREGATE — FRANCE CONTAMINATION POSSIBLE,NONE,Bangladesh-filtered GSC page/query export required,47.5,Phase 2B tier/quality + global impressions/position; clicks excluded from score
cyprus,https://ovidhan.net/word/cyprus.html,A,7,REVIEW,LEGACY — NEEDS STATIC UPGRADE,0,0,0,0,GLOBAL AGGREGATE — FRANCE CONTAMINATION POSSIBLE,NONE,Bangladesh-filtered GSC page/query export required,47.5,Phase 2B tier/quality + global impressions/position; clicks excluded from score
czech,https://ovidhan.net/word/czech.html,A,7,REVIEW,LEGACY — NEEDS STATIC UPGRADE,0,0,0,0,GLOBAL AGGREGATE — FRANCE CONTAMINATION POSSIBLE,NONE,Bangladesh-filtered GSC page/query export required,47.5,Phase 2B tier/quality + global impressions/position; clicks excluded from score
dad,https://ovidhan.net/word/dad.html,A,7,REVIEW,LEGACY — NEEDS STATIC UPGRADE,0,0,0,0,GLOBAL AGGREGATE — FRANCE CONTAMINATION POSSIBLE,NONE,Bangladesh-filtered GSC page/query export required,47.5,Phase 2B tier/quality + global impressions/position; clicks excluded from score
daily,https://ovidhan.net/word/daily.html,A,7,REVIEW,LEGACY — NEEDS STATIC UPGRADE,0,0,0,0,GLOBAL AGGREGATE — FRANCE CONTAMINATION POSSIBLE,NONE,Bangladesh-filtered GSC page/query export required,47.5,Phase 2B tier/quality + global impressions/position; clicks excluded from score
dakota,https://ovidhan.net/word/dakota.html,A,7,REVIEW,LEGACY — NEEDS STATIC UPGRADE,0,0,0,0,GLOBAL AGGREGATE — FRANCE CONTAMINATION POSSIBLE,NONE,Bangladesh-filtered GSC page/query export required,47.5,Phase 2B tier/quality + global impressions/position; clicks excluded from score
dallas,https://ovidhan.net/word/dallas.html,A,7,REVIEW,LEGACY — NEEDS STATIC UPGRADE,0,0,0,0,GLOBAL AGGREGATE — FRANCE CONTAMINATION POSSIBLE,NONE,Bangladesh-filtered GSC page/query export required,47.5,Phase 2B tier/quality + global impressions/position; clicks excluded from score
damage,https://ovidhan.net/word/damage.html,A,7,REVIEW,LEGACY — NEEDS STATIC UPGRADE,0,0,0,0,GLOBAL AGGREGATE — FRANCE CONTAMINATION POSSIBLE,NONE,Bangladesh-filtered GSC page/query export required,47.5,Phase 2B tier/quality + global impressions/position; clicks excluded from score
damages,https://ovidhan.net/word/damages.html,A,7,REVIEW,LEGACY — NEEDS STATIC UPGRADE,0,0,0,0,GLOBAL AGGREGATE — FRANCE CONTAMINATION POSSIBLE,NONE,Bangladesh-filtered GSC page/query export required,47.5,Phase 2B tier/quality + global impressions/position; clicks excluded from score
dance,https://ovidhan.net/word/dance.html,A,7,REVIEW,LEGACY — NEEDS STATIC UPGRADE,0,0,0,0,GLOBAL AGGREGATE — FRANCE CONTAMINATION POSSIBLE,NONE,Bangladesh-filtered GSC page/query export required,47.5,Phase 2B tier/quality + global impressions/position; clicks excluded from score
dancing,https://ovidhan.net/word/dancing.html,A,7,REVIEW,LEGACY — NEEDS STATIC UPGRADE,0,0,0,0,GLOBAL AGGREGATE — FRANCE CONTAMINATION POSSIBLE,NONE,Bangladesh-filtered GSC page/query export required,47.5,Phase 2B tier/quality + global impressions/position; clicks excluded from score
dangerous,https://ovidhan.net/word/dangerous.html,A,7,REVIEW,LEGACY — NEEDS STATIC UPGRADE,0,0,0,0,GLOBAL AGGREGATE — FRANCE CONTAMINATION POSSIBLE,NONE,Bangladesh-filtered GSC page/query export required,47.5,Phase 2B tier/quality + global impressions/position; clicks excluded from score
daniel,https://ovidhan.net/word/daniel.html,A,7,REVIEW,LEGACY — NEEDS STATIC UPGRADE,0,0,0,0,GLOBAL AGGREGATE — FRANCE CONTAMINATION POSSIBLE,NONE,Bangladesh-filtered GSC page/query export required,47.5,Phase 2B tier/quality + global impressions/position; clicks excluded from score
dark,https://ovidhan.net/word/dark.html,A,7,REVIEW,LEGACY — NEEDS STATIC UPGRADE,0,0,0,0,GLOBAL AGGREGATE — FRANCE CONTAMINATION POSSIBLE,NONE,Bangladesh-filtered GSC page/query export required,47.5,Phase 2B tier/quality + global impressions/position; clicks excluded from score
data,https://ovidhan.net/word/data.html,A,7,REVIEW,LEGACY — NEEDS STATIC UPGRADE,0,0,0,0,GLOBAL AGGREGATE — FRANCE CONTAMINATION POSSIBLE,NONE,Bangladesh-filtered GSC page/query export required,47.5,Phase 2B tier/quality + global impressions/position; clicks excluded from score
database,https://ovidhan.net/word/database.html,A,7,REVIEW,LEGACY — NEEDS STATIC UPGRADE,0,0,0,0,GLOBAL AGGREGATE — FRANCE CONTAMINATION POSSIBLE,NONE,Bangladesh-filtered GSC page/query export required,47.5,Phase 2B tier/quality + global impressions/position; clicks excluded from score
databases,https://ovidhan.net/word/databases.html,A,7,REVIEW,LEGACY — NEEDS STATIC UPGRADE,0,0,0,0,GLOBAL AGGREGATE — FRANCE CONTAMINATION POSSIBLE,NONE,Bangladesh-filtered GSC page/query export required,47.5,Phase 2B tier/quality + global impressions/position; clicks excluded from score
date,https://ovidhan.net/word/date.html,A,7,REVIEW,LEGACY — NEEDS STATIC UPGRADE,0,0,0,0,GLOBAL AGGREGATE — FRANCE CONTAMINATION POSSIBLE,NONE,Bangladesh-filtered GSC page/query export required,47.5,Phase 2B tier/quality + global impressions/position; clicks excluded from score
dates,https://ovidhan.net/word/dates.html,A,7,REVIEW,LEGACY — NEEDS STATIC UPGRADE,0,0,0,0,GLOBAL AGGREGATE — FRANCE CONTAMINATION POSSIBLE,NONE,Bangladesh-filtered GSC page/query export required,47.5,Phase 2B tier/quality + global impressions/position; clicks excluded from score
dating,https://ovidhan.net/word/dating.html,A,7,REVIEW,LEGACY — NEEDS STATIC UPGRADE,0,0,0,0,GLOBAL AGGREGATE — FRANCE CONTAMINATION POSSIBLE,NONE,Bangladesh-filtered GSC page/query export required,47.5,Phase 2B tier/quality + global impressions/position; clicks excluded from score
daughter,https://ovidhan.net/word/daughter.html,A,7,REVIEW,LEGACY — NEEDS STATIC UPGRADE,0,0,0,0,GLOBAL AGGREGATE — FRANCE CONTAMINATION POSSIBLE,NONE,Bangladesh-filtered GSC page/query export required,47.5,Phase 2B tier/quality + global impressions/position; clicks excluded from score
david,https://ovidhan.net/word/david.html,A,7,REVIEW,LEGACY — NEEDS STATIC UPGRADE,0,0,0,0,GLOBAL AGGREGATE — FRANCE CONTAMINATION POSSIBLE,NONE,Bangladesh-filtered GSC page/query export required,47.5,Phase 2B tier/quality + global impressions/position; clicks excluded from score
davis,https://ovidhan.net/word/davis.html,A,7,REVIEW,LEGACY — NEEDS STATIC UPGRADE,0,0,0,0,GLOBAL AGGREGATE — FRANCE CONTAMINATION POSSIBLE,NONE,Bangladesh-filtered GSC page/query export required,47.5,Phase 2B tier/quality + global impressions/position; clicks excluded from score
day,https://ovidhan.net/word/day.html,A,7,REVIEW,LEGACY — NEEDS STATIC UPGRADE,0,0,0,0,GLOBAL AGGREGATE — FRANCE CONTAMINATION POSSIBLE,NONE,Bangladesh-filtered GSC page/query export required,47.5,Phase 2B tier/quality + global impressions/position; clicks excluded from score
days,https://ovidhan.net/word/days.html,A,7,REVIEW,LEGACY — NEEDS STATIC UPGRADE,0,0,0,0,GLOBAL AGGREGATE — FRANCE CONTAMINATION POSSIBLE,NONE,Bangladesh-filtered GSC page/query export required,47.5,Phase 2B tier/quality + global impressions/position; clicks excluded from score
db,https://ovidhan.net/word/db.html,A,7,REVIEW,LEGACY — NEEDS STATIC UPGRADE,0,0,0,0,GLOBAL AGGREGATE — FRANCE CONTAMINATION POSSIBLE,NONE,Bangladesh-filtered GSC page/query export required,47.5,Phase 2B tier/quality + global impressions/position; clicks excluded from score
dc,https://ovidhan.net/word/dc.html,A,7,REVIEW,LEGACY — NEEDS STATIC UPGRADE,0,0,0,0,GLOBAL AGGREGATE — FRANCE CONTAMINATION POSSIBLE,NONE,Bangladesh-filtered GSC page/query export required,47.5,Phase 2B tier/quality + global impressions/position; clicks excluded from score
de,https://ovidhan.net/word/de.html,A,7,REVIEW,LEGACY — NEEDS STATIC UPGRADE,0,0,0,0,GLOBAL AGGREGATE — FRANCE CONTAMINATION POSSIBLE,NONE,Bangladesh-filtered GSC page/query export required,47.5,Phase 2B tier/quality + global impressions/position; clicks excluded from score
dead,https://ovidhan.net/word/dead.html,A,7,REVIEW,LEGACY — NEEDS STATIC UPGRADE,0,0,0,0,GLOBAL AGGREGATE — FRANCE CONTAMINATION POSSIBLE,NONE,Bangladesh-filtered GSC page/query export required,47.5,Phase 2B tier/quality + global impressions/position; clicks excluded from score
deal,https://ovidhan.net/word/deal.html,A,7,REVIEW,LEGACY — NEEDS STATIC UPGRADE,0,0,0,0,GLOBAL AGGREGATE — FRANCE CONTAMINATION POSSIBLE,NONE,Bangladesh-filtered GSC page/query export required,47.5,Phase 2B tier/quality + global impressions/position; clicks excluded from score
dealer,https://ovidhan.net/word/dealer.html,A,7,REVIEW,LEGACY — NEEDS STATIC UPGRADE,0,0,0,0,GLOBAL AGGREGATE — FRANCE CONTAMINATION POSSIBLE,NONE,Bangladesh-filtered GSC page/query export required,47.5,Phase 2B tier/quality + global impressions/position; clicks excluded from score
dealers,https://ovidhan.net/word/dealers.html,A,7,REVIEW,LEGACY — NEEDS STATIC UPGRADE,0,0,0,0,GLOBAL AGGREGATE — FRANCE CONTAMINATION POSSIBLE,NONE,Bangladesh-filtered GSC page/query export required,47.5,Phase 2B tier/quality + global impressions/position; clicks excluded from score
dealing,https://ovidhan.net/word/dealing.html,A,7,REVIEW,LEGACY — NEEDS STATIC UPGRADE,0,0,0,0,GLOBAL AGGREGATE — FRANCE CONTAMINATION POSSIBLE,NONE,Bangladesh-filtered GSC page/query export required,47.5,Phase 2B tier/quality + global impressions/position; clicks excluded from score
deals,https://ovidhan.net/word/deals.html,A,7,REVIEW,LEGACY — NEEDS STATIC UPGRADE,0,0,0,0,GLOBAL AGGREGATE — FRANCE CONTAMINATION POSSIBLE,NONE,Bangladesh-filtered GSC page/query export required,47.5,Phase 2B tier/quality + global impressions/position; clicks excluded from score
dean,https://ovidhan.net/word/dean.html,A,7,REVIEW,LEGACY — NEEDS STATIC UPGRADE,0,0,0,0,GLOBAL AGGREGATE — FRANCE CONTAMINATION POSSIBLE,NONE,Bangladesh-filtered GSC page/query export required,47.5,Phase 2B tier/quality + global impressions/position; clicks excluded from score
dear,https://ovidhan.net/word/dear.html,A,7,REVIEW,LEGACY — NEEDS STATIC UPGRADE,0,0,0,0,GLOBAL AGGREGATE — FRANCE CONTAMINATION POSSIBLE,NONE,Bangladesh-filtered GSC page/query export required,47.5,Phase 2B tier/quality + global impressions/position; clicks excluded from score
death,https://ovidhan.net/word/death.html,A,7,REVIEW,LEGACY — NEEDS STATIC UPGRADE,0,0,0,0,GLOBAL AGGREGATE — FRANCE CONTAMINATION POSSIBLE,NONE,Bangladesh-filtered GSC page/query export required,47.5,Phase 2B tier/quality + global impressions/position; clicks excluded from score
debate,https://ovidhan.net/word/debate.html,A,7,REVIEW,LEGACY — NEEDS STATIC UPGRADE,0,0,0,0,GLOBAL AGGREGATE — FRANCE CONTAMINATION POSSIBLE,NONE,Bangladesh-filtered GSC page/query export required,47.5,Phase 2B tier/quality + global impressions/position; clicks excluded from score
debt,https://ovidhan.net/word/debt.html,A,7,REVIEW,LEGACY — NEEDS STATIC UPGRADE,0,0,0,0,GLOBAL AGGREGATE — FRANCE CONTAMINATION POSSIBLE,NONE,Bangladesh-filtered GSC page/query export required,47.5,Phase 2B tier/quality + global impressions/position; clicks excluded from score
dec,https://ovidhan.net/word/dec.html,A,7,REVIEW,LEGACY — NEEDS STATIC UPGRADE,0,0,0,0,GLOBAL AGGREGATE — FRANCE CONTAMINATION POSSIBLE,NONE,Bangladesh-filtered GSC page/query export required,47.5,Phase 2B tier/quality + global impressions/position; clicks excluded from score
december,https://ovidhan.net/word/december.html,A,7,REVIEW,LEGACY — NEEDS STATIC UPGRADE,0,0,0,0,GLOBAL AGGREGATE — FRANCE CONTAMINATION POSSIBLE,NONE,Bangladesh-filtered GSC page/query export required,47.5,Phase 2B tier/quality + global impressions/position; clicks excluded from score
decide,https://ovidhan.net/word/decide.html,A,7,REVIEW,LEGACY — NEEDS STATIC UPGRADE,0,0,0,0,GLOBAL AGGREGATE — FRANCE CONTAMINATION POSSIBLE,NONE,Bangladesh-filtered GSC page/query export required,47.5,Phase 2B tier/quality + global impressions/position; clicks excluded from score
decided,https://ovidhan.net/word/decided.html,A,7,REVIEW,LEGACY — NEEDS STATIC UPGRADE,0,0,0,0,GLOBAL AGGREGATE — FRANCE CONTAMINATION POSSIBLE,NONE,Bangladesh-filtered GSC page/query export required,47.5,Phase 2B tier/quality + global impressions/position; clicks excluded from score
decision,https://ovidhan.net/word/decision.html,A,7,REVIEW,LEGACY — NEEDS STATIC UPGRADE,0,0,0,0,GLOBAL AGGREGATE — FRANCE CONTAMINATION POSSIBLE,NONE,Bangladesh-filtered GSC page/query export required,47.5,Phase 2B tier/quality + global impressions/position; clicks excluded from score
decisions,https://ovidhan.net/word/decisions.html,A,7,REVIEW,LEGACY — NEEDS STATIC UPGRADE,0,0,0,0,GLOBAL AGGREGATE — FRANCE CONTAMINATION POSSIBLE,NONE,Bangladesh-filtered GSC page/query export required,47.5,Phase 2B tier/quality + global impressions/position; clicks excluded from score
deck,https://ovidhan.net/word/deck.html,A,7,REVIEW,LEGACY — NEEDS STATIC UPGRADE,0,0,0,0,GLOBAL AGGREGATE — FRANCE CONTAMINATION POSSIBLE,NONE,Bangladesh-filtered GSC page/query export required,47.5,Phase 2B tier/quality + global impressions/position; clicks excluded from score
decrease,https://ovidhan.net/word/decrease.html,A,7,REVIEW,LEGACY — NEEDS STATIC UPGRADE,0,0,0,0,GLOBAL AGGREGATE — FRANCE CONTAMINATION POSSIBLE,NONE,Bangladesh-filtered GSC page/query export required,47.5,Phase 2B tier/quality + global impressions/position; clicks excluded from score
dedicated,https://ovidhan.net/word/dedicated.html,A,7,REVIEW,LEGACY — NEEDS STATIC UPGRADE,0,0,0,0,GLOBAL AGGREGATE — FRANCE CONTAMINATION POSSIBLE,NONE,Bangladesh-filtered GSC page/query export required,47.5,Phase 2B tier/quality + global impressions/position; clicks excluded from score
deep,https://ovidhan.net/word/deep.html,A,7,REVIEW,LEGACY — NEEDS STATIC UPGRADE,0,0,0,0,GLOBAL AGGREGATE — FRANCE CONTAMINATION POSSIBLE,NONE,Bangladesh-filtered GSC page/query export required,47.5,Phase 2B tier/quality + global impressions/position; clicks excluded from score
default,https://ovidhan.net/word/default.html,A,7,REVIEW,LEGACY — NEEDS STATIC UPGRADE,0,0,0,0,GLOBAL AGGREGATE — FRANCE CONTAMINATION POSSIBLE,NONE,Bangladesh-filtered GSC page/query export required,47.5,Phase 2B tier/quality + global impressions/position; clicks excluded from score
defence,https://ovidhan.net/word/defence.html,A,7,REVIEW,LEGACY — NEEDS STATIC UPGRADE,0,0,0,0,GLOBAL AGGREGATE — FRANCE CONTAMINATION POSSIBLE,NONE,Bangladesh-filtered GSC page/query export required,47.5,Phase 2B tier/quality + global impressions/position; clicks excluded from score
defense,https://ovidhan.net/word/defense.html,A,7,REVIEW,LEGACY — NEEDS STATIC UPGRADE,0,0,0,0,GLOBAL AGGREGATE — FRANCE CONTAMINATION POSSIBLE,NONE,Bangladesh-filtered GSC page/query export required,47.5,Phase 2B tier/quality + global impressions/position; clicks excluded from score
define,https://ovidhan.net/word/define.html,A,7,REVIEW,LEGACY — NEEDS STATIC UPGRADE,0,0,0,0,GLOBAL AGGREGATE — FRANCE CONTAMINATION POSSIBLE,NONE,Bangladesh-filtered GSC page/query export required,47.5,Phase 2B tier/quality + global impressions/position; clicks excluded from score
defined,https://ovidhan.net/word/defined.html,A,7,REVIEW,LEGACY — NEEDS STATIC UPGRADE,0,0,0,0,GLOBAL AGGREGATE — FRANCE CONTAMINATION POSSIBLE,NONE,Bangladesh-filtered GSC page/query export required,47.5,Phase 2B tier/quality + global impressions/position; clicks excluded from score
definitely,https://ovidhan.net/word/definitely.html,A,7,REVIEW,LEGACY — NEEDS STATIC UPGRADE,0,0,0,0,GLOBAL AGGREGATE — FRANCE CONTAMINATION POSSIBLE,NONE,Bangladesh-filtered GSC page/query export required,47.5,Phase 2B tier/quality + global impressions/position; clicks excluded from score
definition,https://ovidhan.net/word/definition.html,A,7,REVIEW,LEGACY — NEEDS STATIC UPGRADE,0,0,0,0,GLOBAL AGGREGATE — FRANCE CONTAMINATION POSSIBLE,NONE,Bangladesh-filtered GSC page/query export required,47.5,Phase 2B tier/quality + global impressions/position; clicks excluded from score
definitions,https://ovidhan.net/word/definitions.html,A,7,REVIEW,LEGACY — NEEDS STATIC UPGRADE,0,0,0,0,GLOBAL AGGREGATE — FRANCE CONTAMINATION POSSIBLE,NONE,Bangladesh-filtered GSC page/query export required,47.5,Phase 2B tier/quality + global impressions/position; clicks excluded from score
degree,https://ovidhan.net/word/degree.html,A,7,REVIEW,LEGACY — NEEDS STATIC UPGRADE,0,0,0,0,GLOBAL AGGREGATE — FRANCE CONTAMINATION POSSIBLE,NONE,Bangladesh-filtered GSC page/query export required,47.5,Phase 2B tier/quality + global impressions/position; clicks excluded from score
degrees,https://ovidhan.net/word/degrees.html,A,7,REVIEW,LEGACY — NEEDS STATIC UPGRADE,0,0,0,0,GLOBAL AGGREGATE — FRANCE CONTAMINATION POSSIBLE,NONE,Bangladesh-filtered GSC page/query export required,47.5,Phase 2B tier/quality + global impressions/position; clicks excluded from score
delaware,https://ovidhan.net/word/delaware.html,A,7,REVIEW,LEGACY — NEEDS STATIC UPGRADE,0,0,0,0,GLOBAL AGGREGATE — FRANCE CONTAMINATION POSSIBLE,NONE,Bangladesh-filtered GSC page/query export required,47.5,Phase 2B tier/quality + global impressions/position; clicks excluded from score
delay,https://ovidhan.net/word/delay.html,A,7,REVIEW,LEGACY — NEEDS STATIC UPGRADE,0,0,0,0,GLOBAL AGGREGATE — FRANCE CONTAMINATION POSSIBLE,NONE,Bangladesh-filtered GSC page/query export required,47.5,Phase 2B tier/quality + global impressions/position; clicks excluded from score
delete,https://ovidhan.net/word/delete.html,A,7,REVIEW,LEGACY — NEEDS STATIC UPGRADE,0,0,0,0,GLOBAL AGGREGATE — FRANCE CONTAMINATION POSSIBLE,NONE,Bangladesh-filtered GSC page/query export required,47.5,Phase 2B tier/quality + global impressions/position; clicks excluded from score
deliver,https://ovidhan.net/word/deliver.html,A,7,REVIEW,LEGACY — NEEDS STATIC UPGRADE,0,0,0,0,GLOBAL AGGREGATE — FRANCE CONTAMINATION POSSIBLE,NONE,Bangladesh-filtered GSC page/query export required,47.5,Phase 2B tier/quality + global impressions/position; clicks excluded from score
delivered,https://ovidhan.net/word/delivered.html,A,7,REVIEW,LEGACY — NEEDS STATIC UPGRADE,0,0,0,0,GLOBAL AGGREGATE — FRANCE CONTAMINATION POSSIBLE,NONE,Bangladesh-filtered GSC page/query export required,47.5,Phase 2B tier/quality + global impressions/position; clicks excluded from score
delivery,https://ovidhan.net/word/delivery.html,A,7,REVIEW,LEGACY — NEEDS STATIC UPGRADE,0,0,0,0,GLOBAL AGGREGATE — FRANCE CONTAMINATION POSSIBLE,NONE,Bangladesh-filtered GSC page/query export required,47.5,Phase 2B tier/quality + global impressions/position; clicks excluded from score
dell,https://ovidhan.net/word/dell.html,A,7,REVIEW,LEGACY — NEEDS STATIC UPGRADE,0,0,0,0,GLOBAL AGGREGATE — FRANCE CONTAMINATION POSSIBLE,NONE,Bangladesh-filtered GSC page/query export required,47.5,Phase 2B tier/quality + global impressions/position; clicks excluded from score
delta,https://ovidhan.net/word/delta.html,A,7,REVIEW,LEGACY — NEEDS STATIC UPGRADE,0,0,0,0,GLOBAL AGGREGATE — FRANCE CONTAMINATION POSSIBLE,NONE,Bangladesh-filtered GSC page/query export required,47.5,Phase 2B tier/quality + global impressions/position; clicks excluded from score
deluxe,https://ovidhan.net/word/deluxe.html,A,7,REVIEW,LEGACY — NEEDS STATIC UPGRADE,0,0,0,0,GLOBAL AGGREGATE — FRANCE CONTAMINATION POSSIBLE,NONE,Bangladesh-filtered GSC page/query export required,47.5,Phase 2B tier/quality + global impressions/position; clicks excluded from score
demand,https://ovidhan.net/word/demand.html,A,7,REVIEW,LEGACY — NEEDS STATIC UPGRADE,0,0,0,0,GLOBAL AGGREGATE — FRANCE CONTAMINATION POSSIBLE,NONE,Bangladesh-filtered GSC page/query export required,47.5,Phase 2B tier/quality + global impressions/position; clicks excluded from score
demo,https://ovidhan.net/word/demo.html,A,7,REVIEW,LEGACY — NEEDS STATIC UPGRADE,0,0,0,0,GLOBAL AGGREGATE — FRANCE CONTAMINATION POSSIBLE,NONE,Bangladesh-filtered GSC page/query export required,47.5,Phase 2B tier/quality + global impressions/position; clicks excluded from score
democracy,https://ovidhan.net/word/democracy.html,A,7,REVIEW,LEGACY — NEEDS STATIC UPGRADE,0,0,0,0,GLOBAL AGGREGATE — FRANCE CONTAMINATION POSSIBLE,NONE,Bangladesh-filtered GSC page/query export required,47.5,Phase 2B tier/quality + global impressions/position; clicks excluded from score
democratic,https://ovidhan.net/word/democratic.html,A,7,REVIEW,LEGACY — NEEDS STATIC UPGRADE,0,0,0,0,GLOBAL AGGREGATE — FRANCE CONTAMINATION POSSIBLE,NONE,Bangladesh-filtered GSC page/query export required,47.5,Phase 2B tier/quality + global impressions/position; clicks excluded from score
demonstrate,https://ovidhan.net/word/demonstrate.html,A,7,REVIEW,LEGACY — NEEDS STATIC UPGRADE,0,0,0,0,GLOBAL AGGREGATE — FRANCE CONTAMINATION POSSIBLE,NONE,Bangladesh-filtered GSC page/query export required,47.5,Phase 2B tier/quality + global impressions/position; clicks excluded from score
den,https://ovidhan.net/word/den.html,A,7,REVIEW,LEGACY — NEEDS STATIC UPGRADE,0,0,0,0,GLOBAL AGGREGATE — FRANCE CONTAMINATION POSSIBLE,NONE,Bangladesh-filtered GSC page/query export required,47.5,Phase 2B tier/quality + global impressions/position; clicks excluded from score
denmark,https://ovidhan.net/word/denmark.html,A,7,REVIEW,LEGACY — NEEDS STATIC UPGRADE,0,0,0,0,GLOBAL AGGREGATE — FRANCE CONTAMINATION POSSIBLE,NONE,Bangladesh-filtered GSC page/query export required,47.5,Phase 2B tier/quality + global impressions/position; clicks excluded from score
density,https://ovidhan.net/word/density.html,A,7,REVIEW,LEGACY — NEEDS STATIC UPGRADE,0,0,0,0,GLOBAL AGGREGATE — FRANCE CONTAMINATION POSSIBLE,NONE,Bangladesh-filtered GSC page/query export required,47.5,Phase 2B tier/quality + global impressions/position; clicks excluded from score
dental,https://ovidhan.net/word/dental.html,A,7,REVIEW,LEGACY — NEEDS STATIC UPGRADE,0,0,0,0,GLOBAL AGGREGATE — FRANCE CONTAMINATION POSSIBLE,NONE,Bangladesh-filtered GSC page/query export required,47.5,Phase 2B tier/quality + global impressions/position; clicks excluded from score
denver,https://ovidhan.net/word/denver.html,A,7,REVIEW,LEGACY — NEEDS STATIC UPGRADE,0,0,0,0,GLOBAL AGGREGATE — FRANCE CONTAMINATION POSSIBLE,NONE,Bangladesh-filtered GSC page/query export required,47.5,Phase 2B tier/quality + global impressions/position; clicks excluded from score
department,https://ovidhan.net/word/department.html,A,7,REVIEW,LEGACY — NEEDS STATIC UPGRADE,0,0,0,0,GLOBAL AGGREGATE — FRANCE CONTAMINATION POSSIBLE,NONE,Bangladesh-filtered GSC page/query export required,47.5,Phase 2B tier/quality + global impressions/position; clicks excluded from score
departments,https://ovidhan.net/word/departments.html,A,7,REVIEW,LEGACY — NEEDS STATIC UPGRADE,0,0,0,0,GLOBAL AGGREGATE — FRANCE CONTAMINATION POSSIBLE,NONE,Bangladesh-filtered GSC page/query export required,47.5,Phase 2B tier/quality + global impressions/position; clicks excluded from score
dependent,https://ovidhan.net/word/dependent.html,A,7,REVIEW,LEGACY — NEEDS STATIC UPGRADE,0,0,0,0,GLOBAL AGGREGATE — FRANCE CONTAMINATION POSSIBLE,NONE,Bangladesh-filtered GSC page/query export required,47.5,Phase 2B tier/quality + global impressions/position; clicks excluded from score
depending,https://ovidhan.net/word/depending.html,A,7,REVIEW,LEGACY — NEEDS STATIC UPGRADE,0,0,0,0,GLOBAL AGGREGATE — FRANCE CONTAMINATION POSSIBLE,NONE,Bangladesh-filtered GSC page/query export required,47.5,Phase 2B tier/quality + global impressions/position; clicks excluded from score
depends,https://ovidhan.net/word/depends.html,A,7,REVIEW,LEGACY — NEEDS STATIC UPGRADE,0,0,0,0,GLOBAL AGGREGATE — FRANCE CONTAMINATION POSSIBLE,NONE,Bangladesh-filtered GSC page/query export required,47.5,Phase 2B tier/quality + global impressions/position; clicks excluded from score
deposit,https://ovidhan.net/word/deposit.html,A,7,REVIEW,LEGACY — NEEDS STATIC UPGRADE,0,0,0,0,GLOBAL AGGREGATE — FRANCE CONTAMINATION POSSIBLE,NONE,Bangladesh-filtered GSC page/query export required,47.5,Phase 2B tier/quality + global impressions/position; clicks excluded from score
depression,https://ovidhan.net/word/depression.html,A,7,REVIEW,LEGACY — NEEDS STATIC UPGRADE,0,0,0,0,GLOBAL AGGREGATE — FRANCE CONTAMINATION POSSIBLE,NONE,Bangladesh-filtered GSC page/query export required,47.5,Phase 2B tier/quality + global impressions/position; clicks excluded from score
depth,https://ovidhan.net/word/depth.html,A,7,REVIEW,LEGACY — NEEDS STATIC UPGRADE,0,0,0,0,GLOBAL AGGREGATE — FRANCE CONTAMINATION POSSIBLE,NONE,Bangladesh-filtered GSC page/query export required,47.5,Phase 2B tier/quality + global impressions/position; clicks excluded from score
deputy,https://ovidhan.net/word/deputy.html,A,7,REVIEW,LEGACY — NEEDS STATIC UPGRADE,0,0,0,0,GLOBAL AGGREGATE — FRANCE CONTAMINATION POSSIBLE,NONE,Bangladesh-filtered GSC page/query export required,47.5,Phase 2B tier/quality + global impressions/position; clicks excluded from score
derived,https://ovidhan.net/word/derived.html,A,7,REVIEW,LEGACY — NEEDS STATIC UPGRADE,0,0,0,0,GLOBAL AGGREGATE — FRANCE CONTAMINATION POSSIBLE,NONE,Bangladesh-filtered GSC page/query export required,47.5,Phase 2B tier/quality + global impressions/position; clicks excluded from score
describe,https://ovidhan.net/word/describe.html,A,7,REVIEW,LEGACY — NEEDS STATIC UPGRADE,0,0,0,0,GLOBAL AGGREGATE — FRANCE CONTAMINATION POSSIBLE,NONE,Bangladesh-filtered GSC page/query export required,47.5,Phase 2B tier/quality + global impressions/position; clicks excluded from score
described,https://ovidhan.net/word/described.html,A,7,REVIEW,LEGACY — NEEDS STATIC UPGRADE,0,0,0,0,GLOBAL AGGREGATE — FRANCE CONTAMINATION POSSIBLE,NONE,Bangladesh-filtered GSC page/query export required,47.5,Phase 2B tier/quality + global impressions/position; clicks excluded from score
describes,https://ovidhan.net/word/describes.html,A,7,REVIEW,LEGACY — NEEDS STATIC UPGRADE,0,0,0,0,GLOBAL AGGREGATE — FRANCE CONTAMINATION POSSIBLE,NONE,Bangladesh-filtered GSC page/query export required,47.5,Phase 2B tier/quality + global impressions/position; clicks excluded from score
description,https://ovidhan.net/word/description.html,A,7,REVIEW,LEGACY — NEEDS STATIC UPGRADE,0,0,0,0,GLOBAL AGGREGATE — FRANCE CONTAMINATION POSSIBLE,NONE,Bangladesh-filtered GSC page/query export required,47.5,Phase 2B tier/quality + global impressions/position; clicks excluded from score
descriptions,https://ovidhan.net/word/descriptions.html,A,7,REVIEW,LEGACY — NEEDS STATIC UPGRADE,0,0,0,0,GLOBAL AGGREGATE — FRANCE CONTAMINATION POSSIBLE,NONE,Bangladesh-filtered GSC page/query export required,47.5,Phase 2B tier/quality + global impressions/position; clicks excluded from score
desert,https://ovidhan.net/word/desert.html,A,7,REVIEW,LEGACY — NEEDS STATIC UPGRADE,0,0,0,0,GLOBAL AGGREGATE — FRANCE CONTAMINATION POSSIBLE,NONE,Bangladesh-filtered GSC page/query export required,47.5,Phase 2B tier/quality + global impressions/position; clicks excluded from score
design,https://ovidhan.net/word/design.html,A,7,REVIEW,LEGACY — NEEDS STATIC UPGRADE,0,0,0,0,GLOBAL AGGREGATE — FRANCE CONTAMINATION POSSIBLE,NONE,Bangladesh-filtered GSC page/query export required,47.5,Phase 2B tier/quality + global impressions/position; clicks excluded from score
designated,https://ovidhan.net/word/designated.html,A,7,REVIEW,LEGACY — NEEDS STATIC UPGRADE,0,0,0,0,GLOBAL AGGREGATE — FRANCE CONTAMINATION POSSIBLE,NONE,Bangladesh-filtered GSC page/query export required,47.5,Phase 2B tier/quality + global impressions/position; clicks excluded from score
designed,https://ovidhan.net/word/designed.html,A,7,REVIEW,LEGACY — NEEDS STATIC UPGRADE,0,0,0,0,GLOBAL AGGREGATE — FRANCE CONTAMINATION POSSIBLE,NONE,Bangladesh-filtered GSC page/query export required,47.5,Phase 2B tier/quality + global impressions/position; clicks excluded from score
designer,https://ovidhan.net/word/designer.html,A,7,REVIEW,LEGACY — NEEDS STATIC UPGRADE,0,0,0,0,GLOBAL AGGREGATE — FRANCE CONTAMINATION POSSIBLE,NONE,Bangladesh-filtered GSC page/query export required,47.5,Phase 2B tier/quality + global impressions/position; clicks excluded from score
designers,https://ovidhan.net/word/designers.html,A,7,REVIEW,LEGACY — NEEDS STATIC UPGRADE,0,0,0,0,GLOBAL AGGREGATE — FRANCE CONTAMINATION POSSIBLE,NONE,Bangladesh-filtered GSC page/query export required,47.5,Phase 2B tier/quality + global impressions/position; clicks excluded from score
designs,https://ovidhan.net/word/designs.html,A,7,REVIEW,LEGACY — NEEDS STATIC UPGRADE,0,0,0,0,GLOBAL AGGREGATE — FRANCE CONTAMINATION POSSIBLE,NONE,Bangladesh-filtered GSC page/query export required,47.5,Phase 2B tier/quality + global impressions/position; clicks excluded from score
desire,https://ovidhan.net/word/desire.html,A,7,REVIEW,LEGACY — NEEDS STATIC UPGRADE,0,0,0,0,GLOBAL AGGREGATE — FRANCE CONTAMINATION POSSIBLE,NONE,Bangladesh-filtered GSC page/query export required,47.5,Phase 2B tier/quality + global impressions/position; clicks excluded from score
desired,https://ovidhan.net/word/desired.html,A,7,REVIEW,LEGACY — NEEDS STATIC UPGRADE,0,0,0,0,GLOBAL AGGREGATE — FRANCE CONTAMINATION POSSIBLE,NONE,Bangladesh-filtered GSC page/query export required,47.5,Phase 2B tier/quality + global impressions/position; clicks excluded from score
desk,https://ovidhan.net/word/desk.html,A,7,REVIEW,LEGACY — NEEDS STATIC UPGRADE,0,0,0,0,GLOBAL AGGREGATE — FRANCE CONTAMINATION POSSIBLE,NONE,Bangladesh-filtered GSC page/query export required,47.5,Phase 2B tier/quality + global impressions/position; clicks excluded from score
desktop,https://ovidhan.net/word/desktop.html,A,7,REVIEW,LEGACY — NEEDS STATIC UPGRADE,0,0,0,0,GLOBAL AGGREGATE — FRANCE CONTAMINATION POSSIBLE,NONE,Bangladesh-filtered GSC page/query export required,47.5,Phase 2B tier/quality + global impressions/position; clicks excluded from score
desktops,https://ovidhan.net/word/desktops.html,A,7,REVIEW,LEGACY — NEEDS STATIC UPGRADE,0,0,0,0,GLOBAL AGGREGATE — FRANCE CONTAMINATION POSSIBLE,NONE,Bangladesh-filtered GSC page/query export required,47.5,Phase 2B tier/quality + global impressions/position; clicks excluded from score
despite,https://ovidhan.net/word/despite.html,A,7,REVIEW,LEGACY — NEEDS STATIC UPGRADE,0,0,0,0,GLOBAL AGGREGATE — FRANCE CONTAMINATION POSSIBLE,NONE,Bangladesh-filtered GSC page/query export required,47.5,Phase 2B tier/quality + global impressions/position; clicks excluded from score
destination,https://ovidhan.net/word/destination.html,A,7,REVIEW,LEGACY — NEEDS STATIC UPGRADE,0,0,0,0,GLOBAL AGGREGATE — FRANCE CONTAMINATION POSSIBLE,NONE,Bangladesh-filtered GSC page/query export required,47.5,Phase 2B tier/quality + global impressions/position; clicks excluded from score
destinations,https://ovidhan.net/word/destinations.html,A,7,REVIEW,LEGACY — NEEDS STATIC UPGRADE,0,0,0,0,GLOBAL AGGREGATE — FRANCE CONTAMINATION POSSIBLE,NONE,Bangladesh-filtered GSC page/query export required,47.5,Phase 2B tier/quality + global impressions/position; clicks excluded from score
detail,https://ovidhan.net/word/detail.html,A,7,REVIEW,LEGACY — NEEDS STATIC UPGRADE,0,0,0,0,GLOBAL AGGREGATE — FRANCE CONTAMINATION POSSIBLE,NONE,Bangladesh-filtered GSC page/query export required,47.5,Phase 2B tier/quality + global impressions/position; clicks excluded from score
detailed,https://ovidhan.net/word/detailed.html,A,7,REVIEW,LEGACY — NEEDS STATIC UPGRADE,0,0,0,0,GLOBAL AGGREGATE — FRANCE CONTAMINATION POSSIBLE,NONE,Bangladesh-filtered GSC page/query export required,47.5,Phase 2B tier/quality + global impressions/position; clicks excluded from score
details,https://ovidhan.net/word/details.html,A,7,REVIEW,LEGACY — NEEDS STATIC UPGRADE,0,0,0,0,GLOBAL AGGREGATE — FRANCE CONTAMINATION POSSIBLE,NONE,Bangladesh-filtered GSC page/query export required,47.5,Phase 2B tier/quality + global impressions/position; clicks excluded from score
detection,https://ovidhan.net/word/detection.html,A,7,REVIEW,LEGACY — NEEDS STATIC UPGRADE,0,0,0,0,GLOBAL AGGREGATE — FRANCE CONTAMINATION POSSIBLE,NONE,Bangladesh-filtered GSC page/query export required,47.5,Phase 2B tier/quality + global impressions/position; clicks excluded from score
determination,https://ovidhan.net/word/determination.html,A,7,REVIEW,LEGACY — NEEDS STATIC UPGRADE,0,0,0,0,GLOBAL AGGREGATE — FRANCE CONTAMINATION POSSIBLE,NONE,Bangladesh-filtered GSC page/query export required,47.5,Phase 2B tier/quality + global impressions/position; clicks excluded from score
determine,https://ovidhan.net/word/determine.html,A,7,REVIEW,LEGACY — NEEDS STATIC UPGRADE,0,0,0,0,GLOBAL AGGREGATE — FRANCE CONTAMINATION POSSIBLE,NONE,Bangladesh-filtered GSC page/query export required,47.5,Phase 2B tier/quality + global impressions/position; clicks excluded from score
determined,https://ovidhan.net/word/determined.html,A,7,REVIEW,LEGACY — NEEDS STATIC UPGRADE,0,0,0,0,GLOBAL AGGREGATE — FRANCE CONTAMINATION POSSIBLE,NONE,Bangladesh-filtered GSC page/query export required,47.5,Phase 2B tier/quality + global impressions/position; clicks excluded from score
detroit,https://ovidhan.net/word/detroit.html,A,7,REVIEW,LEGACY — NEEDS STATIC UPGRADE,0,0,0,0,GLOBAL AGGREGATE — FRANCE CONTAMINATION POSSIBLE,NONE,Bangladesh-filtered GSC page/query export required,47.5,Phase 2B tier/quality + global impressions/position; clicks excluded from score
develop,https://ovidhan.net/word/develop.html,A,7,REVIEW,LEGACY — NEEDS STATIC UPGRADE,0,0,0,0,GLOBAL AGGREGATE — FRANCE CONTAMINATION POSSIBLE,NONE,Bangladesh-filtered GSC page/query export required,47.5,Phase 2B tier/quality + global impressions/position; clicks excluded from score
developed,https://ovidhan.net/word/developed.html,A,7,REVIEW,LEGACY — NEEDS STATIC UPGRADE,0,0,0,0,GLOBAL AGGREGATE — FRANCE CONTAMINATION POSSIBLE,NONE,Bangladesh-filtered GSC page/query export required,47.5,Phase 2B tier/quality + global impressions/position; clicks excluded from score
developer,https://ovidhan.net/word/developer.html,A,7,REVIEW,LEGACY — NEEDS STATIC UPGRADE,0,0,0,0,GLOBAL AGGREGATE — FRANCE CONTAMINATION POSSIBLE,NONE,Bangladesh-filtered GSC page/query export required,47.5,Phase 2B tier/quality + global impressions/position; clicks excluded from score
developers,https://ovidhan.net/word/developers.html,A,7,REVIEW,LEGACY — NEEDS STATIC UPGRADE,0,0,0,0,GLOBAL AGGREGATE — FRANCE CONTAMINATION POSSIBLE,NONE,Bangladesh-filtered GSC page/query export required,47.5,Phase 2B tier/quality + global impressions/position; clicks excluded from score
developing,https://ovidhan.net/word/developing.html,A,7,REVIEW,LEGACY — NEEDS STATIC UPGRADE,0,0,0,0,GLOBAL AGGREGATE — FRANCE CONTAMINATION POSSIBLE,NONE,Bangladesh-filtered GSC page/query export required,47.5,Phase 2B tier/quality + global impressions/position; clicks excluded from score
development,https://ovidhan.net/word/development.html,A,7,REVIEW,LEGACY — NEEDS STATIC UPGRADE,0,0,0,0,GLOBAL AGGREGATE — FRANCE CONTAMINATION POSSIBLE,NONE,Bangladesh-filtered GSC page/query export required,47.5,Phase 2B tier/quality + global impressions/position; clicks excluded from score
developments,https://ovidhan.net/word/developments.html,A,7,REVIEW,LEGACY — NEEDS STATIC UPGRADE,0,0,0,0,GLOBAL AGGREGATE — FRANCE CONTAMINATION POSSIBLE,NONE,Bangladesh-filtered GSC page/query export required,47.5,Phase 2B tier/quality + global impressions/position; clicks excluded from score
device,https://ovidhan.net/word/device.html,A,7,REVIEW,LEGACY — NEEDS STATIC UPGRADE,0,0,0,0,GLOBAL AGGREGATE — FRANCE CONTAMINATION POSSIBLE,NONE,Bangladesh-filtered GSC page/query export required,47.5,Phase 2B tier/quality + global impressions/position; clicks excluded from score
devices,https://ovidhan.net/word/devices.html,A,7,REVIEW,LEGACY — NEEDS STATIC UPGRADE,0,0,0,0,GLOBAL AGGREGATE — FRANCE CONTAMINATION POSSIBLE,NONE,Bangladesh-filtered GSC page/query export required,47.5,Phase 2B tier/quality + global impressions/position; clicks excluded from score
diabetes,https://ovidhan.net/word/diabetes.html,A,7,REVIEW,LEGACY — NEEDS STATIC UPGRADE,0,0,0,0,GLOBAL AGGREGATE — FRANCE CONTAMINATION POSSIBLE,NONE,Bangladesh-filtered GSC page/query export required,47.5,Phase 2B tier/quality + global impressions/position; clicks excluded from score
diagnosis,https://ovidhan.net/word/diagnosis.html,A,7,REVIEW,LEGACY — NEEDS STATIC UPGRADE,0,0,0,0,GLOBAL AGGREGATE — FRANCE CONTAMINATION POSSIBLE,NONE,Bangladesh-filtered GSC page/query export required,47.5,Phase 2B tier/quality + global impressions/position; clicks excluded from score
dial,https://ovidhan.net/word/dial.html,A,7,REVIEW,LEGACY — NEEDS STATIC UPGRADE,0,0,0,0,GLOBAL AGGREGATE — FRANCE CONTAMINATION POSSIBLE,NONE,Bangladesh-filtered GSC page/query export required,47.5,Phase 2B tier/quality + global impressions/position; clicks excluded from score
diamond,https://ovidhan.net/word/diamond.html,A,7,REVIEW,LEGACY — NEEDS STATIC UPGRADE,0,0,0,0,GLOBAL AGGREGATE — FRANCE CONTAMINATION POSSIBLE,NONE,Bangladesh-filtered GSC page/query export required,47.5,Phase 2B tier/quality + global impressions/position; clicks excluded from score
diary,https://ovidhan.net/word/diary.html,A,7,REVIEW,LEGACY — NEEDS STATIC UPGRADE,0,0,0,0,GLOBAL AGGREGATE — FRANCE CONTAMINATION POSSIBLE,NONE,Bangladesh-filtered GSC page/query export required,47.5,Phase 2B tier/quality + global impressions/position; clicks excluded from score
dick,https://ovidhan.net/word/dick.html,A,7,REVIEW,LEGACY — NEEDS STATIC UPGRADE,0,0,0,0,GLOBAL AGGREGATE — FRANCE CONTAMINATION POSSIBLE,NONE,Bangladesh-filtered GSC page/query export required,47.5,Phase 2B tier/quality + global impressions/position; clicks excluded from score
dictionary,https://ovidhan.net/word/dictionary.html,A,7,REVIEW,LEGACY — NEEDS STATIC UPGRADE,0,0,0,0,GLOBAL AGGREGATE — FRANCE CONTAMINATION POSSIBLE,NONE,Bangladesh-filtered GSC page/query export required,47.5,Phase 2B tier/quality + global impressions/position; clicks excluded from score
did,https://ovidhan.net/word/did.html,A,7,REVIEW,LEGACY — NEEDS STATIC UPGRADE,0,0,0,0,GLOBAL AGGREGATE — FRANCE CONTAMINATION POSSIBLE,NONE,Bangladesh-filtered GSC page/query export required,47.5,Phase 2B tier/quality + global impressions/position; clicks excluded from score
die,https://ovidhan.net/word/die.html,A,7,REVIEW,LEGACY — NEEDS STATIC UPGRADE,0,0,0,0,GLOBAL AGGREGATE — FRANCE CONTAMINATION POSSIBLE,NONE,Bangladesh-filtered GSC page/query export required,47.5,Phase 2B tier/quality + global impressions/position; clicks excluded from score
died,https://ovidhan.net/word/died.html,A,7,REVIEW,LEGACY — NEEDS STATIC UPGRADE,0,0,0,0,GLOBAL AGGREGATE — FRANCE CONTAMINATION POSSIBLE,NONE,Bangladesh-filtered GSC page/query export required,47.5,Phase 2B tier/quality + global impressions/position; clicks excluded from score
diet,https://ovidhan.net/word/diet.html,A,7,REVIEW,LEGACY — NEEDS STATIC UPGRADE,0,0,0,0,GLOBAL AGGREGATE — FRANCE CONTAMINATION POSSIBLE,NONE,Bangladesh-filtered GSC page/query export required,47.5,Phase 2B tier/quality + global impressions/position; clicks excluded from score
difference,https://ovidhan.net/word/difference.html,A,7,REVIEW,LEGACY — NEEDS STATIC UPGRADE,0,0,0,0,GLOBAL AGGREGATE — FRANCE CONTAMINATION POSSIBLE,NONE,Bangladesh-filtered GSC page/query export required,47.5,Phase 2B tier/quality + global impressions/position; clicks excluded from score
differences,https://ovidhan.net/word/differences.html,A,7,REVIEW,LEGACY — NEEDS STATIC UPGRADE,0,0,0,0,GLOBAL AGGREGATE — FRANCE CONTAMINATION POSSIBLE,NONE,Bangladesh-filtered GSC page/query export required,47.5,Phase 2B tier/quality + global impressions/position; clicks excluded from score
different,https://ovidhan.net/word/different.html,A,7,REVIEW,LEGACY — NEEDS STATIC UPGRADE,0,0,0,0,GLOBAL AGGREGATE — FRANCE CONTAMINATION POSSIBLE,NONE,Bangladesh-filtered GSC page/query export required,47.5,Phase 2B tier/quality + global impressions/position; clicks excluded from score
difficult,https://ovidhan.net/word/difficult.html,A,7,REVIEW,LEGACY — NEEDS STATIC UPGRADE,0,0,0,0,GLOBAL AGGREGATE — FRANCE CONTAMINATION POSSIBLE,NONE,Bangladesh-filtered GSC page/query export required,47.5,Phase 2B tier/quality + global impressions/position; clicks excluded from score
digest,https://ovidhan.net/word/digest.html,A,7,REVIEW,LEGACY — NEEDS STATIC UPGRADE,0,0,0,0,GLOBAL AGGREGATE — FRANCE CONTAMINATION POSSIBLE,NONE,Bangladesh-filtered GSC page/query export required,47.5,Phase 2B tier/quality + global impressions/position; clicks excluded from score
digital,https://ovidhan.net/word/digital.html,A,7,REVIEW,LEGACY — NEEDS STATIC UPGRADE,0,0,0,0,GLOBAL AGGREGATE — FRANCE CONTAMINATION POSSIBLE,NONE,Bangladesh-filtered GSC page/query export required,47.5,Phase 2B tier/quality + global impressions/position; clicks excluded from score
dimensions,https://ovidhan.net/word/dimensions.html,A,7,REVIEW,LEGACY — NEEDS STATIC UPGRADE,0,0,0,0,GLOBAL AGGREGATE — FRANCE CONTAMINATION POSSIBLE,NONE,Bangladesh-filtered GSC page/query export required,47.5,Phase 2B tier/quality + global impressions/position; clicks excluded from score
dining,https://ovidhan.net/word/dining.html,A,7,REVIEW,LEGACY — NEEDS STATIC UPGRADE,0,0,0,0,GLOBAL AGGREGATE — FRANCE CONTAMINATION POSSIBLE,NONE,Bangladesh-filtered GSC page/query export required,47.5,Phase 2B tier/quality + global impressions/position; clicks excluded from score
dinner,https://ovidhan.net/word/dinner.html,A,7,REVIEW,LEGACY — NEEDS STATIC UPGRADE,0,0,0,0,GLOBAL AGGREGATE — FRANCE CONTAMINATION POSSIBLE,NONE,Bangladesh-filtered GSC page/query export required,47.5,Phase 2B tier/quality + global impressions/position; clicks excluded from score
direct,https://ovidhan.net/word/direct.html,A,7,REVIEW,LEGACY — NEEDS STATIC UPGRADE,0,0,0,0,GLOBAL AGGREGATE — FRANCE CONTAMINATION POSSIBLE,NONE,Bangladesh-filtered GSC page/query export required,47.5,Phase 2B tier/quality + global impressions/position; clicks excluded from score
directed,https://ovidhan.net/word/directed.html,A,7,REVIEW,LEGACY — NEEDS STATIC UPGRADE,0,0,0,0,GLOBAL AGGREGATE — FRANCE CONTAMINATION POSSIBLE,NONE,Bangladesh-filtered GSC page/query export required,47.5,Phase 2B tier/quality + global impressions/position; clicks excluded from score
direction,https://ovidhan.net/word/direction.html,A,7,REVIEW,LEGACY — NEEDS STATIC UPGRADE,0,0,0,0,GLOBAL AGGREGATE — FRANCE CONTAMINATION POSSIBLE,NONE,Bangladesh-filtered GSC page/query export required,47.5,Phase 2B tier/quality + global impressions/position; clicks excluded from score
directions,https://ovidhan.net/word/directions.html,A,7,REVIEW,LEGACY — NEEDS STATIC UPGRADE,0,0,0,0,GLOBAL AGGREGATE — FRANCE CONTAMINATION POSSIBLE,NONE,Bangladesh-filtered GSC page/query export required,47.5,Phase 2B tier/quality + global impressions/position; clicks excluded from score
directly,https://ovidhan.net/word/directly.html,A,7,REVIEW,LEGACY — NEEDS STATIC UPGRADE,0,0,0,0,GLOBAL AGGREGATE — FRANCE CONTAMINATION POSSIBLE,NONE,Bangladesh-filtered GSC page/query export required,47.5,Phase 2B tier/quality + global impressions/position; clicks excluded from score
director,https://ovidhan.net/word/director.html,A,7,REVIEW,LEGACY — NEEDS STATIC UPGRADE,0,0,0,0,GLOBAL AGGREGATE — FRANCE CONTAMINATION POSSIBLE,NONE,Bangladesh-filtered GSC page/query export required,47.5,Phase 2B tier/quality + global impressions/position; clicks excluded from score
directories,https://ovidhan.net/word/directories.html,A,7,REVIEW,LEGACY — NEEDS STATIC UPGRADE,0,0,0,0,GLOBAL AGGREGATE — FRANCE CONTAMINATION POSSIBLE,NONE,Bangladesh-filtered GSC page/query export required,47.5,Phase 2B tier/quality + global impressions/position; clicks excluded from score
directors,https://ovidhan.net/word/directors.html,A,7,REVIEW,LEGACY — NEEDS STATIC UPGRADE,0,0,0,0,GLOBAL AGGREGATE — FRANCE CONTAMINATION POSSIBLE,NONE,Bangladesh-filtered GSC page/query export required,47.5,Phase 2B tier/quality + global impressions/position; clicks excluded from score
directory,https://ovidhan.net/word/directory.html,A,7,REVIEW,LEGACY — NEEDS STATIC UPGRADE,0,0,0,0,GLOBAL AGGREGATE — FRANCE CONTAMINATION POSSIBLE,NONE,Bangladesh-filtered GSC page/query export required,47.5,Phase 2B tier/quality + global impressions/position; clicks excluded from score
dirty,https://ovidhan.net/word/dirty.html,A,7,REVIEW,LEGACY — NEEDS STATIC UPGRADE,0,0,0,0,GLOBAL AGGREGATE — FRANCE CONTAMINATION POSSIBLE,NONE,Bangladesh-filtered GSC page/query export required,47.5,Phase 2B tier/quality + global impressions/position; clicks excluded from score
disabilities,https://ovidhan.net/word/disabilities.html,A,7,REVIEW,LEGACY — NEEDS STATIC UPGRADE,0,0,0,0,GLOBAL AGGREGATE — FRANCE CONTAMINATION POSSIBLE,NONE,Bangladesh-filtered GSC page/query export required,47.5,Phase 2B tier/quality + global impressions/position; clicks excluded from score
disability,https://ovidhan.net/word/disability.html,A,7,REVIEW,LEGACY — NEEDS STATIC UPGRADE,0,0,0,0,GLOBAL AGGREGATE — FRANCE CONTAMINATION POSSIBLE,NONE,Bangladesh-filtered GSC page/query export required,47.5,Phase 2B tier/quality + global impressions/position; clicks excluded from score
disabled,https://ovidhan.net/word/disabled.html,A,7,REVIEW,LEGACY — NEEDS STATIC UPGRADE,0,0,0,0,GLOBAL AGGREGATE — FRANCE CONTAMINATION POSSIBLE,NONE,Bangladesh-filtered GSC page/query export required,47.5,Phase 2B tier/quality + global impressions/position; clicks excluded from score
disaster,https://ovidhan.net/word/disaster.html,A,7,REVIEW,LEGACY — NEEDS STATIC UPGRADE,0,0,0,0,GLOBAL AGGREGATE — FRANCE CONTAMINATION POSSIBLE,NONE,Bangladesh-filtered GSC page/query export required,47.5,Phase 2B tier/quality + global impressions/position; clicks excluded from score
disc,https://ovidhan.net/word/disc.html,A,7,REVIEW,LEGACY — NEEDS STATIC UPGRADE,0,0,0,0,GLOBAL AGGREGATE — FRANCE CONTAMINATION POSSIBLE,NONE,Bangladesh-filtered GSC page/query export required,47.5,Phase 2B tier/quality + global impressions/position; clicks excluded from score
disclaimer,https://ovidhan.net/word/disclaimer.html,A,7,REVIEW,LEGACY — NEEDS STATIC UPGRADE,0,0,0,0,GLOBAL AGGREGATE — FRANCE CONTAMINATION POSSIBLE,NONE,Bangladesh-filtered GSC page/query export required,47.5,Phase 2B tier/quality + global impressions/position; clicks excluded from score
disclosure,https://ovidhan.net/word/disclosure.html,A,7,REVIEW,LEGACY — NEEDS STATIC UPGRADE,0,0,0,0,GLOBAL AGGREGATE — FRANCE CONTAMINATION POSSIBLE,NONE,Bangladesh-filtered GSC page/query export required,47.5,Phase 2B tier/quality + global impressions/position; clicks excluded from score
discount,https://ovidhan.net/word/discount.html,A,7,REVIEW,LEGACY — NEEDS STATIC UPGRADE,0,0,0,0,GLOBAL AGGREGATE — FRANCE CONTAMINATION POSSIBLE,NONE,Bangladesh-filtered GSC page/query export required,47.5,Phase 2B tier/quality + global impressions/position; clicks excluded from score
discounts,https://ovidhan.net/word/discounts.html,A,7,REVIEW,LEGACY — NEEDS STATIC UPGRADE,0,0,0,0,GLOBAL AGGREGATE — FRANCE CONTAMINATION POSSIBLE,NONE,Bangladesh-filtered GSC page/query export required,47.5,Phase 2B tier/quality + global impressions/position; clicks excluded from score
discover,https://ovidhan.net/word/discover.html,A,7,REVIEW,LEGACY — NEEDS STATIC UPGRADE,0,0,0,0,GLOBAL AGGREGATE — FRANCE CONTAMINATION POSSIBLE,NONE,Bangladesh-filtered GSC page/query export required,47.5,Phase 2B tier/quality + global impressions/position; clicks excluded from score
discovered,https://ovidhan.net/word/discovered.html,A,7,REVIEW,LEGACY — NEEDS STATIC UPGRADE,0,0,0,0,GLOBAL AGGREGATE — FRANCE CONTAMINATION POSSIBLE,NONE,Bangladesh-filtered GSC page/query export required,47.5,Phase 2B tier/quality + global impressions/position; clicks excluded from score
discovery,https://ovidhan.net/word/discovery.html,A,7,REVIEW,LEGACY — NEEDS STATIC UPGRADE,0,0,0,0,GLOBAL AGGREGATE — FRANCE CONTAMINATION POSSIBLE,NONE,Bangladesh-filtered GSC page/query export required,47.5,Phase 2B tier/quality + global impressions/position; clicks excluded from score
discuss,https://ovidhan.net/word/discuss.html,A,7,REVIEW,LEGACY — NEEDS STATIC UPGRADE,0,0,0,0,GLOBAL AGGREGATE — FRANCE CONTAMINATION POSSIBLE,NONE,Bangladesh-filtered GSC page/query export required,47.5,Phase 2B tier/quality + global impressions/position; clicks excluded from score
discussed,https://ovidhan.net/word/discussed.html,A,7,REVIEW,LEGACY — NEEDS STATIC UPGRADE,0,0,0,0,GLOBAL AGGREGATE — FRANCE CONTAMINATION POSSIBLE,NONE,Bangladesh-filtered GSC page/query export required,47.5,Phase 2B tier/quality + global impressions/position; clicks excluded from score
discussion,https://ovidhan.net/word/discussion.html,A,7,REVIEW,LEGACY — NEEDS STATIC UPGRADE,0,0,0,0,GLOBAL AGGREGATE — FRANCE CONTAMINATION POSSIBLE,NONE,Bangladesh-filtered GSC page/query export required,47.5,Phase 2B tier/quality + global impressions/position; clicks excluded from score
discussions,https://ovidhan.net/word/discussions.html,A,7,REVIEW,LEGACY — NEEDS STATIC UPGRADE,0,0,0,0,GLOBAL AGGREGATE — FRANCE CONTAMINATION POSSIBLE,NONE,Bangladesh-filtered GSC page/query export required,47.5,Phase 2B tier/quality + global impressions/position; clicks excluded from score
disease,https://ovidhan.net/word/disease.html,A,7,REVIEW,LEGACY — NEEDS STATIC UPGRADE,0,0,0,0,GLOBAL AGGREGATE — FRANCE CONTAMINATION POSSIBLE,NONE,Bangladesh-filtered GSC page/query export required,47.5,Phase 2B tier/quality + global impressions/position; clicks excluded from score
diseases,https://ovidhan.net/word/diseases.html,A,7,REVIEW,LEGACY — NEEDS STATIC UPGRADE,0,0,0,0,GLOBAL AGGREGATE — FRANCE CONTAMINATION POSSIBLE,NONE,Bangladesh-filtered GSC page/query export required,47.5,Phase 2B tier/quality + global impressions/position; clicks excluded from score
dish,https://ovidhan.net/word/dish.html,A,7,REVIEW,LEGACY — NEEDS STATIC UPGRADE,0,0,0,0,GLOBAL AGGREGATE — FRANCE CONTAMINATION POSSIBLE,NONE,Bangladesh-filtered GSC page/query export required,47.5,Phase 2B tier/quality + global impressions/position; clicks excluded from score
disk,https://ovidhan.net/word/disk.html,A,7,REVIEW,LEGACY — NEEDS STATIC UPGRADE,0,0,0,0,GLOBAL AGGREGATE — FRANCE CONTAMINATION POSSIBLE,NONE,Bangladesh-filtered GSC page/query export required,47.5,Phase 2B tier/quality + global impressions/position; clicks excluded from score
disney,https://ovidhan.net/word/disney.html,A,7,REVIEW,LEGACY — NEEDS STATIC UPGRADE,0,0,0,0,GLOBAL AGGREGATE — FRANCE CONTAMINATION POSSIBLE,NONE,Bangladesh-filtered GSC page/query export required,47.5,Phase 2B tier/quality + global impressions/position; clicks excluded from score
disorders,https://ovidhan.net/word/disorders.html,A,7,REVIEW,LEGACY — NEEDS STATIC UPGRADE,0,0,0,0,GLOBAL AGGREGATE — FRANCE CONTAMINATION POSSIBLE,NONE,Bangladesh-filtered GSC page/query export required,47.5,Phase 2B tier/quality + global impressions/position; clicks excluded from score
display,https://ovidhan.net/word/display.html,A,7,REVIEW,LEGACY — NEEDS STATIC UPGRADE,0,0,0,0,GLOBAL AGGREGATE — FRANCE CONTAMINATION POSSIBLE,NONE,Bangladesh-filtered GSC page/query export required,47.5,Phase 2B tier/quality + global impressions/position; clicks excluded from score
displayed,https://ovidhan.net/word/displayed.html,A,7,REVIEW,LEGACY — NEEDS STATIC UPGRADE,0,0,0,0,GLOBAL AGGREGATE — FRANCE CONTAMINATION POSSIBLE,NONE,Bangladesh-filtered GSC page/query export required,47.5,Phase 2B tier/quality + global impressions/position; clicks excluded from score
displays,https://ovidhan.net/word/displays.html,A,7,REVIEW,LEGACY — NEEDS STATIC UPGRADE,0,0,0,0,GLOBAL AGGREGATE — FRANCE CONTAMINATION POSSIBLE,NONE,Bangladesh-filtered GSC page/query export required,47.5,Phase 2B tier/quality + global impressions/position; clicks excluded from score
distance,https://ovidhan.net/word/distance.html,A,7,REVIEW,LEGACY — NEEDS STATIC UPGRADE,0,0,0,0,GLOBAL AGGREGATE — FRANCE CONTAMINATION POSSIBLE,NONE,Bangladesh-filtered GSC page/query export required,47.5,Phase 2B tier/quality + global impressions/position; clicks excluded from score
distributed,https://ovidhan.net/word/distributed.html,A,7,REVIEW,LEGACY — NEEDS STATIC UPGRADE,0,0,0,0,GLOBAL AGGREGATE — FRANCE CONTAMINATION POSSIBLE,NONE,Bangladesh-filtered GSC page/query export required,47.5,Phase 2B tier/quality + global impressions/position; clicks excluded from score
distribution,https://ovidhan.net/word/distribution.html,A,7,REVIEW,LEGACY — NEEDS STATIC UPGRADE,0,0,0,0,GLOBAL AGGREGATE — FRANCE CONTAMINATION POSSIBLE,NONE,Bangladesh-filtered GSC page/query export required,47.5,Phase 2B tier/quality + global impressions/position; clicks excluded from score
district,https://ovidhan.net/word/district.html,A,7,REVIEW,LEGACY — NEEDS STATIC UPGRADE,0,0,0,0,GLOBAL AGGREGATE — FRANCE CONTAMINATION POSSIBLE,NONE,Bangladesh-filtered GSC page/query export required,47.5,Phase 2B tier/quality + global impressions/position; clicks excluded from score
diverse,https://ovidhan.net/word/diverse.html,A,7,REVIEW,LEGACY — NEEDS STATIC UPGRADE,0,0,0,0,GLOBAL AGGREGATE — FRANCE CONTAMINATION POSSIBLE,NONE,Bangladesh-filtered GSC page/query export required,47.5,Phase 2B tier/quality + global impressions/position; clicks excluded from score
diversity,https://ovidhan.net/word/diversity.html,A,7,REVIEW,LEGACY — NEEDS STATIC UPGRADE,0,0,0,0,GLOBAL AGGREGATE — FRANCE CONTAMINATION POSSIBLE,NONE,Bangladesh-filtered GSC page/query export required,47.5,Phase 2B tier/quality + global impressions/position; clicks excluded from score
divided,https://ovidhan.net/word/divided.html,A,7,REVIEW,LEGACY — NEEDS STATIC UPGRADE,0,0,0,0,GLOBAL AGGREGATE — FRANCE CONTAMINATION POSSIBLE,NONE,Bangladesh-filtered GSC page/query export required,47.5,Phase 2B tier/quality + global impressions/position; clicks excluded from score
division,https://ovidhan.net/word/division.html,A,7,REVIEW,LEGACY — NEEDS STATIC UPGRADE,0,0,0,0,GLOBAL AGGREGATE — FRANCE CONTAMINATION POSSIBLE,NONE,Bangladesh-filtered GSC page/query export required,47.5,Phase 2B tier/quality + global impressions/position; clicks excluded from score
divorce,https://ovidhan.net/word/divorce.html,A,7,REVIEW,LEGACY — NEEDS STATIC UPGRADE,0,0,0,0,GLOBAL AGGREGATE — FRANCE CONTAMINATION POSSIBLE,NONE,Bangladesh-filtered GSC page/query export required,47.5,Phase 2B tier/quality + global impressions/position; clicks excluded from score
dj,https://ovidhan.net/word/dj.html,A,7,REVIEW,LEGACY — NEEDS STATIC UPGRADE,0,0,0,0,GLOBAL AGGREGATE — FRANCE CONTAMINATION POSSIBLE,NONE,Bangladesh-filtered GSC page/query export required,47.5,Phase 2B tier/quality + global impressions/position; clicks excluded from score
dna,https://ovidhan.net/word/dna.html,A,7,REVIEW,LEGACY — NEEDS STATIC UPGRADE,0,0,0,0,GLOBAL AGGREGATE — FRANCE CONTAMINATION POSSIBLE,NONE,Bangladesh-filtered GSC page/query export required,47.5,Phase 2B tier/quality + global impressions/position; clicks excluded from score
do,https://ovidhan.net/word/do.html,A,7,REVIEW,LEGACY — NEEDS STATIC UPGRADE,0,0,0,0,GLOBAL AGGREGATE — FRANCE CONTAMINATION POSSIBLE,NONE,Bangladesh-filtered GSC page/query export required,47.5,Phase 2B tier/quality + global impressions/position; clicks excluded from score
doc,https://ovidhan.net/word/doc.html,A,7,REVIEW,LEGACY — NEEDS STATIC UPGRADE,0,0,0,0,GLOBAL AGGREGATE — FRANCE CONTAMINATION POSSIBLE,NONE,Bangladesh-filtered GSC page/query export required,47.5,Phase 2B tier/quality + global impressions/position; clicks excluded from score
doctor,https://ovidhan.net/word/doctor.html,A,7,REVIEW,LEGACY — NEEDS STATIC UPGRADE,0,0,0,0,GLOBAL AGGREGATE — FRANCE CONTAMINATION POSSIBLE,NONE,Bangladesh-filtered GSC page/query export required,47.5,Phase 2B tier/quality + global impressions/position; clicks excluded from score
doctors,https://ovidhan.net/word/doctors.html,A,7,REVIEW,LEGACY — NEEDS STATIC UPGRADE,0,0,0,0,GLOBAL AGGREGATE — FRANCE CONTAMINATION POSSIBLE,NONE,Bangladesh-filtered GSC page/query export required,47.5,Phase 2B tier/quality + global impressions/position; clicks excluded from score
document,https://ovidhan.net/word/document.html,A,7,REVIEW,LEGACY — NEEDS STATIC UPGRADE,0,0,0,0,GLOBAL AGGREGATE — FRANCE CONTAMINATION POSSIBLE,NONE,Bangladesh-filtered GSC page/query export required,47.5,Phase 2B tier/quality + global impressions/position; clicks excluded from score
documentation,https://ovidhan.net/word/documentation.html,A,7,REVIEW,LEGACY — NEEDS STATIC UPGRADE,0,0,0,0,GLOBAL AGGREGATE — FRANCE CONTAMINATION POSSIBLE,NONE,Bangladesh-filtered GSC page/query export required,47.5,Phase 2B tier/quality + global impressions/position; clicks excluded from score
documents,https://ovidhan.net/word/documents.html,A,7,REVIEW,LEGACY — NEEDS STATIC UPGRADE,0,0,0,0,GLOBAL AGGREGATE — FRANCE CONTAMINATION POSSIBLE,NONE,Bangladesh-filtered GSC page/query export required,47.5,Phase 2B tier/quality + global impressions/position; clicks excluded from score
dodge,https://ovidhan.net/word/dodge.html,A,7,REVIEW,LEGACY — NEEDS STATIC UPGRADE,0,0,0,0,GLOBAL AGGREGATE — FRANCE CONTAMINATION POSSIBLE,NONE,Bangladesh-filtered GSC page/query export required,47.5,Phase 2B tier/quality + global impressions/position; clicks excluded from score
does,https://ovidhan.net/word/does.html,A,7,REVIEW,LEGACY — NEEDS STATIC UPGRADE,0,0,0,0,GLOBAL AGGREGATE — FRANCE CONTAMINATION POSSIBLE,NONE,Bangladesh-filtered GSC page/query export required,47.5,Phase 2B tier/quality + global impressions/position; clicks excluded from score
dog,https://ovidhan.net/word/dog.html,A,7,REVIEW,LEGACY — NEEDS STATIC UPGRADE,0,0,0,0,GLOBAL AGGREGATE — FRANCE CONTAMINATION POSSIBLE,NONE,Bangladesh-filtered GSC page/query export required,47.5,Phase 2B tier/quality + global impressions/position; clicks excluded from score
dogs,https://ovidhan.net/word/dogs.html,A,7,REVIEW,LEGACY — NEEDS STATIC UPGRADE,0,0,0,0,GLOBAL AGGREGATE — FRANCE CONTAMINATION POSSIBLE,NONE,Bangladesh-filtered GSC page/query export required,47.5,Phase 2B tier/quality + global impressions/position; clicks excluded from score
doing,https://ovidhan.net/word/doing.html,A,7,REVIEW,LEGACY — NEEDS STATIC UPGRADE,0,0,0,0,GLOBAL AGGREGATE — FRANCE CONTAMINATION POSSIBLE,NONE,Bangladesh-filtered GSC page/query export required,47.5,Phase 2B tier/quality + global impressions/position; clicks excluded from score
dollar,https://ovidhan.net/word/dollar.html,A,7,REVIEW,LEGACY — NEEDS STATIC UPGRADE,0,0,0,0,GLOBAL AGGREGATE — FRANCE CONTAMINATION POSSIBLE,NONE,Bangladesh-filtered GSC page/query export required,47.5,Phase 2B tier/quality + global impressions/position; clicks excluded from score
dollars,https://ovidhan.net/word/dollars.html,A,7,REVIEW,LEGACY — NEEDS STATIC UPGRADE,0,0,0,0,GLOBAL AGGREGATE — FRANCE CONTAMINATION POSSIBLE,NONE,Bangladesh-filtered GSC page/query export required,47.5,Phase 2B tier/quality + global impressions/position; clicks excluded from score
dolls,https://ovidhan.net/word/dolls.html,A,7,REVIEW,LEGACY — NEEDS STATIC UPGRADE,0,0,0,0,GLOBAL AGGREGATE — FRANCE CONTAMINATION POSSIBLE,NONE,Bangladesh-filtered GSC page/query export required,47.5,Phase 2B tier/quality + global impressions/position; clicks excluded from score
domain,https://ovidhan.net/word/domain.html,A,7,REVIEW,LEGACY — NEEDS STATIC UPGRADE,0,0,0,0,GLOBAL AGGREGATE — FRANCE CONTAMINATION POSSIBLE,NONE,Bangladesh-filtered GSC page/query export required,47.5,Phase 2B tier/quality + global impressions/position; clicks excluded from score
domains,https://ovidhan.net/word/domains.html,A,7,REVIEW,LEGACY — NEEDS STATIC UPGRADE,0,0,0,0,GLOBAL AGGREGATE — FRANCE CONTAMINATION POSSIBLE,NONE,Bangladesh-filtered GSC page/query export required,47.5,Phase 2B tier/quality + global impressions/position; clicks excluded from score
domestic,https://ovidhan.net/word/domestic.html,A,7,REVIEW,LEGACY — NEEDS STATIC UPGRADE,0,0,0,0,GLOBAL AGGREGATE — FRANCE CONTAMINATION POSSIBLE,NONE,Bangladesh-filtered GSC page/query export required,47.5,Phase 2B tier/quality + global impressions/position; clicks excluded from score
don,https://ovidhan.net/word/don.html,A,7,REVIEW,LEGACY — NEEDS STATIC UPGRADE,0,0,0,0,GLOBAL AGGREGATE — FRANCE CONTAMINATION POSSIBLE,NONE,Bangladesh-filtered GSC page/query export required,47.5,Phase 2B tier/quality + global impressions/position; clicks excluded from score
donate,https://ovidhan.net/word/donate.html,A,7,REVIEW,LEGACY — NEEDS STATIC UPGRADE,0,0,0,0,GLOBAL AGGREGATE — FRANCE CONTAMINATION POSSIBLE,NONE,Bangladesh-filtered GSC page/query export required,47.5,Phase 2B tier/quality + global impressions/position; clicks excluded from score
donations,https://ovidhan.net/word/donations.html,A,7,REVIEW,LEGACY — NEEDS STATIC UPGRADE,0,0,0,0,GLOBAL AGGREGATE — FRANCE CONTAMINATION POSSIBLE,NONE,Bangladesh-filtered GSC page/query export required,47.5,Phase 2B tier/quality + global impressions/position; clicks excluded from score
done,https://ovidhan.net/word/done.html,A,7,REVIEW,LEGACY — NEEDS STATIC UPGRADE,0,0,0,0,GLOBAL AGGREGATE — FRANCE CONTAMINATION POSSIBLE,NONE,Bangladesh-filtered GSC page/query export required,47.5,Phase 2B tier/quality + global impressions/position; clicks excluded from score
door,https://ovidhan.net/word/door.html,A,7,REVIEW,LEGACY — NEEDS STATIC UPGRADE,0,0,0,0,GLOBAL AGGREGATE — FRANCE CONTAMINATION POSSIBLE,NONE,Bangladesh-filtered GSC page/query export required,47.5,Phase 2B tier/quality + global impressions/position; clicks excluded from score
doors,https://ovidhan.net/word/doors.html,A,7,REVIEW,LEGACY — NEEDS STATIC UPGRADE,0,0,0,0,GLOBAL AGGREGATE — FRANCE CONTAMINATION POSSIBLE,NONE,Bangladesh-filtered GSC page/query export required,47.5,Phase 2B tier/quality + global impressions/position; clicks excluded from score
dose,https://ovidhan.net/word/dose.html,A,7,REVIEW,LEGACY — NEEDS STATIC UPGRADE,0,0,0,0,GLOBAL AGGREGATE — FRANCE CONTAMINATION POSSIBLE,NONE,Bangladesh-filtered GSC page/query export required,47.5,Phase 2B tier/quality + global impressions/position; clicks excluded from score
dot,https://ovidhan.net/word/dot.html,A,7,REVIEW,LEGACY — NEEDS STATIC UPGRADE,0,0,0,0,GLOBAL AGGREGATE — FRANCE CONTAMINATION POSSIBLE,NONE,Bangladesh-filtered GSC page/query export required,47.5,Phase 2B tier/quality + global impressions/position; clicks excluded from score
double,https://ovidhan.net/word/double.html,A,7,REVIEW,LEGACY — NEEDS STATIC UPGRADE,0,0,0,0,GLOBAL AGGREGATE — FRANCE CONTAMINATION POSSIBLE,NONE,Bangladesh-filtered GSC page/query export required,47.5,Phase 2B tier/quality + global impressions/position; clicks excluded from score
doubt,https://ovidhan.net/word/doubt.html,A,7,REVIEW,LEGACY — NEEDS STATIC UPGRADE,0,0,0,0,GLOBAL AGGREGATE — FRANCE CONTAMINATION POSSIBLE,NONE,Bangladesh-filtered GSC page/query export required,47.5,Phase 2B tier/quality + global impressions/position; clicks excluded from score
douglas,https://ovidhan.net/word/douglas.html,A,7,REVIEW,LEGACY — NEEDS STATIC UPGRADE,0,0,0,0,GLOBAL AGGREGATE — FRANCE CONTAMINATION POSSIBLE,NONE,Bangladesh-filtered GSC page/query export required,47.5,Phase 2B tier/quality + global impressions/position; clicks excluded from score
down,https://ovidhan.net/word/down.html,A,7,REVIEW,LEGACY — NEEDS STATIC UPGRADE,0,0,0,0,GLOBAL AGGREGATE — FRANCE CONTAMINATION POSSIBLE,NONE,Bangladesh-filtered GSC page/query export required,47.5,Phase 2B tier/quality + global impressions/position; clicks excluded from score
download,https://ovidhan.net/word/download.html,A,7,REVIEW,LEGACY — NEEDS STATIC UPGRADE,0,0,0,0,GLOBAL AGGREGATE — FRANCE CONTAMINATION POSSIBLE,NONE,Bangladesh-filtered GSC page/query export required,47.5,Phase 2B tier/quality + global impressions/position; clicks excluded from score
downloads,https://ovidhan.net/word/downloads.html,A,7,REVIEW,LEGACY — NEEDS STATIC UPGRADE,0,0,0,0,GLOBAL AGGREGATE — FRANCE CONTAMINATION POSSIBLE,NONE,Bangladesh-filtered GSC page/query export required,47.5,Phase 2B tier/quality + global impressions/position; clicks excluded from score
downtown,https://ovidhan.net/word/downtown.html,A,7,REVIEW,LEGACY — NEEDS STATIC UPGRADE,0,0,0,0,GLOBAL AGGREGATE — FRANCE CONTAMINATION POSSIBLE,NONE,Bangladesh-filtered GSC page/query export required,47.5,Phase 2B tier/quality + global impressions/position; clicks excluded from score
draft,https://ovidhan.net/word/draft.html,A,7,REVIEW,LEGACY — NEEDS STATIC UPGRADE,0,0,0,0,GLOBAL AGGREGATE — FRANCE CONTAMINATION POSSIBLE,NONE,Bangladesh-filtered GSC page/query export required,47.5,Phase 2B tier/quality + global impressions/position; clicks excluded from score
dragon,https://ovidhan.net/word/dragon.html,A,7,REVIEW,LEGACY — NEEDS STATIC UPGRADE,0,0,0,0,GLOBAL AGGREGATE — FRANCE CONTAMINATION POSSIBLE,NONE,Bangladesh-filtered GSC page/query export required,47.5,Phase 2B tier/quality + global impressions/position; clicks excluded from score
drama,https://ovidhan.net/word/drama.html,A,7,REVIEW,LEGACY — NEEDS STATIC UPGRADE,0,0,0,0,GLOBAL AGGREGATE — FRANCE CONTAMINATION POSSIBLE,NONE,Bangladesh-filtered GSC page/query export required,47.5,Phase 2B tier/quality + global impressions/position; clicks excluded from score
draw,https://ovidhan.net/word/draw.html,A,7,REVIEW,LEGACY — NEEDS STATIC UPGRADE,0,0,0,0,GLOBAL AGGREGATE — FRANCE CONTAMINATION POSSIBLE,NONE,Bangladesh-filtered GSC page/query export required,47.5,Phase 2B tier/quality + global impressions/position; clicks excluded from score
drawing,https://ovidhan.net/word/drawing.html,A,7,REVIEW,LEGACY — NEEDS STATIC UPGRADE,0,0,0,0,GLOBAL AGGREGATE — FRANCE CONTAMINATION POSSIBLE,NONE,Bangladesh-filtered GSC page/query export required,47.5,Phase 2B tier/quality + global impressions/position; clicks excluded from score
drawn,https://ovidhan.net/word/drawn.html,A,7,REVIEW,LEGACY — NEEDS STATIC UPGRADE,0,0,0,0,GLOBAL AGGREGATE — FRANCE CONTAMINATION POSSIBLE,NONE,Bangladesh-filtered GSC page/query export required,47.5,Phase 2B tier/quality + global impressions/position; clicks excluded from score
dream,https://ovidhan.net/word/dream.html,A,7,REVIEW,LEGACY — NEEDS STATIC UPGRADE,0,0,0,0,GLOBAL AGGREGATE — FRANCE CONTAMINATION POSSIBLE,NONE,Bangladesh-filtered GSC page/query export required,47.5,Phase 2B tier/quality + global impressions/position; clicks excluded from score
dreams,https://ovidhan.net/word/dreams.html,A,7,REVIEW,LEGACY — NEEDS STATIC UPGRADE,0,0,0,0,GLOBAL AGGREGATE — FRANCE CONTAMINATION POSSIBLE,NONE,Bangladesh-filtered GSC page/query export required,47.5,Phase 2B tier/quality + global impressions/position; clicks excluded from score
dress,https://ovidhan.net/word/dress.html,A,7,REVIEW,LEGACY — NEEDS STATIC UPGRADE,0,0,0,0,GLOBAL AGGREGATE — FRANCE CONTAMINATION POSSIBLE,NONE,Bangladesh-filtered GSC page/query export required,47.5,Phase 2B tier/quality + global impressions/position; clicks excluded from score
drink,https://ovidhan.net/word/drink.html,A,7,REVIEW,LEGACY — NEEDS STATIC UPGRADE,0,0,0,0,GLOBAL AGGREGATE — FRANCE CONTAMINATION POSSIBLE,NONE,Bangladesh-filtered GSC page/query export required,47.5,Phase 2B tier/quality + global impressions/position; clicks excluded from score
drinking,https://ovidhan.net/word/drinking.html,A,7,REVIEW,LEGACY — NEEDS STATIC UPGRADE,0,0,0,0,GLOBAL AGGREGATE — FRANCE CONTAMINATION POSSIBLE,NONE,Bangladesh-filtered GSC page/query export required,47.5,Phase 2B tier/quality + global impressions/position; clicks excluded from score
drive,https://ovidhan.net/word/drive.html,A,7,REVIEW,LEGACY — NEEDS STATIC UPGRADE,0,0,0,0,GLOBAL AGGREGATE — FRANCE CONTAMINATION POSSIBLE,NONE,Bangladesh-filtered GSC page/query export required,47.5,Phase 2B tier/quality + global impressions/position; clicks excluded from score
driven,https://ovidhan.net/word/driven.html,A,7,REVIEW,LEGACY — NEEDS STATIC UPGRADE,0,0,0,0,GLOBAL AGGREGATE — FRANCE CONTAMINATION POSSIBLE,NONE,Bangladesh-filtered GSC page/query export required,47.5,Phase 2B tier/quality + global impressions/position; clicks excluded from score
driver,https://ovidhan.net/word/driver.html,A,7,REVIEW,LEGACY — NEEDS STATIC UPGRADE,0,0,0,0,GLOBAL AGGREGATE — FRANCE CONTAMINATION POSSIBLE,NONE,Bangladesh-filtered GSC page/query export required,47.5,Phase 2B tier/quality + global impressions/position; clicks excluded from score
drivers,https://ovidhan.net/word/drivers.html,A,7,REVIEW,LEGACY — NEEDS STATIC UPGRADE,0,0,0,0,GLOBAL AGGREGATE — FRANCE CONTAMINATION POSSIBLE,NONE,Bangladesh-filtered GSC page/query export required,47.5,Phase 2B tier/quality + global impressions/position; clicks excluded from score
drives,https://ovidhan.net/word/drives.html,A,7,REVIEW,LEGACY — NEEDS STATIC UPGRADE,0,0,0,0,GLOBAL AGGREGATE — FRANCE CONTAMINATION POSSIBLE,NONE,Bangladesh-filtered GSC page/query export required,47.5,Phase 2B tier/quality + global impressions/position; clicks excluded from score
driving,https://ovidhan.net/word/driving.html,A,7,REVIEW,LEGACY — NEEDS STATIC UPGRADE,0,0,0,0,GLOBAL AGGREGATE — FRANCE CONTAMINATION POSSIBLE,NONE,Bangladesh-filtered GSC page/query export required,47.5,Phase 2B tier/quality + global impressions/position; clicks excluded from score
drop,https://ovidhan.net/word/drop.html,A,7,REVIEW,LEGACY — NEEDS STATIC UPGRADE,0,0,0,0,GLOBAL AGGREGATE — FRANCE CONTAMINATION POSSIBLE,NONE,Bangladesh-filtered GSC page/query export required,47.5,Phase 2B tier/quality + global impressions/position; clicks excluded from score
drug,https://ovidhan.net/word/drug.html,A,7,REVIEW,LEGACY — NEEDS STATIC UPGRADE,0,0,0,0,GLOBAL AGGREGATE — FRANCE CONTAMINATION POSSIBLE,NONE,Bangladesh-filtered GSC page/query export required,47.5,Phase 2B tier/quality + global impressions/position; clicks excluded from score
drugs,https://ovidhan.net/word/drugs.html,A,7,REVIEW,LEGACY — NEEDS STATIC UPGRADE,0,0,0,0,GLOBAL AGGREGATE — FRANCE CONTAMINATION POSSIBLE,NONE,Bangladesh-filtered GSC page/query export required,47.5,Phase 2B tier/quality + global impressions/position; clicks excluded from score
drum,https://ovidhan.net/word/drum.html,A,7,REVIEW,LEGACY — NEEDS STATIC UPGRADE,0,0,0,0,GLOBAL AGGREGATE — FRANCE CONTAMINATION POSSIBLE,NONE,Bangladesh-filtered GSC page/query export required,47.5,Phase 2B tier/quality + global impressions/position; clicks excluded from score
dry,https://ovidhan.net/word/dry.html,A,7,REVIEW,LEGACY — NEEDS STATIC UPGRADE,0,0,0,0,GLOBAL AGGREGATE — FRANCE CONTAMINATION POSSIBLE,NONE,Bangladesh-filtered GSC page/query export required,47.5,Phase 2B tier/quality + global impressions/position; clicks excluded from score
ds,https://ovidhan.net/word/ds.html,A,7,REVIEW,LEGACY — NEEDS STATIC UPGRADE,0,0,0,0,GLOBAL AGGREGATE — FRANCE CONTAMINATION POSSIBLE,NONE,Bangladesh-filtered GSC page/query export required,47.5,Phase 2B tier/quality + global impressions/position; clicks excluded from score
dsl,https://ovidhan.net/word/dsl.html,A,7,REVIEW,LEGACY — NEEDS STATIC UPGRADE,0,0,0,0,GLOBAL AGGREGATE — FRANCE CONTAMINATION POSSIBLE,NONE,Bangladesh-filtered GSC page/query export required,47.5,Phase 2B tier/quality + global impressions/position; clicks excluded from score
dual,https://ovidhan.net/word/dual.html,A,7,REVIEW,LEGACY — NEEDS STATIC UPGRADE,0,0,0,0,GLOBAL AGGREGATE — FRANCE CONTAMINATION POSSIBLE,NONE,Bangladesh-filtered GSC page/query export required,47.5,Phase 2B tier/quality + global impressions/position; clicks excluded from score
dublin,https://ovidhan.net/word/dublin.html,A,7,REVIEW,LEGACY — NEEDS STATIC UPGRADE,0,0,0,0,GLOBAL AGGREGATE — FRANCE CONTAMINATION POSSIBLE,NONE,Bangladesh-filtered GSC page/query export required,47.5,Phase 2B tier/quality + global impressions/position; clicks excluded from score
due,https://ovidhan.net/word/due.html,A,7,REVIEW,LEGACY — NEEDS STATIC UPGRADE,0,0,0,0,GLOBAL AGGREGATE — FRANCE CONTAMINATION POSSIBLE,NONE,Bangladesh-filtered GSC page/query export required,47.5,Phase 2B tier/quality + global impressions/position; clicks excluded from score
duration,https://ovidhan.net/word/duration.html,A,7,REVIEW,LEGACY — NEEDS STATIC UPGRADE,0,0,0,0,GLOBAL AGGREGATE — FRANCE CONTAMINATION POSSIBLE,NONE,Bangladesh-filtered GSC page/query export required,47.5,Phase 2B tier/quality + global impressions/position; clicks excluded from score
dust,https://ovidhan.net/word/dust.html,A,7,REVIEW,LEGACY — NEEDS STATIC UPGRADE,0,0,0,0,GLOBAL AGGREGATE — FRANCE CONTAMINATION POSSIBLE,NONE,Bangladesh-filtered GSC page/query export required,47.5,Phase 2B tier/quality + global impressions/position; clicks excluded from score
dutch,https://ovidhan.net/word/dutch.html,A,7,REVIEW,LEGACY — NEEDS STATIC UPGRADE,0,0,0,0,GLOBAL AGGREGATE — FRANCE CONTAMINATION POSSIBLE,NONE,Bangladesh-filtered GSC page/query export required,47.5,Phase 2B tier/quality + global impressions/position; clicks excluded from score
duties,https://ovidhan.net/word/duties.html,A,7,REVIEW,LEGACY — NEEDS STATIC UPGRADE,0,0,0,0,GLOBAL AGGREGATE — FRANCE CONTAMINATION POSSIBLE,NONE,Bangladesh-filtered GSC page/query export required,47.5,Phase 2B tier/quality + global impressions/position; clicks excluded from score
duty,https://ovidhan.net/word/duty.html,A,7,REVIEW,LEGACY — NEEDS STATIC UPGRADE,0,0,0,0,GLOBAL AGGREGATE — FRANCE CONTAMINATION POSSIBLE,NONE,Bangladesh-filtered GSC page/query export required,47.5,Phase 2B tier/quality + global impressions/position; clicks excluded from score
dvd,https://ovidhan.net/word/dvd.html,A,7,REVIEW,LEGACY — NEEDS STATIC UPGRADE,0,0,0,0,GLOBAL AGGREGATE — FRANCE CONTAMINATION POSSIBLE,NONE,Bangladesh-filtered GSC page/query export required,47.5,Phase 2B tier/quality + global impressions/position; clicks excluded from score
dvds,https://ovidhan.net/word/dvds.html,A,7,REVIEW,LEGACY — NEEDS STATIC UPGRADE,0,0,0,0,GLOBAL AGGREGATE — FRANCE CONTAMINATION POSSIBLE,NONE,Bangladesh-filtered GSC page/query export required,47.5,Phase 2B tier/quality + global impressions/position; clicks excluded from score
dynamic,https://ovidhan.net/word/dynamic.html,A,7,REVIEW,LEGACY — NEEDS STATIC UPGRADE,0,0,0,0,GLOBAL AGGREGATE — FRANCE CONTAMINATION POSSIBLE,NONE,Bangladesh-filtered GSC page/query export required,47.5,Phase 2B tier/quality + global impressions/position; clicks excluded from score
dynamics,https://ovidhan.net/word/dynamics.html,A,7,REVIEW,LEGACY — NEEDS STATIC UPGRADE,0,0,0,0,GLOBAL AGGREGATE — FRANCE CONTAMINATION POSSIBLE,NONE,Bangladesh-filtered GSC page/query export required,47.5,Phase 2B tier/quality + global impressions/position; clicks excluded from score
each,https://ovidhan.net/word/each.html,A,7,REVIEW,LEGACY — NEEDS STATIC UPGRADE,0,0,0,0,GLOBAL AGGREGATE — FRANCE CONTAMINATION POSSIBLE,NONE,Bangladesh-filtered GSC page/query export required,47.5,Phase 2B tier/quality + global impressions/position; clicks excluded from score
eagle,https://ovidhan.net/word/eagle.html,A,7,REVIEW,LEGACY — NEEDS STATIC UPGRADE,0,0,0,0,GLOBAL AGGREGATE — FRANCE CONTAMINATION POSSIBLE,NONE,Bangladesh-filtered GSC page/query export required,47.5,Phase 2B tier/quality + global impressions/position; clicks excluded from score
ear,https://ovidhan.net/word/ear.html,A,7,REVIEW,LEGACY — NEEDS STATIC UPGRADE,0,0,0,0,GLOBAL AGGREGATE — FRANCE CONTAMINATION POSSIBLE,NONE,Bangladesh-filtered GSC page/query export required,47.5,Phase 2B tier/quality + global impressions/position; clicks excluded from score
earlier,https://ovidhan.net/word/earlier.html,A,7,REVIEW,LEGACY — NEEDS STATIC UPGRADE,0,0,0,0,GLOBAL AGGREGATE — FRANCE CONTAMINATION POSSIBLE,NONE,Bangladesh-filtered GSC page/query export required,47.5,Phase 2B tier/quality + global impressions/position; clicks excluded from score
early,https://ovidhan.net/word/early.html,A,7,REVIEW,LEGACY — NEEDS STATIC UPGRADE,0,0,0,0,GLOBAL AGGREGATE — FRANCE CONTAMINATION POSSIBLE,NONE,Bangladesh-filtered GSC page/query export required,47.5,Phase 2B tier/quality + global impressions/position; clicks excluded from score
earn,https://ovidhan.net/word/earn.html,A,7,REVIEW,LEGACY — NEEDS STATIC UPGRADE,0,0,0,0,GLOBAL AGGREGATE — FRANCE CONTAMINATION POSSIBLE,NONE,Bangladesh-filtered GSC page/query export required,47.5,Phase 2B tier/quality + global impressions/position; clicks excluded from score
earnings,https://ovidhan.net/word/earnings.html,A,7,REVIEW,LEGACY — NEEDS STATIC UPGRADE,0,0,0,0,GLOBAL AGGREGATE — FRANCE CONTAMINATION POSSIBLE,NONE,Bangladesh-filtered GSC page/query export required,47.5,Phase 2B tier/quality + global impressions/position; clicks excluded from score
earth,https://ovidhan.net/word/earth.html,A,7,REVIEW,LEGACY — NEEDS STATIC UPGRADE,0,0,0,0,GLOBAL AGGREGATE — FRANCE CONTAMINATION POSSIBLE,NONE,Bangladesh-filtered GSC page/query export required,47.5,Phase 2B tier/quality + global impressions/position; clicks excluded from score
ease,https://ovidhan.net/word/ease.html,A,7,REVIEW,LEGACY — NEEDS STATIC UPGRADE,0,0,0,0,GLOBAL AGGREGATE — FRANCE CONTAMINATION POSSIBLE,NONE,Bangladesh-filtered GSC page/query export required,47.5,Phase 2B tier/quality + global impressions/position; clicks excluded from score
easier,https://ovidhan.net/word/easier.html,A,7,REVIEW,LEGACY — NEEDS STATIC UPGRADE,0,0,0,0,GLOBAL AGGREGATE — FRANCE CONTAMINATION POSSIBLE,NONE,Bangladesh-filtered GSC page/query export required,47.5,Phase 2B tier/quality + global impressions/position; clicks excluded from score
easily,https://ovidhan.net/word/easily.html,A,7,REVIEW,LEGACY — NEEDS STATIC UPGRADE,0,0,0,0,GLOBAL AGGREGATE — FRANCE CONTAMINATION POSSIBLE,NONE,Bangladesh-filtered GSC page/query export required,47.5,Phase 2B tier/quality + global impressions/position; clicks excluded from score
east,https://ovidhan.net/word/east.html,A,7,REVIEW,LEGACY — NEEDS STATIC UPGRADE,0,0,0,0,GLOBAL AGGREGATE — FRANCE CONTAMINATION POSSIBLE,NONE,Bangladesh-filtered GSC page/query export required,47.5,Phase 2B tier/quality + global impressions/position; clicks excluded from score
eastern,https://ovidhan.net/word/eastern.html,A,7,REVIEW,LEGACY — NEEDS STATIC UPGRADE,0,0,0,0,GLOBAL AGGREGATE — FRANCE CONTAMINATION POSSIBLE,NONE,Bangladesh-filtered GSC page/query export required,47.5,Phase 2B tier/quality + global impressions/position; clicks excluded from score
easy,https://ovidhan.net/word/easy.html,A,7,REVIEW,LEGACY — NEEDS STATIC UPGRADE,0,0,0,0,GLOBAL AGGREGATE — FRANCE CONTAMINATION POSSIBLE,NONE,Bangladesh-filtered GSC page/query export required,47.5,Phase 2B tier/quality + global impressions/position; clicks excluded from score
eat,https://ovidhan.net/word/eat.html,A,7,REVIEW,LEGACY — NEEDS STATIC UPGRADE,0,0,0,0,GLOBAL AGGREGATE — FRANCE CONTAMINATION POSSIBLE,NONE,Bangladesh-filtered GSC page/query export required,47.5,Phase 2B tier/quality + global impressions/position; clicks excluded from score
eating,https://ovidhan.net/word/eating.html,A,7,REVIEW,LEGACY — NEEDS STATIC UPGRADE,0,0,0,0,GLOBAL AGGREGATE — FRANCE CONTAMINATION POSSIBLE,NONE,Bangladesh-filtered GSC page/query export required,47.5,Phase 2B tier/quality + global impressions/position; clicks excluded from score
ebony,https://ovidhan.net/word/ebony.html,A,7,REVIEW,LEGACY — NEEDS STATIC UPGRADE,0,0,0,0,GLOBAL AGGREGATE — FRANCE CONTAMINATION POSSIBLE,NONE,Bangladesh-filtered GSC page/query export required,47.5,Phase 2B tier/quality + global impressions/position; clicks excluded from score
echo,https://ovidhan.net/word/echo.html,A,7,REVIEW,LEGACY — NEEDS STATIC UPGRADE,0,0,0,0,GLOBAL AGGREGATE — FRANCE CONTAMINATION POSSIBLE,NONE,Bangladesh-filtered GSC page/query export required,47.5,Phase 2B tier/quality + global impressions/position; clicks excluded from score
economic,https://ovidhan.net/word/economic.html,A,7,REVIEW,LEGACY — NEEDS STATIC UPGRADE,0,0,0,0,GLOBAL AGGREGATE — FRANCE CONTAMINATION POSSIBLE,NONE,Bangladesh-filtered GSC page/query export required,47.5,Phase 2B tier/quality + global impressions/position; clicks excluded from score
economics,https://ovidhan.net/word/economics.html,A,7,REVIEW,LEGACY — NEEDS STATIC UPGRADE,0,0,0,0,GLOBAL AGGREGATE — FRANCE CONTAMINATION POSSIBLE,NONE,Bangladesh-filtered GSC page/query export required,47.5,Phase 2B tier/quality + global impressions/position; clicks excluded from score
economy,https://ovidhan.net/word/economy.html,A,7,REVIEW,LEGACY — NEEDS STATIC UPGRADE,0,0,0,0,GLOBAL AGGREGATE — FRANCE CONTAMINATION POSSIBLE,NONE,Bangladesh-filtered GSC page/query export required,47.5,Phase 2B tier/quality + global impressions/position; clicks excluded from score
ed,https://ovidhan.net/word/ed.html,A,7,REVIEW,LEGACY — NEEDS STATIC UPGRADE,0,0,0,0,GLOBAL AGGREGATE — FRANCE CONTAMINATION POSSIBLE,NONE,Bangladesh-filtered GSC page/query export required,47.5,Phase 2B tier/quality + global impressions/position; clicks excluded from score
edge,https://ovidhan.net/word/edge.html,A,7,REVIEW,LEGACY — NEEDS STATIC UPGRADE,0,0,0,0,GLOBAL AGGREGATE — FRANCE CONTAMINATION POSSIBLE,NONE,Bangladesh-filtered GSC page/query export required,47.5,Phase 2B tier/quality + global impressions/position; clicks excluded from score
edinburgh,https://ovidhan.net/word/edinburgh.html,A,7,REVIEW,LEGACY — NEEDS STATIC UPGRADE,0,0,0,0,GLOBAL AGGREGATE — FRANCE CONTAMINATION POSSIBLE,NONE,Bangladesh-filtered GSC page/query export required,47.5,Phase 2B tier/quality + global impressions/position; clicks excluded from score
edit,https://ovidhan.net/word/edit.html,A,7,REVIEW,LEGACY — NEEDS STATIC UPGRADE,0,0,0,0,GLOBAL AGGREGATE — FRANCE CONTAMINATION POSSIBLE,NONE,Bangladesh-filtered GSC page/query export required,47.5,Phase 2B tier/quality + global impressions/position; clicks excluded from score
edited,https://ovidhan.net/word/edited.html,A,7,REVIEW,LEGACY — NEEDS STATIC UPGRADE,0,0,0,0,GLOBAL AGGREGATE — FRANCE CONTAMINATION POSSIBLE,NONE,Bangladesh-filtered GSC page/query export required,47.5,Phase 2B tier/quality + global impressions/position; clicks excluded from score
editing,https://ovidhan.net/word/editing.html,A,7,REVIEW,LEGACY — NEEDS STATIC UPGRADE,0,0,0,0,GLOBAL AGGREGATE — FRANCE CONTAMINATION POSSIBLE,NONE,Bangladesh-filtered GSC page/query export required,47.5,Phase 2B tier/quality + global impressions/position; clicks excluded from score
edition,https://ovidhan.net/word/edition.html,A,7,REVIEW,LEGACY — NEEDS STATIC UPGRADE,0,0,0,0,GLOBAL AGGREGATE — FRANCE CONTAMINATION POSSIBLE,NONE,Bangladesh-filtered GSC page/query export required,47.5,Phase 2B tier/quality + global impressions/position; clicks excluded from score
editions,https://ovidhan.net/word/editions.html,A,7,REVIEW,LEGACY — NEEDS STATIC UPGRADE,0,0,0,0,GLOBAL AGGREGATE — FRANCE CONTAMINATION POSSIBLE,NONE,Bangladesh-filtered GSC page/query export required,47.5,Phase 2B tier/quality + global impressions/position; clicks excluded from score
editor,https://ovidhan.net/word/editor.html,A,7,REVIEW,LEGACY — NEEDS STATIC UPGRADE,0,0,0,0,GLOBAL AGGREGATE — FRANCE CONTAMINATION POSSIBLE,NONE,Bangladesh-filtered GSC page/query export required,47.5,Phase 2B tier/quality + global impressions/position; clicks excluded from score
editorial,https://ovidhan.net/word/editorial.html,A,7,REVIEW,LEGACY — NEEDS STATIC UPGRADE,0,0,0,0,GLOBAL AGGREGATE — FRANCE CONTAMINATION POSSIBLE,NONE,Bangladesh-filtered GSC page/query export required,47.5,Phase 2B tier/quality + global impressions/position; clicks excluded from score
editors,https://ovidhan.net/word/editors.html,A,7,REVIEW,LEGACY — NEEDS STATIC UPGRADE,0,0,0,0,GLOBAL AGGREGATE — FRANCE CONTAMINATION POSSIBLE,NONE,Bangladesh-filtered GSC page/query export required,47.5,Phase 2B tier/quality + global impressions/position; clicks excluded from score
educational,https://ovidhan.net/word/educational.html,A,7,REVIEW,LEGACY — NEEDS STATIC UPGRADE,0,0,0,0,GLOBAL AGGREGATE — FRANCE CONTAMINATION POSSIBLE,NONE,Bangladesh-filtered GSC page/query export required,47.5,Phase 2B tier/quality + global impressions/position; clicks excluded from score
edward,https://ovidhan.net/word/edward.html,A,7,REVIEW,LEGACY — NEEDS STATIC UPGRADE,0,0,0,0,GLOBAL AGGREGATE — FRANCE CONTAMINATION POSSIBLE,NONE,Bangladesh-filtered GSC page/query export required,47.5,Phase 2B tier/quality + global impressions/position; clicks excluded from score
effect,https://ovidhan.net/word/effect.html,A,7,REVIEW,LEGACY — NEEDS STATIC UPGRADE,0,0,0,0,GLOBAL AGGREGATE — FRANCE CONTAMINATION POSSIBLE,NONE,Bangladesh-filtered GSC page/query export required,47.5,Phase 2B tier/quality + global impressions/position; clicks excluded from score
effective,https://ovidhan.net/word/effective.html,A,7,REVIEW,LEGACY — NEEDS STATIC UPGRADE,0,0,0,0,GLOBAL AGGREGATE — FRANCE CONTAMINATION POSSIBLE,NONE,Bangladesh-filtered GSC page/query export required,47.5,Phase 2B tier/quality + global impressions/position; clicks excluded from score
effectively,https://ovidhan.net/word/effectively.html,A,7,REVIEW,LEGACY — NEEDS STATIC UPGRADE,0,0,0,0,GLOBAL AGGREGATE — FRANCE CONTAMINATION POSSIBLE,NONE,Bangladesh-filtered GSC page/query export required,47.5,Phase 2B tier/quality + global impressions/position; clicks excluded from score
effectiveness,https://ovidhan.net/word/effectiveness.html,A,7,REVIEW,LEGACY — NEEDS STATIC UPGRADE,0,0,0,0,GLOBAL AGGREGATE — FRANCE CONTAMINATION POSSIBLE,NONE,Bangladesh-filtered GSC page/query export required,47.5,Phase 2B tier/quality + global impressions/position; clicks excluded from score
effects,https://ovidhan.net/word/effects.html,A,7,REVIEW,LEGACY — NEEDS STATIC UPGRADE,0,0,0,0,GLOBAL AGGREGATE — FRANCE CONTAMINATION POSSIBLE,NONE,Bangladesh-filtered GSC page/query export required,47.5,Phase 2B tier/quality + global impressions/position; clicks excluded from score
efficiency,https://ovidhan.net/word/efficiency.html,A,7,REVIEW,LEGACY — NEEDS STATIC UPGRADE,0,0,0,0,GLOBAL AGGREGATE — FRANCE CONTAMINATION POSSIBLE,NONE,Bangladesh-filtered GSC page/query export required,47.5,Phase 2B tier/quality + global impressions/position; clicks excluded from score
efficient,https://ovidhan.net/word/efficient.html,A,7,REVIEW,LEGACY — NEEDS STATIC UPGRADE,0,0,0,0,GLOBAL AGGREGATE — FRANCE CONTAMINATION POSSIBLE,NONE,Bangladesh-filtered GSC page/query export required,47.5,Phase 2B tier/quality + global impressions/position; clicks excluded from score
effort,https://ovidhan.net/word/effort.html,A,7,REVIEW,LEGACY — NEEDS STATIC UPGRADE,0,0,0,0,GLOBAL AGGREGATE — FRANCE CONTAMINATION POSSIBLE,NONE,Bangladesh-filtered GSC page/query export required,47.5,Phase 2B tier/quality + global impressions/position; clicks excluded from score
efforts,https://ovidhan.net/word/efforts.html,A,7,REVIEW,LEGACY — NEEDS STATIC UPGRADE,0,0,0,0,GLOBAL AGGREGATE — FRANCE CONTAMINATION POSSIBLE,NONE,Bangladesh-filtered GSC page/query export required,47.5,Phase 2B tier/quality + global impressions/position; clicks excluded from score
egypt,https://ovidhan.net/word/egypt.html,A,7,REVIEW,LEGACY — NEEDS STATIC UPGRADE,0,0,0,0,GLOBAL AGGREGATE — FRANCE CONTAMINATION POSSIBLE,NONE,Bangladesh-filtered GSC page/query export required,47.5,Phase 2B tier/quality + global impressions/position; clicks excluded from score
eight,https://ovidhan.net/word/eight.html,A,7,REVIEW,LEGACY — NEEDS STATIC UPGRADE,0,0,0,0,GLOBAL AGGREGATE — FRANCE CONTAMINATION POSSIBLE,NONE,Bangladesh-filtered GSC page/query export required,47.5,Phase 2B tier/quality + global impressions/position; clicks excluded from score
either,https://ovidhan.net/word/either.html,A,7,REVIEW,LEGACY — NEEDS STATIC UPGRADE,0,0,0,0,GLOBAL AGGREGATE — FRANCE CONTAMINATION POSSIBLE,NONE,Bangladesh-filtered GSC page/query export required,47.5,Phase 2B tier/quality + global impressions/position; clicks excluded from score
elected,https://ovidhan.net/word/elected.html,A,7,REVIEW,LEGACY — NEEDS STATIC UPGRADE,0,0,0,0,GLOBAL AGGREGATE — FRANCE CONTAMINATION POSSIBLE,NONE,Bangladesh-filtered GSC page/query export required,47.5,Phase 2B tier/quality + global impressions/position; clicks excluded from score
election,https://ovidhan.net/word/election.html,A,7,REVIEW,LEGACY — NEEDS STATIC UPGRADE,0,0,0,0,GLOBAL AGGREGATE — FRANCE CONTAMINATION POSSIBLE,NONE,Bangladesh-filtered GSC page/query export required,47.5,Phase 2B tier/quality + global impressions/position; clicks excluded from score
elections,https://ovidhan.net/word/elections.html,A,7,REVIEW,LEGACY — NEEDS STATIC UPGRADE,0,0,0,0,GLOBAL AGGREGATE — FRANCE CONTAMINATION POSSIBLE,NONE,Bangladesh-filtered GSC page/query export required,47.5,Phase 2B tier/quality + global impressions/position; clicks excluded from score
electric,https://ovidhan.net/word/electric.html,A,7,REVIEW,LEGACY — NEEDS STATIC UPGRADE,0,0,0,0,GLOBAL AGGREGATE — FRANCE CONTAMINATION POSSIBLE,NONE,Bangladesh-filtered GSC page/query export required,47.5,Phase 2B tier/quality + global impressions/position; clicks excluded from score
electrical,https://ovidhan.net/word/electrical.html,A,7,REVIEW,LEGACY — NEEDS STATIC UPGRADE,0,0,0,0,GLOBAL AGGREGATE — FRANCE CONTAMINATION POSSIBLE,NONE,Bangladesh-filtered GSC page/query export required,47.5,Phase 2B tier/quality + global impressions/position; clicks excluded from score
electricity,https://ovidhan.net/word/electricity.html,A,7,REVIEW,LEGACY — NEEDS STATIC UPGRADE,0,0,0,0,GLOBAL AGGREGATE — FRANCE CONTAMINATION POSSIBLE,NONE,Bangladesh-filtered GSC page/query export required,47.5,Phase 2B tier/quality + global impressions/position; clicks excluded from score
electronic,https://ovidhan.net/word/electronic.html,A,7,REVIEW,LEGACY — NEEDS STATIC UPGRADE,0,0,0,0,GLOBAL AGGREGATE — FRANCE CONTAMINATION POSSIBLE,NONE,Bangladesh-filtered GSC page/query export required,47.5,Phase 2B tier/quality + global impressions/position; clicks excluded from score
electronics,https://ovidhan.net/word/electronics.html,A,7,REVIEW,LEGACY — NEEDS STATIC UPGRADE,0,0,0,0,GLOBAL AGGREGATE — FRANCE CONTAMINATION POSSIBLE,NONE,Bangladesh-filtered GSC page/query export required,47.5,Phase 2B tier/quality + global impressions/position; clicks excluded from score
element,https://ovidhan.net/word/element.html,A,7,REVIEW,LEGACY — NEEDS STATIC UPGRADE,0,0,0,0,GLOBAL AGGREGATE — FRANCE CONTAMINATION POSSIBLE,NONE,Bangladesh-filtered GSC page/query export required,47.5,Phase 2B tier/quality + global impressions/position; clicks excluded from score
elementary,https://ovidhan.net/word/elementary.html,A,7,REVIEW,LEGACY — NEEDS STATIC UPGRADE,0,0,0,0,GLOBAL AGGREGATE — FRANCE CONTAMINATION POSSIBLE,NONE,Bangladesh-filtered GSC page/query export required,47.5,Phase 2B tier/quality + global impressions/position; clicks excluded from score
elements,https://ovidhan.net/word/elements.html,A,7,REVIEW,LEGACY — NEEDS STATIC UPGRADE,0,0,0,0,GLOBAL AGGREGATE — FRANCE CONTAMINATION POSSIBLE,NONE,Bangladesh-filtered GSC page/query export required,47.5,Phase 2B tier/quality + global impressions/position; clicks excluded from score
eligibility,https://ovidhan.net/word/eligibility.html,A,7,REVIEW,LEGACY — NEEDS STATIC UPGRADE,0,0,0,0,GLOBAL AGGREGATE — FRANCE CONTAMINATION POSSIBLE,NONE,Bangladesh-filtered GSC page/query export required,47.5,Phase 2B tier/quality + global impressions/position; clicks excluded from score
eligible,https://ovidhan.net/word/eligible.html,A,7,REVIEW,LEGACY — NEEDS STATIC UPGRADE,0,0,0,0,GLOBAL AGGREGATE — FRANCE CONTAMINATION POSSIBLE,NONE,Bangladesh-filtered GSC page/query export required,47.5,Phase 2B tier/quality + global impressions/position; clicks excluded from score
elizabeth,https://ovidhan.net/word/elizabeth.html,A,7,REVIEW,LEGACY — NEEDS STATIC UPGRADE,0,0,0,0,GLOBAL AGGREGATE — FRANCE CONTAMINATION POSSIBLE,NONE,Bangladesh-filtered GSC page/query export required,47.5,Phase 2B tier/quality + global impressions/position; clicks excluded from score
elsewhere,https://ovidhan.net/word/elsewhere.html,A,7,REVIEW,LEGACY — NEEDS STATIC UPGRADE,0,0,0,0,GLOBAL AGGREGATE — FRANCE CONTAMINATION POSSIBLE,NONE,Bangladesh-filtered GSC page/query export required,47.5,Phase 2B tier/quality + global impressions/position; clicks excluded from score
email,https://ovidhan.net/word/email.html,A,7,REVIEW,LEGACY — NEEDS STATIC UPGRADE,0,0,0,0,GLOBAL AGGREGATE — FRANCE CONTAMINATION POSSIBLE,NONE,Bangladesh-filtered GSC page/query export required,47.5,Phase 2B tier/quality + global impressions/position; clicks excluded from score
emails,https://ovidhan.net/word/emails.html,A,7,REVIEW,LEGACY — NEEDS STATIC UPGRADE,0,0,0,0,GLOBAL AGGREGATE — FRANCE CONTAMINATION POSSIBLE,NONE,Bangladesh-filtered GSC page/query export required,47.5,Phase 2B tier/quality + global impressions/position; clicks excluded from score
emergency,https://ovidhan.net/word/emergency.html,A,7,REVIEW,LEGACY — NEEDS STATIC UPGRADE,0,0,0,0,GLOBAL AGGREGATE — FRANCE CONTAMINATION POSSIBLE,NONE,Bangladesh-filtered GSC page/query export required,47.5,Phase 2B tier/quality + global impressions/position; clicks excluded from score
emerging,https://ovidhan.net/word/emerging.html,A,7,REVIEW,LEGACY — NEEDS STATIC UPGRADE,0,0,0,0,GLOBAL AGGREGATE — FRANCE CONTAMINATION POSSIBLE,NONE,Bangladesh-filtered GSC page/query export required,47.5,Phase 2B tier/quality + global impressions/position; clicks excluded from score
emissions,https://ovidhan.net/word/emissions.html,A,7,REVIEW,LEGACY — NEEDS STATIC UPGRADE,0,0,0,0,GLOBAL AGGREGATE — FRANCE CONTAMINATION POSSIBLE,NONE,Bangladesh-filtered GSC page/query export required,47.5,Phase 2B tier/quality + global impressions/position; clicks excluded from score
emphasis,https://ovidhan.net/word/emphasis.html,A,7,REVIEW,LEGACY — NEEDS STATIC UPGRADE,0,0,0,0,GLOBAL AGGREGATE — FRANCE CONTAMINATION POSSIBLE,NONE,Bangladesh-filtered GSC page/query export required,47.5,Phase 2B tier/quality + global impressions/position; clicks excluded from score
empire,https://ovidhan.net/word/empire.html,A,7,REVIEW,LEGACY — NEEDS STATIC UPGRADE,0,0,0,0,GLOBAL AGGREGATE — FRANCE CONTAMINATION POSSIBLE,NONE,Bangladesh-filtered GSC page/query export required,47.5,Phase 2B tier/quality + global impressions/position; clicks excluded from score
employed,https://ovidhan.net/word/employed.html,A,7,REVIEW,LEGACY — NEEDS STATIC UPGRADE,0,0,0,0,GLOBAL AGGREGATE — FRANCE CONTAMINATION POSSIBLE,NONE,Bangladesh-filtered GSC page/query export required,47.5,Phase 2B tier/quality + global impressions/position; clicks excluded from score
employee,https://ovidhan.net/word/employee.html,A,7,REVIEW,LEGACY — NEEDS STATIC UPGRADE,0,0,0,0,GLOBAL AGGREGATE — FRANCE CONTAMINATION POSSIBLE,NONE,Bangladesh-filtered GSC page/query export required,47.5,Phase 2B tier/quality + global impressions/position; clicks excluded from score
employees,https://ovidhan.net/word/employees.html,A,7,REVIEW,LEGACY — NEEDS STATIC UPGRADE,0,0,0,0,GLOBAL AGGREGATE — FRANCE CONTAMINATION POSSIBLE,NONE,Bangladesh-filtered GSC page/query export required,47.5,Phase 2B tier/quality + global impressions/position; clicks excluded from score
employer,https://ovidhan.net/word/employer.html,A,7,REVIEW,LEGACY — NEEDS STATIC UPGRADE,0,0,0,0,GLOBAL AGGREGATE — FRANCE CONTAMINATION POSSIBLE,NONE,Bangladesh-filtered GSC page/query export required,47.5,Phase 2B tier/quality + global impressions/position; clicks excluded from score
employers,https://ovidhan.net/word/employers.html,A,7,REVIEW,LEGACY — NEEDS STATIC UPGRADE,0,0,0,0,GLOBAL AGGREGATE — FRANCE CONTAMINATION POSSIBLE,NONE,Bangladesh-filtered GSC page/query export required,47.5,Phase 2B tier/quality + global impressions/position; clicks excluded from score
employment,https://ovidhan.net/word/employment.html,A,7,REVIEW,LEGACY — NEEDS STATIC UPGRADE,0,0,0,0,GLOBAL AGGREGATE — FRANCE CONTAMINATION POSSIBLE,NONE,Bangladesh-filtered GSC page/query export required,47.5,Phase 2B tier/quality + global impressions/position; clicks excluded from score
empty,https://ovidhan.net/word/empty.html,A,7,REVIEW,LEGACY — NEEDS STATIC UPGRADE,0,0,0,0,GLOBAL AGGREGATE — FRANCE CONTAMINATION POSSIBLE,NONE,Bangladesh-filtered GSC page/query export required,47.5,Phase 2B tier/quality + global impressions/position; clicks excluded from score
enable,https://ovidhan.net/word/enable.html,A,7,REVIEW,LEGACY — NEEDS STATIC UPGRADE,0,0,0,0,GLOBAL AGGREGATE — FRANCE CONTAMINATION POSSIBLE,NONE,Bangladesh-filtered GSC page/query export required,47.5,Phase 2B tier/quality + global impressions/position; clicks excluded from score
enabled,https://ovidhan.net/word/enabled.html,A,7,REVIEW,LEGACY — NEEDS STATIC UPGRADE,0,0,0,0,GLOBAL AGGREGATE — FRANCE CONTAMINATION POSSIBLE,NONE,Bangladesh-filtered GSC page/query export required,47.5,Phase 2B tier/quality + global impressions/position; clicks excluded from score
enables,https://ovidhan.net/word/enables.html,A,7,REVIEW,LEGACY — NEEDS STATIC UPGRADE,0,0,0,0,GLOBAL AGGREGATE — FRANCE CONTAMINATION POSSIBLE,NONE,Bangladesh-filtered GSC page/query export required,47.5,Phase 2B tier/quality + global impressions/position; clicks excluded from score
encourage,https://ovidhan.net/word/encourage.html,A,7,REVIEW,LEGACY — NEEDS STATIC UPGRADE,0,0,0,0,GLOBAL AGGREGATE — FRANCE CONTAMINATION POSSIBLE,NONE,Bangladesh-filtered GSC page/query export required,47.5,Phase 2B tier/quality + global impressions/position; clicks excluded from score
encyclopedia,https://ovidhan.net/word/encyclopedia.html,A,7,REVIEW,LEGACY — NEEDS STATIC UPGRADE,0,0,0,0,GLOBAL AGGREGATE — FRANCE CONTAMINATION POSSIBLE,NONE,Bangladesh-filtered GSC page/query export required,47.5,Phase 2B tier/quality + global impressions/position; clicks excluded from score
end,https://ovidhan.net/word/end.html,A,7,REVIEW,LEGACY — NEEDS STATIC UPGRADE,0,0,0,0,GLOBAL AGGREGATE — FRANCE CONTAMINATION POSSIBLE,NONE,Bangladesh-filtered GSC page/query export required,47.5,Phase 2B tier/quality + global impressions/position; clicks excluded from score
ended,https://ovidhan.net/word/ended.html,A,7,REVIEW,LEGACY — NEEDS STATIC UPGRADE,0,0,0,0,GLOBAL AGGREGATE — FRANCE CONTAMINATION POSSIBLE,NONE,Bangladesh-filtered GSC page/query export required,47.5,Phase 2B tier/quality + global impressions/position; clicks excluded from score
ending,https://ovidhan.net/word/ending.html,A,7,REVIEW,LEGACY — NEEDS STATIC UPGRADE,0,0,0,0,GLOBAL AGGREGATE — FRANCE CONTAMINATION POSSIBLE,NONE,Bangladesh-filtered GSC page/query export required,47.5,Phase 2B tier/quality + global impressions/position; clicks excluded from score
ends,https://ovidhan.net/word/ends.html,A,7,REVIEW,LEGACY — NEEDS STATIC UPGRADE,0,0,0,0,GLOBAL AGGREGATE — FRANCE CONTAMINATION POSSIBLE,NONE,Bangladesh-filtered GSC page/query export required,47.5,Phase 2B tier/quality + global impressions/position; clicks excluded from score
enemy,https://ovidhan.net/word/enemy.html,A,7,REVIEW,LEGACY — NEEDS STATIC UPGRADE,0,0,0,0,GLOBAL AGGREGATE — FRANCE CONTAMINATION POSSIBLE,NONE,Bangladesh-filtered GSC page/query export required,47.5,Phase 2B tier/quality + global impressions/position; clicks excluded from score
energy,https://ovidhan.net/word/energy.html,A,7,REVIEW,LEGACY — NEEDS STATIC UPGRADE,0,0,0,0,GLOBAL AGGREGATE — FRANCE CONTAMINATION POSSIBLE,NONE,Bangladesh-filtered GSC page/query export required,47.5,Phase 2B tier/quality + global impressions/position; clicks excluded from score
enforcement,https://ovidhan.net/word/enforcement.html,A,7,REVIEW,LEGACY — NEEDS STATIC UPGRADE,0,0,0,0,GLOBAL AGGREGATE — FRANCE CONTAMINATION POSSIBLE,NONE,Bangladesh-filtered GSC page/query export required,47.5,Phase 2B tier/quality + global impressions/position; clicks excluded from score
engine,https://ovidhan.net/word/engine.html,A,7,REVIEW,LEGACY — NEEDS STATIC UPGRADE,0,0,0,0,GLOBAL AGGREGATE — FRANCE CONTAMINATION POSSIBLE,NONE,Bangladesh-filtered GSC page/query export required,47.5,Phase 2B tier/quality + global impressions/position; clicks excluded from score
engineer,https://ovidhan.net/word/engineer.html,A,7,REVIEW,LEGACY — NEEDS STATIC UPGRADE,0,0,0,0,GLOBAL AGGREGATE — FRANCE CONTAMINATION POSSIBLE,NONE,Bangladesh-filtered GSC page/query export required,47.5,Phase 2B tier/quality + global impressions/position; clicks excluded from score
engineering,https://ovidhan.net/word/engineering.html,A,7,REVIEW,LEGACY — NEEDS STATIC UPGRADE,0,0,0,0,GLOBAL AGGREGATE — FRANCE CONTAMINATION POSSIBLE,NONE,Bangladesh-filtered GSC page/query export required,47.5,Phase 2B tier/quality + global impressions/position; clicks excluded from score
engineers,https://ovidhan.net/word/engineers.html,A,7,REVIEW,LEGACY — NEEDS STATIC UPGRADE,0,0,0,0,GLOBAL AGGREGATE — FRANCE CONTAMINATION POSSIBLE,NONE,Bangladesh-filtered GSC page/query export required,47.5,Phase 2B tier/quality + global impressions/position; clicks excluded from score
engines,https://ovidhan.net/word/engines.html,A,7,REVIEW,LEGACY — NEEDS STATIC UPGRADE,0,0,0,0,GLOBAL AGGREGATE — FRANCE CONTAMINATION POSSIBLE,NONE,Bangladesh-filtered GSC page/query export required,47.5,Phase 2B tier/quality + global impressions/position; clicks excluded from score
england,https://ovidhan.net/word/england.html,A,7,REVIEW,LEGACY — NEEDS STATIC UPGRADE,0,0,0,0,GLOBAL AGGREGATE — FRANCE CONTAMINATION POSSIBLE,NONE,Bangladesh-filtered GSC page/query export required,47.5,Phase 2B tier/quality + global impressions/position; clicks excluded from score
english,https://ovidhan.net/word/english.html,A,7,REVIEW,LEGACY — NEEDS STATIC UPGRADE,0,0,0,0,GLOBAL AGGREGATE — FRANCE CONTAMINATION POSSIBLE,NONE,Bangladesh-filtered GSC page/query export required,47.5,Phase 2B tier/quality + global impressions/position; clicks excluded from score
enhance,https://ovidhan.net/word/enhance.html,A,7,REVIEW,LEGACY — NEEDS STATIC UPGRADE,0,0,0,0,GLOBAL AGGREGATE — FRANCE CONTAMINATION POSSIBLE,NONE,Bangladesh-filtered GSC page/query export required,47.5,Phase 2B tier/quality + global impressions/position; clicks excluded from score
enhanced,https://ovidhan.net/word/enhanced.html,A,7,REVIEW,LEGACY — NEEDS STATIC UPGRADE,0,0,0,0,GLOBAL AGGREGATE — FRANCE CONTAMINATION POSSIBLE,NONE,Bangladesh-filtered GSC page/query export required,47.5,Phase 2B tier/quality + global impressions/position; clicks excluded from score
enjoy,https://ovidhan.net/word/enjoy.html,A,7,REVIEW,LEGACY — NEEDS STATIC UPGRADE,0,0,0,0,GLOBAL AGGREGATE — FRANCE CONTAMINATION POSSIBLE,NONE,Bangladesh-filtered GSC page/query export required,47.5,Phase 2B tier/quality + global impressions/position; clicks excluded from score
enlarge,https://ovidhan.net/word/enlarge.html,A,7,REVIEW,LEGACY — NEEDS STATIC UPGRADE,0,0,0,0,GLOBAL AGGREGATE — FRANCE CONTAMINATION POSSIBLE,NONE,Bangladesh-filtered GSC page/query export required,47.5,Phase 2B tier/quality + global impressions/position; clicks excluded from score
enough,https://ovidhan.net/word/enough.html,A,7,REVIEW,LEGACY — NEEDS STATIC UPGRADE,0,0,0,0,GLOBAL AGGREGATE — FRANCE CONTAMINATION POSSIBLE,NONE,Bangladesh-filtered GSC page/query export required,47.5,Phase 2B tier/quality + global impressions/position; clicks excluded from score
ensure,https://ovidhan.net/word/ensure.html,A,7,REVIEW,LEGACY — NEEDS STATIC UPGRADE,0,0,0,0,GLOBAL AGGREGATE — FRANCE CONTAMINATION POSSIBLE,NONE,Bangladesh-filtered GSC page/query export required,47.5,Phase 2B tier/quality + global impressions/position; clicks excluded from score
enter,https://ovidhan.net/word/enter.html,A,7,REVIEW,LEGACY — NEEDS STATIC UPGRADE,0,0,0,0,GLOBAL AGGREGATE — FRANCE CONTAMINATION POSSIBLE,NONE,Bangladesh-filtered GSC page/query export required,47.5,Phase 2B tier/quality + global impressions/position; clicks excluded from score
entered,https://ovidhan.net/word/entered.html,A,7,REVIEW,LEGACY — NEEDS STATIC UPGRADE,0,0,0,0,GLOBAL AGGREGATE — FRANCE CONTAMINATION POSSIBLE,NONE,Bangladesh-filtered GSC page/query export required,47.5,Phase 2B tier/quality + global impressions/position; clicks excluded from score
entering,https://ovidhan.net/word/entering.html,A,7,REVIEW,LEGACY — NEEDS STATIC UPGRADE,0,0,0,0,GLOBAL AGGREGATE — FRANCE CONTAMINATION POSSIBLE,NONE,Bangladesh-filtered GSC page/query export required,47.5,Phase 2B tier/quality + global impressions/position; clicks excluded from score
enterprise,https://ovidhan.net/word/enterprise.html,A,7,REVIEW,LEGACY — NEEDS STATIC UPGRADE,0,0,0,0,GLOBAL AGGREGATE — FRANCE CONTAMINATION POSSIBLE,NONE,Bangladesh-filtered GSC page/query export required,47.5,Phase 2B tier/quality + global impressions/position; clicks excluded from score
enterprises,https://ovidhan.net/word/enterprises.html,A,7,REVIEW,LEGACY — NEEDS STATIC UPGRADE,0,0,0,0,GLOBAL AGGREGATE — FRANCE CONTAMINATION POSSIBLE,NONE,Bangladesh-filtered GSC page/query export required,47.5,Phase 2B tier/quality + global impressions/position; clicks excluded from score
entertainment,https://ovidhan.net/word/entertainment.html,A,7,REVIEW,LEGACY — NEEDS STATIC UPGRADE,0,0,0,0,GLOBAL AGGREGATE — FRANCE CONTAMINATION POSSIBLE,NONE,Bangladesh-filtered GSC page/query export required,47.5,Phase 2B tier/quality + global impressions/position; clicks excluded from score
entire,https://ovidhan.net/word/entire.html,A,7,REVIEW,LEGACY — NEEDS STATIC UPGRADE,0,0,0,0,GLOBAL AGGREGATE — FRANCE CONTAMINATION POSSIBLE,NONE,Bangladesh-filtered GSC page/query export required,47.5,Phase 2B tier/quality + global impressions/position; clicks excluded from score
entirely,https://ovidhan.net/word/entirely.html,A,7,REVIEW,LEGACY — NEEDS STATIC UPGRADE,0,0,0,0,GLOBAL AGGREGATE — FRANCE CONTAMINATION POSSIBLE,NONE,Bangladesh-filtered GSC page/query export required,47.5,Phase 2B tier/quality + global impressions/position; clicks excluded from score
entitled,https://ovidhan.net/word/entitled.html,A,7,REVIEW,LEGACY — NEEDS STATIC UPGRADE,0,0,0,0,GLOBAL AGGREGATE — FRANCE CONTAMINATION POSSIBLE,NONE,Bangladesh-filtered GSC page/query export required,47.5,Phase 2B tier/quality + global impressions/position; clicks excluded from score
entity,https://ovidhan.net/word/entity.html,A,7,REVIEW,LEGACY — NEEDS STATIC UPGRADE,0,0,0,0,GLOBAL AGGREGATE — FRANCE CONTAMINATION POSSIBLE,NONE,Bangladesh-filtered GSC page/query export required,47.5,Phase 2B tier/quality + global impressions/position; clicks excluded from score
entries,https://ovidhan.net/word/entries.html,A,7,REVIEW,LEGACY — NEEDS STATIC UPGRADE,0,0,0,0,GLOBAL AGGREGATE — FRANCE CONTAMINATION POSSIBLE,NONE,Bangladesh-filtered GSC page/query export required,47.5,Phase 2B tier/quality + global impressions/position; clicks excluded from score
entry,https://ovidhan.net/word/entry.html,A,7,REVIEW,LEGACY — NEEDS STATIC UPGRADE,0,0,0,0,GLOBAL AGGREGATE — FRANCE CONTAMINATION POSSIBLE,NONE,Bangladesh-filtered GSC page/query export required,47.5,Phase 2B tier/quality + global impressions/position; clicks excluded from score
environment,https://ovidhan.net/word/environment.html,A,7,REVIEW,LEGACY — NEEDS STATIC UPGRADE,0,0,0,0,GLOBAL AGGREGATE — FRANCE CONTAMINATION POSSIBLE,NONE,Bangladesh-filtered GSC page/query export required,47.5,Phase 2B tier/quality + global impressions/position; clicks excluded from score
environmental,https://ovidhan.net/word/environmental.html,A,7,REVIEW,LEGACY — NEEDS STATIC UPGRADE,0,0,0,0,GLOBAL AGGREGATE — FRANCE CONTAMINATION POSSIBLE,NONE,Bangladesh-filtered GSC page/query export required,47.5,Phase 2B tier/quality + global impressions/position; clicks excluded from score
environments,https://ovidhan.net/word/environments.html,A,7,REVIEW,LEGACY — NEEDS STATIC UPGRADE,0,0,0,0,GLOBAL AGGREGATE — FRANCE CONTAMINATION POSSIBLE,NONE,Bangladesh-filtered GSC page/query export required,47.5,Phase 2B tier/quality + global impressions/position; clicks excluded from score
episode,https://ovidhan.net/word/episode.html,A,7,REVIEW,LEGACY — NEEDS STATIC UPGRADE,0,0,0,0,GLOBAL AGGREGATE — FRANCE CONTAMINATION POSSIBLE,NONE,Bangladesh-filtered GSC page/query export required,47.5,Phase 2B tier/quality + global impressions/position; clicks excluded from score
equal,https://ovidhan.net/word/equal.html,A,7,REVIEW,LEGACY — NEEDS STATIC UPGRADE,0,0,0,0,GLOBAL AGGREGATE — FRANCE CONTAMINATION POSSIBLE,NONE,Bangladesh-filtered GSC page/query export required,47.5,Phase 2B tier/quality + global impressions/position; clicks excluded from score
equipment,https://ovidhan.net/word/equipment.html,A,7,REVIEW,LEGACY — NEEDS STATIC UPGRADE,0,0,0,0,GLOBAL AGGREGATE — FRANCE CONTAMINATION POSSIBLE,NONE,Bangladesh-filtered GSC page/query export required,47.5,Phase 2B tier/quality + global impressions/position; clicks excluded from score
equity,https://ovidhan.net/word/equity.html,A,7,REVIEW,LEGACY — NEEDS STATIC UPGRADE,0,0,0,0,GLOBAL AGGREGATE — FRANCE CONTAMINATION POSSIBLE,NONE,Bangladesh-filtered GSC page/query export required,47.5,Phase 2B tier/quality + global impressions/position; clicks excluded from score
equivalent,https://ovidhan.net/word/equivalent.html,A,7,REVIEW,LEGACY — NEEDS STATIC UPGRADE,0,0,0,0,GLOBAL AGGREGATE — FRANCE CONTAMINATION POSSIBLE,NONE,Bangladesh-filtered GSC page/query export required,47.5,Phase 2B tier/quality + global impressions/position; clicks excluded from score
era,https://ovidhan.net/word/era.html,A,7,REVIEW,LEGACY — NEEDS STATIC UPGRADE,0,0,0,0,GLOBAL AGGREGATE — FRANCE CONTAMINATION POSSIBLE,NONE,Bangladesh-filtered GSC page/query export required,47.5,Phase 2B tier/quality + global impressions/position; clicks excluded from score
erotic,https://ovidhan.net/word/erotic.html,A,7,REVIEW,LEGACY — NEEDS STATIC UPGRADE,0,0,0,0,GLOBAL AGGREGATE — FRANCE CONTAMINATION POSSIBLE,NONE,Bangladesh-filtered GSC page/query export required,47.5,Phase 2B tier/quality + global impressions/position; clicks excluded from score
error,https://ovidhan.net/word/error.html,A,7,REVIEW,LEGACY — NEEDS STATIC UPGRADE,0,0,0,0,GLOBAL AGGREGATE — FRANCE CONTAMINATION POSSIBLE,NONE,Bangladesh-filtered GSC page/query export required,47.5,Phase 2B tier/quality + global impressions/position; clicks excluded from score
errors,https://ovidhan.net/word/errors.html,A,7,REVIEW,LEGACY — NEEDS STATIC UPGRADE,0,0,0,0,GLOBAL AGGREGATE — FRANCE CONTAMINATION POSSIBLE,NONE,Bangladesh-filtered GSC page/query export required,47.5,Phase 2B tier/quality + global impressions/position; clicks excluded from score
escape,https://ovidhan.net/word/escape.html,A,7,REVIEW,LEGACY — NEEDS STATIC UPGRADE,0,0,0,0,GLOBAL AGGREGATE — FRANCE CONTAMINATION POSSIBLE,NONE,Bangladesh-filtered GSC page/query export required,47.5,Phase 2B tier/quality + global impressions/position; clicks excluded from score
especially,https://ovidhan.net/word/especially.html,A,7,REVIEW,LEGACY — NEEDS STATIC UPGRADE,0,0,0,0,GLOBAL AGGREGATE — FRANCE CONTAMINATION POSSIBLE,NONE,Bangladesh-filtered GSC page/query export required,47.5,Phase 2B tier/quality + global impressions/position; clicks excluded from score
essays,https://ovidhan.net/word/essays.html,A,7,REVIEW,LEGACY — NEEDS STATIC UPGRADE,0,0,0,0,GLOBAL AGGREGATE — FRANCE CONTAMINATION POSSIBLE,NONE,Bangladesh-filtered GSC page/query export required,47.5,Phase 2B tier/quality + global impressions/position; clicks excluded from score
essential,https://ovidhan.net/word/essential.html,A,7,REVIEW,LEGACY — NEEDS STATIC UPGRADE,0,0,0,0,GLOBAL AGGREGATE — FRANCE CONTAMINATION POSSIBLE,NONE,Bangladesh-filtered GSC page/query export required,47.5,Phase 2B tier/quality + global impressions/position; clicks excluded from score
est,https://ovidhan.net/word/est.html,A,7,REVIEW,LEGACY — NEEDS STATIC UPGRADE,0,0,0,0,GLOBAL AGGREGATE — FRANCE CONTAMINATION POSSIBLE,NONE,Bangladesh-filtered GSC page/query export required,47.5,Phase 2B tier/quality + global impressions/position; clicks excluded from score
established,https://ovidhan.net/word/established.html,A,7,REVIEW,LEGACY — NEEDS STATIC UPGRADE,0,0,0,0,GLOBAL AGGREGATE — FRANCE CONTAMINATION POSSIBLE,NONE,Bangladesh-filtered GSC page/query export required,47.5,Phase 2B tier/quality + global impressions/position; clicks excluded from score
establishment,https://ovidhan.net/word/establishment.html,A,7,REVIEW,LEGACY — NEEDS STATIC UPGRADE,0,0,0,0,GLOBAL AGGREGATE — FRANCE CONTAMINATION POSSIBLE,NONE,Bangladesh-filtered GSC page/query export required,47.5,Phase 2B tier/quality + global impressions/position; clicks excluded from score
estate,https://ovidhan.net/word/estate.html,A,7,REVIEW,LEGACY — NEEDS STATIC UPGRADE,0,0,0,0,GLOBAL AGGREGATE — FRANCE CONTAMINATION POSSIBLE,NONE,Bangladesh-filtered GSC page/query export required,47.5,Phase 2B tier/quality + global impressions/position; clicks excluded from score
estimate,https://ovidhan.net/word/estimate.html,A,7,REVIEW,LEGACY — NEEDS STATIC UPGRADE,0,0,0,0,GLOBAL AGGREGATE — FRANCE CONTAMINATION POSSIBLE,NONE,Bangladesh-filtered GSC page/query export required,47.5,Phase 2B tier/quality + global impressions/position; clicks excluded from score
estimated,https://ovidhan.net/word/estimated.html,A,7,REVIEW,LEGACY — NEEDS STATIC UPGRADE,0,0,0,0,GLOBAL AGGREGATE — FRANCE CONTAMINATION POSSIBLE,NONE,Bangladesh-filtered GSC page/query export required,47.5,Phase 2B tier/quality + global impressions/position; clicks excluded from score
estimates,https://ovidhan.net/word/estimates.html,A,7,REVIEW,LEGACY — NEEDS STATIC UPGRADE,0,0,0,0,GLOBAL AGGREGATE — FRANCE CONTAMINATION POSSIBLE,NONE,Bangladesh-filtered GSC page/query export required,47.5,Phase 2B tier/quality + global impressions/position; clicks excluded from score
ethernet,https://ovidhan.net/word/ethernet.html,A,7,REVIEW,LEGACY — NEEDS STATIC UPGRADE,0,0,0,0,GLOBAL AGGREGATE — FRANCE CONTAMINATION POSSIBLE,NONE,Bangladesh-filtered GSC page/query export required,47.5,Phase 2B tier/quality + global impressions/position; clicks excluded from score
ethics,https://ovidhan.net/word/ethics.html,A,7,REVIEW,LEGACY — NEEDS STATIC UPGRADE,0,0,0,0,GLOBAL AGGREGATE — FRANCE CONTAMINATION POSSIBLE,NONE,Bangladesh-filtered GSC page/query export required,47.5,Phase 2B tier/quality + global impressions/position; clicks excluded from score
ethnic,https://ovidhan.net/word/ethnic.html,A,7,REVIEW,LEGACY — NEEDS STATIC UPGRADE,0,0,0,0,GLOBAL AGGREGATE — FRANCE CONTAMINATION POSSIBLE,NONE,Bangladesh-filtered GSC page/query export required,47.5,Phase 2B tier/quality + global impressions/position; clicks excluded from score
euro,https://ovidhan.net/word/euro.html,A,7,REVIEW,LEGACY — NEEDS STATIC UPGRADE,0,0,0,0,GLOBAL AGGREGATE — FRANCE CONTAMINATION POSSIBLE,NONE,Bangladesh-filtered GSC page/query export required,47.5,Phase 2B tier/quality + global impressions/position; clicks excluded from score
europe,https://ovidhan.net/word/europe.html,A,7,REVIEW,LEGACY — NEEDS STATIC UPGRADE,0,0,0,0,GLOBAL AGGREGATE — FRANCE CONTAMINATION POSSIBLE,NONE,Bangladesh-filtered GSC page/query export required,47.5,Phase 2B tier/quality + global impressions/position; clicks excluded from score
european,https://ovidhan.net/word/european.html,A,7,REVIEW,LEGACY — NEEDS STATIC UPGRADE,0,0,0,0,GLOBAL AGGREGATE — FRANCE CONTAMINATION POSSIBLE,NONE,Bangladesh-filtered GSC page/query export required,47.5,Phase 2B tier/quality + global impressions/position; clicks excluded from score
evaluate,https://ovidhan.net/word/evaluate.html,A,7,REVIEW,LEGACY — NEEDS STATIC UPGRADE,0,0,0,0,GLOBAL AGGREGATE — FRANCE CONTAMINATION POSSIBLE,NONE,Bangladesh-filtered GSC page/query export required,47.5,Phase 2B tier/quality + global impressions/position; clicks excluded from score
evaluation,https://ovidhan.net/word/evaluation.html,A,7,REVIEW,LEGACY — NEEDS STATIC UPGRADE,0,0,0,0,GLOBAL AGGREGATE — FRANCE CONTAMINATION POSSIBLE,NONE,Bangladesh-filtered GSC page/query export required,47.5,Phase 2B tier/quality + global impressions/position; clicks excluded from score
even,https://ovidhan.net/word/even.html,A,7,REVIEW,LEGACY — NEEDS STATIC UPGRADE,0,0,0,0,GLOBAL AGGREGATE — FRANCE CONTAMINATION POSSIBLE,NONE,Bangladesh-filtered GSC page/query export required,47.5,Phase 2B tier/quality + global impressions/position; clicks excluded from score
evening,https://ovidhan.net/word/evening.html,A,7,REVIEW,LEGACY — NEEDS STATIC UPGRADE,0,0,0,0,GLOBAL AGGREGATE — FRANCE CONTAMINATION POSSIBLE,NONE,Bangladesh-filtered GSC page/query export required,47.5,Phase 2B tier/quality + global impressions/position; clicks excluded from score
event,https://ovidhan.net/word/event.html,A,7,REVIEW,LEGACY — NEEDS STATIC UPGRADE,0,0,0,0,GLOBAL AGGREGATE — FRANCE CONTAMINATION POSSIBLE,NONE,Bangladesh-filtered GSC page/query export required,47.5,Phase 2B tier/quality + global impressions/position; clicks excluded from score
events,https://ovidhan.net/word/events.html,A,7,REVIEW,LEGACY — NEEDS STATIC UPGRADE,0,0,0,0,GLOBAL AGGREGATE — FRANCE CONTAMINATION POSSIBLE,NONE,Bangladesh-filtered GSC page/query export required,47.5,Phase 2B tier/quality + global impressions/position; clicks excluded from score
eventually,https://ovidhan.net/word/eventually.html,A,7,REVIEW,LEGACY — NEEDS STATIC UPGRADE,0,0,0,0,GLOBAL AGGREGATE — FRANCE CONTAMINATION POSSIBLE,NONE,Bangladesh-filtered GSC page/query export required,47.5,Phase 2B tier/quality + global impressions/position; clicks excluded from score
ever,https://ovidhan.net/word/ever.html,A,7,REVIEW,LEGACY — NEEDS STATIC UPGRADE,0,0,0,0,GLOBAL AGGREGATE — FRANCE CONTAMINATION POSSIBLE,NONE,Bangladesh-filtered GSC page/query export required,47.5,Phase 2B tier/quality + global impressions/position; clicks excluded from score
every,https://ovidhan.net/word/every.html,A,7,REVIEW,LEGACY — NEEDS STATIC UPGRADE,0,0,0,0,GLOBAL AGGREGATE — FRANCE CONTAMINATION POSSIBLE,NONE,Bangladesh-filtered GSC page/query export required,47.5,Phase 2B tier/quality + global impressions/position; clicks excluded from score
everyday,https://ovidhan.net/word/everyday.html,A,7,REVIEW,LEGACY — NEEDS STATIC UPGRADE,0,0,0,0,GLOBAL AGGREGATE — FRANCE CONTAMINATION POSSIBLE,NONE,Bangladesh-filtered GSC page/query export required,47.5,Phase 2B tier/quality + global impressions/position; clicks excluded from score
evidence,https://ovidhan.net/word/evidence.html,A,7,REVIEW,LEGACY — NEEDS STATIC UPGRADE,0,0,0,0,GLOBAL AGGREGATE — FRANCE CONTAMINATION POSSIBLE,NONE,Bangladesh-filtered GSC page/query export required,47.5,Phase 2B tier/quality + global impressions/position; clicks excluded from score
evil,https://ovidhan.net/word/evil.html,A,7,REVIEW,LEGACY — NEEDS STATIC UPGRADE,0,0,0,0,GLOBAL AGGREGATE — FRANCE CONTAMINATION POSSIBLE,NONE,Bangladesh-filtered GSC page/query export required,47.5,Phase 2B tier/quality + global impressions/position; clicks excluded from score
evolution,https://ovidhan.net/word/evolution.html,A,7,REVIEW,LEGACY — NEEDS STATIC UPGRADE,0,0,0,0,GLOBAL AGGREGATE — FRANCE CONTAMINATION POSSIBLE,NONE,Bangladesh-filtered GSC page/query export required,47.5,Phase 2B tier/quality + global impressions/position; clicks excluded from score
ex,https://ovidhan.net/word/ex.html,A,7,REVIEW,LEGACY — NEEDS STATIC UPGRADE,0,0,0,0,GLOBAL AGGREGATE — FRANCE CONTAMINATION POSSIBLE,NONE,Bangladesh-filtered GSC page/query export required,47.5,Phase 2B tier/quality + global impressions/position; clicks excluded from score
exact,https://ovidhan.net/word/exact.html,A,7,REVIEW,LEGACY — NEEDS STATIC UPGRADE,0,0,0,0,GLOBAL AGGREGATE — FRANCE CONTAMINATION POSSIBLE,NONE,Bangladesh-filtered GSC page/query export required,47.5,Phase 2B tier/quality + global impressions/position; clicks excluded from score
exactly,https://ovidhan.net/word/exactly.html,A,7,REVIEW,LEGACY — NEEDS STATIC UPGRADE,0,0,0,0,GLOBAL AGGREGATE — FRANCE CONTAMINATION POSSIBLE,NONE,Bangladesh-filtered GSC page/query export required,47.5,Phase 2B tier/quality + global impressions/position; clicks excluded from score
exam,https://ovidhan.net/word/exam.html,A,7,REVIEW,LEGACY — NEEDS STATIC UPGRADE,0,0,0,0,GLOBAL AGGREGATE — FRANCE CONTAMINATION POSSIBLE,NONE,Bangladesh-filtered GSC page/query export required,47.5,Phase 2B tier/quality + global impressions/position; clicks excluded from score
examination,https://ovidhan.net/word/examination.html,A,7,REVIEW,LEGACY — NEEDS STATIC UPGRADE,0,0,0,0,GLOBAL AGGREGATE — FRANCE CONTAMINATION POSSIBLE,NONE,Bangladesh-filtered GSC page/query export required,47.5,Phase 2B tier/quality + global impressions/position; clicks excluded from score
example,https://ovidhan.net/word/example.html,A,7,REVIEW,LEGACY — NEEDS STATIC UPGRADE,0,0,0,0,GLOBAL AGGREGATE — FRANCE CONTAMINATION POSSIBLE,NONE,Bangladesh-filtered GSC page/query export required,47.5,Phase 2B tier/quality + global impressions/position; clicks excluded from score
excel,https://ovidhan.net/word/excel.html,A,7,REVIEW,LEGACY — NEEDS STATIC UPGRADE,0,0,0,0,GLOBAL AGGREGATE — FRANCE CONTAMINATION POSSIBLE,NONE,Bangladesh-filtered GSC page/query export required,47.5,Phase 2B tier/quality + global impressions/position; clicks excluded from score
excellence,https://ovidhan.net/word/excellence.html,A,7,REVIEW,LEGACY — NEEDS STATIC UPGRADE,0,0,0,0,GLOBAL AGGREGATE — FRANCE CONTAMINATION POSSIBLE,NONE,Bangladesh-filtered GSC page/query export required,47.5,Phase 2B tier/quality + global impressions/position; clicks excluded from score
excellent,https://ovidhan.net/word/excellent.html,A,7,REVIEW,LEGACY — NEEDS STATIC UPGRADE,0,0,0,0,GLOBAL AGGREGATE — FRANCE CONTAMINATION POSSIBLE,NONE,Bangladesh-filtered GSC page/query export required,47.5,Phase 2B tier/quality + global impressions/position; clicks excluded from score
except,https://ovidhan.net/word/except.html,A,7,REVIEW,LEGACY — NEEDS STATIC UPGRADE,0,0,0,0,GLOBAL AGGREGATE — FRANCE CONTAMINATION POSSIBLE,NONE,Bangladesh-filtered GSC page/query export required,47.5,Phase 2B tier/quality + global impressions/position; clicks excluded from score
