word,url,protection_status,protection_reason,global_clicks,global_impressions,metric_scope,country_confidence,country_data_requirement
a,https://ovidhan.net/word/a.html,AUTO_PROTECTED,Batch 1,0,0,GLOBAL AGGREGATE — FRANCE CONTAMINATION POSSIBLE,NONE,Bangladesh-filtered GSC page/query export required
aa,https://ovidhan.net/word/aa.html,AUTO_PROTECTED,Batch 1,0,0,GLOBAL AGGREGATE — FRANCE CONTAMINATION POSSIBLE,NONE,Bangladesh-filtered GSC page/query export required
ab,https://ovidhan.net/word/ab.html,AUTO_PROTECTED,Batch 1,0,0,GLOBAL AGGREGATE — FRANCE CONTAMINATION POSSIBLE,NONE,Bangladesh-filtered GSC page/query export required
abacus,https://ovidhan.net/word/abacus.html,AUTO_PROTECTED,Batch 1,0,0,GLOBAL AGGREGATE — FRANCE CONTAMINATION POSSIBLE,NONE,Bangladesh-filtered GSC page/query export required
abalone,https://ovidhan.net/word/abalone.html,AUTO_PROTECTED,Batch 1,0,0,GLOBAL AGGREGATE — FRANCE CONTAMINATION POSSIBLE,NONE,Bangladesh-filtered GSC page/query export required
abandon,https://ovidhan.net/word/abandon.html,AUTO_PROTECTED,Batch 1,0,0,GLOBAL AGGREGATE — FRANCE CONTAMINATION POSSIBLE,NONE,Bangladesh-filtered GSC page/query export required
abandonment,https://ovidhan.net/word/abandonment.html,AUTO_PROTECTED,Batch 1,0,0,GLOBAL AGGREGATE — FRANCE CONTAMINATION POSSIBLE,NONE,Bangladesh-filtered GSC page/query export required
abate,https://ovidhan.net/word/abate.html,AUTO_PROTECTED,Batch 1,0,0,GLOBAL AGGREGATE — FRANCE CONTAMINATION POSSIBLE,NONE,Bangladesh-filtered GSC page/query export required
abbey,https://ovidhan.net/word/abbey.html,AUTO_PROTECTED,Batch 1,0,0,GLOBAL AGGREGATE — FRANCE CONTAMINATION POSSIBLE,NONE,Bangladesh-filtered GSC page/query export required
abbreviate,https://ovidhan.net/word/abbreviate.html,AUTO_PROTECTED,Batch 1,0,0,GLOBAL AGGREGATE — FRANCE CONTAMINATION POSSIBLE,NONE,Bangladesh-filtered GSC page/query export required
abc,https://ovidhan.net/word/abc.html,AUTO_PROTECTED,Batch 1,0,0,GLOBAL AGGREGATE — FRANCE CONTAMINATION POSSIBLE,NONE,Bangladesh-filtered GSC page/query export required
abdicate,https://ovidhan.net/word/abdicate.html,AUTO_PROTECTED,Batch 1,0,0,GLOBAL AGGREGATE — FRANCE CONTAMINATION POSSIBLE,NONE,Bangladesh-filtered GSC page/query export required
abdomen,https://ovidhan.net/word/abdomen.html,AUTO_PROTECTED,Batch 1,0,0,GLOBAL AGGREGATE — FRANCE CONTAMINATION POSSIBLE,NONE,Bangladesh-filtered GSC page/query export required
abduction,https://ovidhan.net/word/abduction.html,AUTO_PROTECTED,Batch 1,0,3,GLOBAL AGGREGATE — FRANCE CONTAMINATION POSSIBLE,LOW,Bangladesh-filtered GSC page/query export required
aberrant,https://ovidhan.net/word/aberrant.html,AUTO_PROTECTED,Batch 1,0,0,GLOBAL AGGREGATE — FRANCE CONTAMINATION POSSIBLE,NONE,Bangladesh-filtered GSC page/query export required
ability,https://ovidhan.net/word/ability.html,AUTO_PROTECTED,Batch 1,0,0,GLOBAL AGGREGATE — FRANCE CONTAMINATION POSSIBLE,NONE,Bangladesh-filtered GSC page/query export required
able,https://ovidhan.net/word/able.html,AUTO_PROTECTED,Batch 1,0,0,GLOBAL AGGREGATE — FRANCE CONTAMINATION POSSIBLE,NONE,Bangladesh-filtered GSC page/query export required
abode,https://ovidhan.net/word/abode.html,AUTO_PROTECTED,Batch 1,0,0,GLOBAL AGGREGATE — FRANCE CONTAMINATION POSSIBLE,NONE,Bangladesh-filtered GSC page/query export required
abolish,https://ovidhan.net/word/abolish.html,AUTO_PROTECTED,Batch 1,0,0,GLOBAL AGGREGATE — FRANCE CONTAMINATION POSSIBLE,NONE,Bangladesh-filtered GSC page/query export required
abolition,https://ovidhan.net/word/abolition.html,AUTO_PROTECTED,Batch 1,0,0,GLOBAL AGGREGATE — FRANCE CONTAMINATION POSSIBLE,NONE,Bangladesh-filtered GSC page/query export required
aboriginal,https://ovidhan.net/word/aboriginal.html,AUTO_PROTECTED,Batch 1,0,0,GLOBAL AGGREGATE — FRANCE CONTAMINATION POSSIBLE,NONE,Bangladesh-filtered GSC page/query export required
abort,https://ovidhan.net/word/abort.html,AUTO_PROTECTED,Batch 1,0,0,GLOBAL AGGREGATE — FRANCE CONTAMINATION POSSIBLE,NONE,Bangladesh-filtered GSC page/query export required
about,https://ovidhan.net/word/about.html,AUTO_PROTECTED,Batch 1,0,0,GLOBAL AGGREGATE — FRANCE CONTAMINATION POSSIBLE,NONE,Bangladesh-filtered GSC page/query export required
above,https://ovidhan.net/word/above.html,AUTO_PROTECTED,Batch 1,0,0,GLOBAL AGGREGATE — FRANCE CONTAMINATION POSSIBLE,NONE,Bangladesh-filtered GSC page/query export required
abrasive,https://ovidhan.net/word/abrasive.html,AUTO_PROTECTED,Batch 1,0,0,GLOBAL AGGREGATE — FRANCE CONTAMINATION POSSIBLE,NONE,Bangladesh-filtered GSC page/query export required
abreast,https://ovidhan.net/word/abreast.html,AUTO_PROTECTED,Batch 1,0,0,GLOBAL AGGREGATE — FRANCE CONTAMINATION POSSIBLE,NONE,Bangladesh-filtered GSC page/query export required
abridge,https://ovidhan.net/word/abridge.html,AUTO_PROTECTED,Batch 1,0,0,GLOBAL AGGREGATE — FRANCE CONTAMINATION POSSIBLE,NONE,Bangladesh-filtered GSC page/query export required
abroad,https://ovidhan.net/word/abroad.html,AUTO_PROTECTED,Batch 1,0,0,GLOBAL AGGREGATE — FRANCE CONTAMINATION POSSIBLE,NONE,Bangladesh-filtered GSC page/query export required
abrupt,https://ovidhan.net/word/abrupt.html,AUTO_PROTECTED,Batch 1,0,0,GLOBAL AGGREGATE — FRANCE CONTAMINATION POSSIBLE,NONE,Bangladesh-filtered GSC page/query export required
abscess,https://ovidhan.net/word/abscess.html,AUTO_PROTECTED,Batch 1,0,0,GLOBAL AGGREGATE — FRANCE CONTAMINATION POSSIBLE,NONE,Bangladesh-filtered GSC page/query export required
abscond,https://ovidhan.net/word/abscond.html,AUTO_PROTECTED,Batch 1,0,0,GLOBAL AGGREGATE — FRANCE CONTAMINATION POSSIBLE,NONE,Bangladesh-filtered GSC page/query export required
absence,https://ovidhan.net/word/absence.html,AUTO_PROTECTED,Batch 1,0,0,GLOBAL AGGREGATE — FRANCE CONTAMINATION POSSIBLE,NONE,Bangladesh-filtered GSC page/query export required
absent,https://ovidhan.net/word/absent.html,AUTO_PROTECTED,Batch 1,0,0,GLOBAL AGGREGATE — FRANCE CONTAMINATION POSSIBLE,NONE,Bangladesh-filtered GSC page/query export required
absolute,https://ovidhan.net/word/absolute.html,AUTO_PROTECTED,Batch 1,0,0,GLOBAL AGGREGATE — FRANCE CONTAMINATION POSSIBLE,NONE,Bangladesh-filtered GSC page/query export required
absolutely,https://ovidhan.net/word/absolutely.html,AUTO_PROTECTED,Batch 1,0,0,GLOBAL AGGREGATE — FRANCE CONTAMINATION POSSIBLE,NONE,Bangladesh-filtered GSC page/query export required
absolution,https://ovidhan.net/word/absolution.html,AUTO_PROTECTED,Batch 1,0,0,GLOBAL AGGREGATE — FRANCE CONTAMINATION POSSIBLE,NONE,Bangladesh-filtered GSC page/query export required
absolutism,https://ovidhan.net/word/absolutism.html,AUTO_PROTECTED,Batch 1,0,0,GLOBAL AGGREGATE — FRANCE CONTAMINATION POSSIBLE,NONE,Bangladesh-filtered GSC page/query export required
absolve,https://ovidhan.net/word/absolve.html,AUTO_PROTECTED,Batch 1,0,0,GLOBAL AGGREGATE — FRANCE CONTAMINATION POSSIBLE,NONE,Bangladesh-filtered GSC page/query export required
absorb,https://ovidhan.net/word/absorb.html,AUTO_PROTECTED,Batch 1,0,0,GLOBAL AGGREGATE — FRANCE CONTAMINATION POSSIBLE,NONE,Bangladesh-filtered GSC page/query export required
absorbent,https://ovidhan.net/word/absorbent.html,AUTO_PROTECTED,Batch 1,0,0,GLOBAL AGGREGATE — FRANCE CONTAMINATION POSSIBLE,NONE,Bangladesh-filtered GSC page/query export required
abstain,https://ovidhan.net/word/abstain.html,AUTO_PROTECTED,Batch 1,0,0,GLOBAL AGGREGATE — FRANCE CONTAMINATION POSSIBLE,NONE,Bangladesh-filtered GSC page/query export required
abstinence,https://ovidhan.net/word/abstinence.html,AUTO_PROTECTED,Batch 1,0,0,GLOBAL AGGREGATE — FRANCE CONTAMINATION POSSIBLE,NONE,Bangladesh-filtered GSC page/query export required
abstract,https://ovidhan.net/word/abstract.html,AUTO_PROTECTED,Batch 1,0,0,GLOBAL AGGREGATE — FRANCE CONTAMINATION POSSIBLE,NONE,Bangladesh-filtered GSC page/query export required
abstruse,https://ovidhan.net/word/abstruse.html,AUTO_PROTECTED,Batch 1,0,0,GLOBAL AGGREGATE — FRANCE CONTAMINATION POSSIBLE,NONE,Bangladesh-filtered GSC page/query export required
absurd,https://ovidhan.net/word/absurd.html,AUTO_PROTECTED,Batch 1,0,0,GLOBAL AGGREGATE — FRANCE CONTAMINATION POSSIBLE,NONE,Bangladesh-filtered GSC page/query export required
abundance,https://ovidhan.net/word/abundance.html,AUTO_PROTECTED,Batch 1,0,0,GLOBAL AGGREGATE — FRANCE CONTAMINATION POSSIBLE,NONE,Bangladesh-filtered GSC page/query export required
abuse,https://ovidhan.net/word/abuse.html,AUTO_PROTECTED,Batch 1,0,0,GLOBAL AGGREGATE — FRANCE CONTAMINATION POSSIBLE,NONE,Bangladesh-filtered GSC page/query export required
abysmal,https://ovidhan.net/word/abysmal.html,AUTO_PROTECTED,Batch 1,0,0,GLOBAL AGGREGATE — FRANCE CONTAMINATION POSSIBLE,NONE,Bangladesh-filtered GSC page/query export required
ac,https://ovidhan.net/word/ac.html,AUTO_PROTECTED,Batch 1,0,0,GLOBAL AGGREGATE — FRANCE CONTAMINATION POSSIBLE,NONE,Bangladesh-filtered GSC page/query export required
academic,https://ovidhan.net/word/academic.html,AUTO_PROTECTED,Batch 1,0,0,GLOBAL AGGREGATE — FRANCE CONTAMINATION POSSIBLE,NONE,Bangladesh-filtered GSC page/query export required
academy,https://ovidhan.net/word/academy.html,AUTO_PROTECTED,Batch 1,0,0,GLOBAL AGGREGATE — FRANCE CONTAMINATION POSSIBLE,NONE,Bangladesh-filtered GSC page/query export required
acc,https://ovidhan.net/word/acc.html,AUTO_PROTECTED,Batch 1,0,0,GLOBAL AGGREGATE — FRANCE CONTAMINATION POSSIBLE,NONE,Bangladesh-filtered GSC page/query export required
accede,https://ovidhan.net/word/accede.html,AUTO_PROTECTED,Batch 1,0,0,GLOBAL AGGREGATE — FRANCE CONTAMINATION POSSIBLE,NONE,Bangladesh-filtered GSC page/query export required
accelerate,https://ovidhan.net/word/accelerate.html,AUTO_PROTECTED,Batch 1,0,0,GLOBAL AGGREGATE — FRANCE CONTAMINATION POSSIBLE,NONE,Bangladesh-filtered GSC page/query export required
accent,https://ovidhan.net/word/accent.html,AUTO_PROTECTED,Batch 1,0,0,GLOBAL AGGREGATE — FRANCE CONTAMINATION POSSIBLE,NONE,Bangladesh-filtered GSC page/query export required
accentuate,https://ovidhan.net/word/accentuate.html,AUTO_PROTECTED,Batch 1,0,0,GLOBAL AGGREGATE — FRANCE CONTAMINATION POSSIBLE,NONE,Bangladesh-filtered GSC page/query export required
accept,https://ovidhan.net/word/accept.html,AUTO_PROTECTED,Batch 1,0,0,GLOBAL AGGREGATE — FRANCE CONTAMINATION POSSIBLE,NONE,Bangladesh-filtered GSC page/query export required
acceptable,https://ovidhan.net/word/acceptable.html,AUTO_PROTECTED,Batch 1,0,0,GLOBAL AGGREGATE — FRANCE CONTAMINATION POSSIBLE,NONE,Bangladesh-filtered GSC page/query export required
acceptance,https://ovidhan.net/word/acceptance.html,AUTO_PROTECTED,Batch 1,0,0,GLOBAL AGGREGATE — FRANCE CONTAMINATION POSSIBLE,NONE,Bangladesh-filtered GSC page/query export required
accepted,https://ovidhan.net/word/accepted.html,AUTO_PROTECTED,Batch 1,0,0,GLOBAL AGGREGATE — FRANCE CONTAMINATION POSSIBLE,NONE,Bangladesh-filtered GSC page/query export required
access,https://ovidhan.net/word/access.html,AUTO_PROTECTED,Batch 1,0,0,GLOBAL AGGREGATE — FRANCE CONTAMINATION POSSIBLE,NONE,Bangladesh-filtered GSC page/query export required
accessibility,https://ovidhan.net/word/accessibility.html,AUTO_PROTECTED,Batch 1,0,0,GLOBAL AGGREGATE — FRANCE CONTAMINATION POSSIBLE,NONE,Bangladesh-filtered GSC page/query export required
accessible,https://ovidhan.net/word/accessible.html,AUTO_PROTECTED,Batch 1,0,0,GLOBAL AGGREGATE — FRANCE CONTAMINATION POSSIBLE,NONE,Bangladesh-filtered GSC page/query export required
accessories,https://ovidhan.net/word/accessories.html,AUTO_PROTECTED,Batch 1,0,0,GLOBAL AGGREGATE — FRANCE CONTAMINATION POSSIBLE,NONE,Bangladesh-filtered GSC page/query export required
accessory,https://ovidhan.net/word/accessory.html,AUTO_PROTECTED,Batch 1,0,0,GLOBAL AGGREGATE — FRANCE CONTAMINATION POSSIBLE,NONE,Bangladesh-filtered GSC page/query export required
accident,https://ovidhan.net/word/accident.html,AUTO_PROTECTED,Batch 1,0,0,GLOBAL AGGREGATE — FRANCE CONTAMINATION POSSIBLE,NONE,Bangladesh-filtered GSC page/query export required
acclaim,https://ovidhan.net/word/acclaim.html,AUTO_PROTECTED,Batch 1,0,0,GLOBAL AGGREGATE — FRANCE CONTAMINATION POSSIBLE,NONE,Bangladesh-filtered GSC page/query export required
acclimate,https://ovidhan.net/word/acclimate.html,AUTO_PROTECTED,Batch 1,0,0,GLOBAL AGGREGATE — FRANCE CONTAMINATION POSSIBLE,NONE,Bangladesh-filtered GSC page/query export required
acclimatize,https://ovidhan.net/word/acclimatize.html,AUTO_PROTECTED,Batch 1,0,0,GLOBAL AGGREGATE — FRANCE CONTAMINATION POSSIBLE,NONE,Bangladesh-filtered GSC page/query export required
accolade,https://ovidhan.net/word/accolade.html,AUTO_PROTECTED,Batch 1,0,0,GLOBAL AGGREGATE — FRANCE CONTAMINATION POSSIBLE,NONE,Bangladesh-filtered GSC page/query export required
accommodate,https://ovidhan.net/word/accommodate.html,AUTO_PROTECTED,Batch 1,0,0,GLOBAL AGGREGATE — FRANCE CONTAMINATION POSSIBLE,NONE,Bangladesh-filtered GSC page/query export required
accommodation,https://ovidhan.net/word/accommodation.html,AUTO_PROTECTED,Batch 1,0,0,GLOBAL AGGREGATE — FRANCE CONTAMINATION POSSIBLE,NONE,Bangladesh-filtered GSC page/query export required
accompany,https://ovidhan.net/word/accompany.html,AUTO_PROTECTED,Batch 1,0,0,GLOBAL AGGREGATE — FRANCE CONTAMINATION POSSIBLE,NONE,Bangladesh-filtered GSC page/query export required
accomplice,https://ovidhan.net/word/accomplice.html,AUTO_PROTECTED,Batch 1,0,0,GLOBAL AGGREGATE — FRANCE CONTAMINATION POSSIBLE,NONE,Bangladesh-filtered GSC page/query export required
accomplish,https://ovidhan.net/word/accomplish.html,AUTO_PROTECTED,Batch 1,0,0,GLOBAL AGGREGATE — FRANCE CONTAMINATION POSSIBLE,NONE,Bangladesh-filtered GSC page/query export required
accord,https://ovidhan.net/word/accord.html,AUTO_PROTECTED,Batch 1,0,0,GLOBAL AGGREGATE — FRANCE CONTAMINATION POSSIBLE,NONE,Bangladesh-filtered GSC page/query export required
accordance,https://ovidhan.net/word/accordance.html,AUTO_PROTECTED,Batch 1,0,3,GLOBAL AGGREGATE — FRANCE CONTAMINATION POSSIBLE,LOW,Bangladesh-filtered GSC page/query export required
according,https://ovidhan.net/word/according.html,AUTO_PROTECTED,Batch 1,0,0,GLOBAL AGGREGATE — FRANCE CONTAMINATION POSSIBLE,NONE,Bangladesh-filtered GSC page/query export required
accost,https://ovidhan.net/word/accost.html,AUTO_PROTECTED,Batch 1,0,0,GLOBAL AGGREGATE — FRANCE CONTAMINATION POSSIBLE,NONE,Bangladesh-filtered GSC page/query export required
account,https://ovidhan.net/word/account.html,AUTO_PROTECTED,Batch 1,0,0,GLOBAL AGGREGATE — FRANCE CONTAMINATION POSSIBLE,NONE,Bangladesh-filtered GSC page/query export required
accountable,https://ovidhan.net/word/accountable.html,AUTO_PROTECTED,Batch 1,0,0,GLOBAL AGGREGATE — FRANCE CONTAMINATION POSSIBLE,NONE,Bangladesh-filtered GSC page/query export required
accounting,https://ovidhan.net/word/accounting.html,AUTO_PROTECTED,Batch 1,0,0,GLOBAL AGGREGATE — FRANCE CONTAMINATION POSSIBLE,NONE,Bangladesh-filtered GSC page/query export required
accounts,https://ovidhan.net/word/accounts.html,AUTO_PROTECTED,Batch 1,0,0,GLOBAL AGGREGATE — FRANCE CONTAMINATION POSSIBLE,NONE,Bangladesh-filtered GSC page/query export required
accreditation,https://ovidhan.net/word/accreditation.html,AUTO_PROTECTED,Batch 1,0,0,GLOBAL AGGREGATE — FRANCE CONTAMINATION POSSIBLE,NONE,Bangladesh-filtered GSC page/query export required
accredited,https://ovidhan.net/word/accredited.html,AUTO_PROTECTED,Batch 1,0,0,GLOBAL AGGREGATE — FRANCE CONTAMINATION POSSIBLE,NONE,Bangladesh-filtered GSC page/query export required
accrete,https://ovidhan.net/word/accrete.html,AUTO_PROTECTED,Batch 1,0,0,GLOBAL AGGREGATE — FRANCE CONTAMINATION POSSIBLE,NONE,Bangladesh-filtered GSC page/query export required
accrue,https://ovidhan.net/word/accrue.html,AUTO_PROTECTED,Batch 1,0,0,GLOBAL AGGREGATE — FRANCE CONTAMINATION POSSIBLE,NONE,Bangladesh-filtered GSC page/query export required
accumulate,https://ovidhan.net/word/accumulate.html,AUTO_PROTECTED,Batch 1,0,0,GLOBAL AGGREGATE — FRANCE CONTAMINATION POSSIBLE,NONE,Bangladesh-filtered GSC page/query export required
accuracy,https://ovidhan.net/word/accuracy.html,AUTO_PROTECTED,Batch 1,0,0,GLOBAL AGGREGATE — FRANCE CONTAMINATION POSSIBLE,NONE,Bangladesh-filtered GSC page/query export required
accurate,https://ovidhan.net/word/accurate.html,AUTO_PROTECTED,Batch 1,0,0,GLOBAL AGGREGATE — FRANCE CONTAMINATION POSSIBLE,NONE,Bangladesh-filtered GSC page/query export required
accusation,https://ovidhan.net/word/accusation.html,AUTO_PROTECTED,Batch 1,0,0,GLOBAL AGGREGATE — FRANCE CONTAMINATION POSSIBLE,NONE,Bangladesh-filtered GSC page/query export required
accuse,https://ovidhan.net/word/accuse.html,AUTO_PROTECTED,Batch 1,0,0,GLOBAL AGGREGATE — FRANCE CONTAMINATION POSSIBLE,NONE,Bangladesh-filtered GSC page/query export required
accustom,https://ovidhan.net/word/accustom.html,AUTO_PROTECTED,Batch 1,0,0,GLOBAL AGGREGATE — FRANCE CONTAMINATION POSSIBLE,NONE,Bangladesh-filtered GSC page/query export required
achieve,https://ovidhan.net/word/achieve.html,AUTO_PROTECTED,Batch 1,0,0,GLOBAL AGGREGATE — FRANCE CONTAMINATION POSSIBLE,NONE,Bangladesh-filtered GSC page/query export required
achieved,https://ovidhan.net/word/achieved.html,AUTO_PROTECTED,Batch 1,0,0,GLOBAL AGGREGATE — FRANCE CONTAMINATION POSSIBLE,NONE,Bangladesh-filtered GSC page/query export required
achievement,https://ovidhan.net/word/achievement.html,AUTO_PROTECTED,Batch 1,0,0,GLOBAL AGGREGATE — FRANCE CONTAMINATION POSSIBLE,NONE,Bangladesh-filtered GSC page/query export required
acid,https://ovidhan.net/word/acid.html,AUTO_PROTECTED,Batch 1,0,0,GLOBAL AGGREGATE — FRANCE CONTAMINATION POSSIBLE,NONE,Bangladesh-filtered GSC page/query export required
acidic,https://ovidhan.net/word/acidic.html,AUTO_PROTECTED,Batch 1,0,0,GLOBAL AGGREGATE — FRANCE CONTAMINATION POSSIBLE,NONE,Bangladesh-filtered GSC page/query export required
acknowledge,https://ovidhan.net/word/acknowledge.html,AUTO_PROTECTED,Batch 1,0,0,GLOBAL AGGREGATE — FRANCE CONTAMINATION POSSIBLE,NONE,Bangladesh-filtered GSC page/query export required
acoustic,https://ovidhan.net/word/acoustic.html,AUTO_PROTECTED,Batch 1,0,0,GLOBAL AGGREGATE — FRANCE CONTAMINATION POSSIBLE,NONE,Bangladesh-filtered GSC page/query export required
acquaint,https://ovidhan.net/word/acquaint.html,AUTO_PROTECTED,Batch 1,0,0,GLOBAL AGGREGATE — FRANCE CONTAMINATION POSSIBLE,NONE,Bangladesh-filtered GSC page/query export required
acquaintance,https://ovidhan.net/word/acquaintance.html,AUTO_PROTECTED,Batch 1,0,0,GLOBAL AGGREGATE — FRANCE CONTAMINATION POSSIBLE,NONE,Bangladesh-filtered GSC page/query export required
acquire,https://ovidhan.net/word/acquire.html,AUTO_PROTECTED,Batch 1,0,0,GLOBAL AGGREGATE — FRANCE CONTAMINATION POSSIBLE,NONE,Bangladesh-filtered GSC page/query export required
acquisition,https://ovidhan.net/word/acquisition.html,AUTO_PROTECTED,Batch 1,0,0,GLOBAL AGGREGATE — FRANCE CONTAMINATION POSSIBLE,NONE,Bangladesh-filtered GSC page/query export required
acquit,https://ovidhan.net/word/acquit.html,AUTO_PROTECTED,Batch 1,0,0,GLOBAL AGGREGATE — FRANCE CONTAMINATION POSSIBLE,NONE,Bangladesh-filtered GSC page/query export required
acres,https://ovidhan.net/word/acres.html,AUTO_PROTECTED,Batch 1,0,0,GLOBAL AGGREGATE — FRANCE CONTAMINATION POSSIBLE,NONE,Bangladesh-filtered GSC page/query export required
acrimony,https://ovidhan.net/word/acrimony.html,AUTO_PROTECTED,Batch 1,0,0,GLOBAL AGGREGATE — FRANCE CONTAMINATION POSSIBLE,NONE,Bangladesh-filtered GSC page/query export required
acrobat,https://ovidhan.net/word/acrobat.html,AUTO_PROTECTED,Batch 1,0,0,GLOBAL AGGREGATE — FRANCE CONTAMINATION POSSIBLE,NONE,Bangladesh-filtered GSC page/query export required
acronym,https://ovidhan.net/word/acronym.html,AUTO_PROTECTED,Batch 1,0,0,GLOBAL AGGREGATE — FRANCE CONTAMINATION POSSIBLE,NONE,Bangladesh-filtered GSC page/query export required
across,https://ovidhan.net/word/across.html,AUTO_PROTECTED,Batch 1,0,0,GLOBAL AGGREGATE — FRANCE CONTAMINATION POSSIBLE,NONE,Bangladesh-filtered GSC page/query export required
act,https://ovidhan.net/word/act.html,AUTO_PROTECTED,Batch 1,0,0,GLOBAL AGGREGATE — FRANCE CONTAMINATION POSSIBLE,NONE,Bangladesh-filtered GSC page/query export required
acting,https://ovidhan.net/word/acting.html,AUTO_PROTECTED,Batch 1,0,0,GLOBAL AGGREGATE — FRANCE CONTAMINATION POSSIBLE,NONE,Bangladesh-filtered GSC page/query export required
action,https://ovidhan.net/word/action.html,AUTO_PROTECTED,Batch 1,0,0,GLOBAL AGGREGATE — FRANCE CONTAMINATION POSSIBLE,NONE,Bangladesh-filtered GSC page/query export required
actions,https://ovidhan.net/word/actions.html,AUTO_PROTECTED,Batch 1,0,0,GLOBAL AGGREGATE — FRANCE CONTAMINATION POSSIBLE,NONE,Bangladesh-filtered GSC page/query export required
activate,https://ovidhan.net/word/activate.html,AUTO_PROTECTED,Batch 1,0,0,GLOBAL AGGREGATE — FRANCE CONTAMINATION POSSIBLE,NONE,Bangladesh-filtered GSC page/query export required
active,https://ovidhan.net/word/active.html,AUTO_PROTECTED,Batch 1,0,0,GLOBAL AGGREGATE — FRANCE CONTAMINATION POSSIBLE,NONE,Bangladesh-filtered GSC page/query export required
activism,https://ovidhan.net/word/activism.html,AUTO_PROTECTED,Batch 1,0,0,GLOBAL AGGREGATE — FRANCE CONTAMINATION POSSIBLE,NONE,Bangladesh-filtered GSC page/query export required
activities,https://ovidhan.net/word/activities.html,AUTO_PROTECTED,Batch 1,0,0,GLOBAL AGGREGATE — FRANCE CONTAMINATION POSSIBLE,NONE,Bangladesh-filtered GSC page/query export required
activity,https://ovidhan.net/word/activity.html,AUTO_PROTECTED,Batch 1,0,0,GLOBAL AGGREGATE — FRANCE CONTAMINATION POSSIBLE,NONE,Bangladesh-filtered GSC page/query export required
actor,https://ovidhan.net/word/actor.html,AUTO_PROTECTED,Batch 1,0,0,GLOBAL AGGREGATE — FRANCE CONTAMINATION POSSIBLE,NONE,Bangladesh-filtered GSC page/query export required
acts,https://ovidhan.net/word/acts.html,AUTO_PROTECTED,Batch 1,0,0,GLOBAL AGGREGATE — FRANCE CONTAMINATION POSSIBLE,NONE,Bangladesh-filtered GSC page/query export required
actual,https://ovidhan.net/word/actual.html,AUTO_PROTECTED,Batch 1,0,0,GLOBAL AGGREGATE — FRANCE CONTAMINATION POSSIBLE,NONE,Bangladesh-filtered GSC page/query export required
actually,https://ovidhan.net/word/actually.html,AUTO_PROTECTED,Batch 1,0,0,GLOBAL AGGREGATE — FRANCE CONTAMINATION POSSIBLE,NONE,Bangladesh-filtered GSC page/query export required
actuary,https://ovidhan.net/word/actuary.html,AUTO_PROTECTED,Batch 1,0,0,GLOBAL AGGREGATE — FRANCE CONTAMINATION POSSIBLE,NONE,Bangladesh-filtered GSC page/query export required
actuate,https://ovidhan.net/word/actuate.html,AUTO_PROTECTED,Batch 1,0,0,GLOBAL AGGREGATE — FRANCE CONTAMINATION POSSIBLE,NONE,Bangladesh-filtered GSC page/query export required
acuity,https://ovidhan.net/word/acuity.html,AUTO_PROTECTED,Batch 1,0,0,GLOBAL AGGREGATE — FRANCE CONTAMINATION POSSIBLE,NONE,Bangladesh-filtered GSC page/query export required
ad,https://ovidhan.net/word/ad.html,AUTO_PROTECTED,Batch 1,0,0,GLOBAL AGGREGATE — FRANCE CONTAMINATION POSSIBLE,NONE,Bangladesh-filtered GSC page/query export required
adage,https://ovidhan.net/word/adage.html,AUTO_PROTECTED,Batch 1,0,0,GLOBAL AGGREGATE — FRANCE CONTAMINATION POSSIBLE,NONE,Bangladesh-filtered GSC page/query export required
adam,https://ovidhan.net/word/adam.html,AUTO_PROTECTED,Batch 1,0,0,GLOBAL AGGREGATE — FRANCE CONTAMINATION POSSIBLE,NONE,Bangladesh-filtered GSC page/query export required
adams,https://ovidhan.net/word/adams.html,AUTO_PROTECTED,Batch 1,0,0,GLOBAL AGGREGATE — FRANCE CONTAMINATION POSSIBLE,NONE,Bangladesh-filtered GSC page/query export required
adapt,https://ovidhan.net/word/adapt.html,AUTO_PROTECTED,Batch 1,0,0,GLOBAL AGGREGATE — FRANCE CONTAMINATION POSSIBLE,NONE,Bangladesh-filtered GSC page/query export required
adaptable,https://ovidhan.net/word/adaptable.html,AUTO_PROTECTED,Batch 1,0,0,GLOBAL AGGREGATE — FRANCE CONTAMINATION POSSIBLE,NONE,Bangladesh-filtered GSC page/query export required
adapter,https://ovidhan.net/word/adapter.html,AUTO_PROTECTED,Batch 1,0,0,GLOBAL AGGREGATE — FRANCE CONTAMINATION POSSIBLE,NONE,Bangladesh-filtered GSC page/query export required
add,https://ovidhan.net/word/add.html,AUTO_PROTECTED,Batch 1,0,0,GLOBAL AGGREGATE — FRANCE CONTAMINATION POSSIBLE,NONE,Bangladesh-filtered GSC page/query export required
added,https://ovidhan.net/word/added.html,AUTO_PROTECTED,Batch 1,0,0,GLOBAL AGGREGATE — FRANCE CONTAMINATION POSSIBLE,NONE,Bangladesh-filtered GSC page/query export required
addict,https://ovidhan.net/word/addict.html,AUTO_PROTECTED,Batch 1,0,0,GLOBAL AGGREGATE — FRANCE CONTAMINATION POSSIBLE,NONE,Bangladesh-filtered GSC page/query export required
addiction,https://ovidhan.net/word/addiction.html,AUTO_PROTECTED,Batch 1,0,0,GLOBAL AGGREGATE — FRANCE CONTAMINATION POSSIBLE,NONE,Bangladesh-filtered GSC page/query export required
adding,https://ovidhan.net/word/adding.html,AUTO_PROTECTED,Batch 1,0,0,GLOBAL AGGREGATE — FRANCE CONTAMINATION POSSIBLE,NONE,Bangladesh-filtered GSC page/query export required
addition,https://ovidhan.net/word/addition.html,AUTO_PROTECTED,Batch 1,0,0,GLOBAL AGGREGATE — FRANCE CONTAMINATION POSSIBLE,NONE,Bangladesh-filtered GSC page/query export required
additional,https://ovidhan.net/word/additional.html,AUTO_PROTECTED,Batch 1,0,0,GLOBAL AGGREGATE — FRANCE CONTAMINATION POSSIBLE,NONE,Bangladesh-filtered GSC page/query export required
address,https://ovidhan.net/word/address.html,AUTO_PROTECTED,Batch 1,0,0,GLOBAL AGGREGATE — FRANCE CONTAMINATION POSSIBLE,NONE,Bangladesh-filtered GSC page/query export required
addressed,https://ovidhan.net/word/addressed.html,AUTO_PROTECTED,Batch 1,0,0,GLOBAL AGGREGATE — FRANCE CONTAMINATION POSSIBLE,NONE,Bangladesh-filtered GSC page/query export required
addresses,https://ovidhan.net/word/addresses.html,AUTO_PROTECTED,Batch 1,0,0,GLOBAL AGGREGATE — FRANCE CONTAMINATION POSSIBLE,NONE,Bangladesh-filtered GSC page/query export required
adds,https://ovidhan.net/word/adds.html,AUTO_PROTECTED,Batch 1,0,0,GLOBAL AGGREGATE — FRANCE CONTAMINATION POSSIBLE,NONE,Bangladesh-filtered GSC page/query export required
adequacy,https://ovidhan.net/word/adequacy.html,AUTO_PROTECTED,Batch 1,0,0,GLOBAL AGGREGATE — FRANCE CONTAMINATION POSSIBLE,NONE,Bangladesh-filtered GSC page/query export required
adequate,https://ovidhan.net/word/adequate.html,AUTO_PROTECTED,Batch 1,0,0,GLOBAL AGGREGATE — FRANCE CONTAMINATION POSSIBLE,NONE,Bangladesh-filtered GSC page/query export required
adhere,https://ovidhan.net/word/adhere.html,AUTO_PROTECTED,Batch 1,0,0,GLOBAL AGGREGATE — FRANCE CONTAMINATION POSSIBLE,NONE,Bangladesh-filtered GSC page/query export required
adherent,https://ovidhan.net/word/adherent.html,AUTO_PROTECTED,Batch 1,0,0,GLOBAL AGGREGATE — FRANCE CONTAMINATION POSSIBLE,NONE,Bangladesh-filtered GSC page/query export required
adhesive,https://ovidhan.net/word/adhesive.html,AUTO_PROTECTED,Batch 1,0,0,GLOBAL AGGREGATE — FRANCE CONTAMINATION POSSIBLE,NONE,Bangladesh-filtered GSC page/query export required
adjacent,https://ovidhan.net/word/adjacent.html,AUTO_PROTECTED,Batch 1,0,0,GLOBAL AGGREGATE — FRANCE CONTAMINATION POSSIBLE,NONE,Bangladesh-filtered GSC page/query export required
adjoin,https://ovidhan.net/word/adjoin.html,AUTO_PROTECTED,Batch 1,0,0,GLOBAL AGGREGATE — FRANCE CONTAMINATION POSSIBLE,NONE,Bangladesh-filtered GSC page/query export required
adjudicate,https://ovidhan.net/word/adjudicate.html,AUTO_PROTECTED,Batch 1,0,0,GLOBAL AGGREGATE — FRANCE CONTAMINATION POSSIBLE,NONE,Bangladesh-filtered GSC page/query export required
adjunct,https://ovidhan.net/word/adjunct.html,AUTO_PROTECTED,Batch 1,0,0,GLOBAL AGGREGATE — FRANCE CONTAMINATION POSSIBLE,NONE,Bangladesh-filtered GSC page/query export required
adjust,https://ovidhan.net/word/adjust.html,AUTO_PROTECTED,Batch 1,0,0,GLOBAL AGGREGATE — FRANCE CONTAMINATION POSSIBLE,NONE,Bangladesh-filtered GSC page/query export required
admin,https://ovidhan.net/word/admin.html,AUTO_PROTECTED,Batch 1,0,0,GLOBAL AGGREGATE — FRANCE CONTAMINATION POSSIBLE,NONE,Bangladesh-filtered GSC page/query export required
administer,https://ovidhan.net/word/administer.html,AUTO_PROTECTED,Batch 1,0,0,GLOBAL AGGREGATE — FRANCE CONTAMINATION POSSIBLE,NONE,Bangladesh-filtered GSC page/query export required
administration,https://ovidhan.net/word/administration.html,AUTO_PROTECTED,Batch 1,0,0,GLOBAL AGGREGATE — FRANCE CONTAMINATION POSSIBLE,NONE,Bangladesh-filtered GSC page/query export required
administrative,https://ovidhan.net/word/administrative.html,AUTO_PROTECTED,Batch 1,0,0,GLOBAL AGGREGATE — FRANCE CONTAMINATION POSSIBLE,NONE,Bangladesh-filtered GSC page/query export required
administrator,https://ovidhan.net/word/administrator.html,AUTO_PROTECTED,Batch 1,0,0,GLOBAL AGGREGATE — FRANCE CONTAMINATION POSSIBLE,NONE,Bangladesh-filtered GSC page/query export required
admirable,https://ovidhan.net/word/admirable.html,AUTO_PROTECTED,Batch 1,0,0,GLOBAL AGGREGATE — FRANCE CONTAMINATION POSSIBLE,NONE,Bangladesh-filtered GSC page/query export required
admiral,https://ovidhan.net/word/admiral.html,AUTO_PROTECTED,Batch 1,0,0,GLOBAL AGGREGATE — FRANCE CONTAMINATION POSSIBLE,NONE,Bangladesh-filtered GSC page/query export required
admire,https://ovidhan.net/word/admire.html,AUTO_PROTECTED,Batch 1,0,0,GLOBAL AGGREGATE — FRANCE CONTAMINATION POSSIBLE,NONE,Bangladesh-filtered GSC page/query export required
admission,https://ovidhan.net/word/admission.html,AUTO_PROTECTED,Batch 1,0,0,GLOBAL AGGREGATE — FRANCE CONTAMINATION POSSIBLE,NONE,Bangladesh-filtered GSC page/query export required
admonish,https://ovidhan.net/word/admonish.html,AUTO_PROTECTED,Batch 1,0,0,GLOBAL AGGREGATE — FRANCE CONTAMINATION POSSIBLE,NONE,Bangladesh-filtered GSC page/query export required
admonition,https://ovidhan.net/word/admonition.html,AUTO_PROTECTED,Batch 1,0,0,GLOBAL AGGREGATE — FRANCE CONTAMINATION POSSIBLE,NONE,Bangladesh-filtered GSC page/query export required
adobe,https://ovidhan.net/word/adobe.html,AUTO_PROTECTED,Batch 1,0,0,GLOBAL AGGREGATE — FRANCE CONTAMINATION POSSIBLE,NONE,Bangladesh-filtered GSC page/query export required
adolescent,https://ovidhan.net/word/adolescent.html,AUTO_PROTECTED,Batch 1,0,0,GLOBAL AGGREGATE — FRANCE CONTAMINATION POSSIBLE,NONE,Bangladesh-filtered GSC page/query export required
adopt,https://ovidhan.net/word/adopt.html,AUTO_PROTECTED,Batch 1,0,0,GLOBAL AGGREGATE — FRANCE CONTAMINATION POSSIBLE,NONE,Bangladesh-filtered GSC page/query export required
adopted,https://ovidhan.net/word/adopted.html,AUTO_PROTECTED,Batch 1,0,0,GLOBAL AGGREGATE — FRANCE CONTAMINATION POSSIBLE,NONE,Bangladesh-filtered GSC page/query export required
adoption,https://ovidhan.net/word/adoption.html,AUTO_PROTECTED,Batch 1,0,0,GLOBAL AGGREGATE — FRANCE CONTAMINATION POSSIBLE,NONE,Bangladesh-filtered GSC page/query export required
adorable,https://ovidhan.net/word/adorable.html,AUTO_PROTECTED,Batch 1,0,0,GLOBAL AGGREGATE — FRANCE CONTAMINATION POSSIBLE,NONE,Bangladesh-filtered GSC page/query export required
adoration,https://ovidhan.net/word/adoration.html,AUTO_PROTECTED,Batch 1,0,0,GLOBAL AGGREGATE — FRANCE CONTAMINATION POSSIBLE,NONE,Bangladesh-filtered GSC page/query export required
adorn,https://ovidhan.net/word/adorn.html,AUTO_PROTECTED,Batch 1,0,0,GLOBAL AGGREGATE — FRANCE CONTAMINATION POSSIBLE,NONE,Bangladesh-filtered GSC page/query export required
adrenaline,https://ovidhan.net/word/adrenaline.html,AUTO_PROTECTED,Batch 1,0,0,GLOBAL AGGREGATE — FRANCE CONTAMINATION POSSIBLE,NONE,Bangladesh-filtered GSC page/query export required
adrift,https://ovidhan.net/word/adrift.html,AUTO_PROTECTED,Batch 1,0,0,GLOBAL AGGREGATE — FRANCE CONTAMINATION POSSIBLE,NONE,Bangladesh-filtered GSC page/query export required
ads,https://ovidhan.net/word/ads.html,AUTO_PROTECTED,Batch 1,0,0,GLOBAL AGGREGATE — FRANCE CONTAMINATION POSSIBLE,NONE,Bangladesh-filtered GSC page/query export required
adult,https://ovidhan.net/word/adult.html,AUTO_PROTECTED,Batch 1,0,0,GLOBAL AGGREGATE — FRANCE CONTAMINATION POSSIBLE,NONE,Bangladesh-filtered GSC page/query export required
adulterate,https://ovidhan.net/word/adulterate.html,AUTO_PROTECTED,Batch 1,0,0,GLOBAL AGGREGATE — FRANCE CONTAMINATION POSSIBLE,NONE,Bangladesh-filtered GSC page/query export required
adults,https://ovidhan.net/word/adults.html,AUTO_PROTECTED,Batch 1,0,0,GLOBAL AGGREGATE — FRANCE CONTAMINATION POSSIBLE,NONE,Bangladesh-filtered GSC page/query export required
advance,https://ovidhan.net/word/advance.html,AUTO_PROTECTED,Batch 1,0,0,GLOBAL AGGREGATE — FRANCE CONTAMINATION POSSIBLE,NONE,Bangladesh-filtered GSC page/query export required
advanced,https://ovidhan.net/word/advanced.html,AUTO_PROTECTED,Batch 1,0,0,GLOBAL AGGREGATE — FRANCE CONTAMINATION POSSIBLE,NONE,Bangladesh-filtered GSC page/query export required
advantage,https://ovidhan.net/word/advantage.html,AUTO_PROTECTED,Batch 1,0,0,GLOBAL AGGREGATE — FRANCE CONTAMINATION POSSIBLE,NONE,Bangladesh-filtered GSC page/query export required
adventure,https://ovidhan.net/word/adventure.html,AUTO_PROTECTED,Batch 1,0,0,GLOBAL AGGREGATE — FRANCE CONTAMINATION POSSIBLE,NONE,Bangladesh-filtered GSC page/query export required
adventures,https://ovidhan.net/word/adventures.html,AUTO_PROTECTED,Batch 1,0,0,GLOBAL AGGREGATE — FRANCE CONTAMINATION POSSIBLE,NONE,Bangladesh-filtered GSC page/query export required
adversary,https://ovidhan.net/word/adversary.html,AUTO_PROTECTED,Batch 1,0,0,GLOBAL AGGREGATE — FRANCE CONTAMINATION POSSIBLE,NONE,Bangladesh-filtered GSC page/query export required
adverse,https://ovidhan.net/word/adverse.html,AUTO_PROTECTED,Batch 1,0,0,GLOBAL AGGREGATE — FRANCE CONTAMINATION POSSIBLE,NONE,Bangladesh-filtered GSC page/query export required
adversity,https://ovidhan.net/word/adversity.html,AUTO_PROTECTED,Batch 1,0,0,GLOBAL AGGREGATE — FRANCE CONTAMINATION POSSIBLE,NONE,Bangladesh-filtered GSC page/query export required
advertise,https://ovidhan.net/word/advertise.html,AUTO_PROTECTED,Batch 1,0,0,GLOBAL AGGREGATE — FRANCE CONTAMINATION POSSIBLE,NONE,Bangladesh-filtered GSC page/query export required
advertisement,https://ovidhan.net/word/advertisement.html,AUTO_PROTECTED,Batch 1,0,0,GLOBAL AGGREGATE — FRANCE CONTAMINATION POSSIBLE,NONE,Bangladesh-filtered GSC page/query export required
advertising,https://ovidhan.net/word/advertising.html,AUTO_PROTECTED,Batch 1,0,0,GLOBAL AGGREGATE — FRANCE CONTAMINATION POSSIBLE,NONE,Bangladesh-filtered GSC page/query export required
advice,https://ovidhan.net/word/advice.html,AUTO_PROTECTED,Batch 1,0,0,GLOBAL AGGREGATE — FRANCE CONTAMINATION POSSIBLE,NONE,Bangladesh-filtered GSC page/query export required
advisor,https://ovidhan.net/word/advisor.html,AUTO_PROTECTED,Batch 1,0,0,GLOBAL AGGREGATE — FRANCE CONTAMINATION POSSIBLE,NONE,Bangladesh-filtered GSC page/query export required
advisory,https://ovidhan.net/word/advisory.html,AUTO_PROTECTED,Batch 1,0,0,GLOBAL AGGREGATE — FRANCE CONTAMINATION POSSIBLE,NONE,Bangladesh-filtered GSC page/query export required
advocacy,https://ovidhan.net/word/advocacy.html,AUTO_PROTECTED,Batch 1,0,0,GLOBAL AGGREGATE — FRANCE CONTAMINATION POSSIBLE,NONE,Bangladesh-filtered GSC page/query export required
advocate,https://ovidhan.net/word/advocate.html,AUTO_PROTECTED,Batch 1,0,0,GLOBAL AGGREGATE — FRANCE CONTAMINATION POSSIBLE,NONE,Bangladesh-filtered GSC page/query export required
aerial,https://ovidhan.net/word/aerial.html,AUTO_PROTECTED,Batch 1,0,0,GLOBAL AGGREGATE — FRANCE CONTAMINATION POSSIBLE,NONE,Bangladesh-filtered GSC page/query export required
aesthetic,https://ovidhan.net/word/aesthetic.html,AUTO_PROTECTED,Batch 1,0,0,GLOBAL AGGREGATE — FRANCE CONTAMINATION POSSIBLE,NONE,Bangladesh-filtered GSC page/query export required
affable,https://ovidhan.net/word/affable.html,AUTO_PROTECTED,Batch 1,0,0,GLOBAL AGGREGATE — FRANCE CONTAMINATION POSSIBLE,NONE,Bangladesh-filtered GSC page/query export required
affairs,https://ovidhan.net/word/affairs.html,AUTO_PROTECTED,Batch 1,0,0,GLOBAL AGGREGATE — FRANCE CONTAMINATION POSSIBLE,NONE,Bangladesh-filtered GSC page/query export required
affect,https://ovidhan.net/word/affect.html,AUTO_PROTECTED,Batch 1,0,0,GLOBAL AGGREGATE — FRANCE CONTAMINATION POSSIBLE,NONE,Bangladesh-filtered GSC page/query export required
affected,https://ovidhan.net/word/affected.html,AUTO_PROTECTED,Batch 1,0,0,GLOBAL AGGREGATE — FRANCE CONTAMINATION POSSIBLE,NONE,Bangladesh-filtered GSC page/query export required
affection,https://ovidhan.net/word/affection.html,AUTO_PROTECTED,Batch 1,0,0,GLOBAL AGGREGATE — FRANCE CONTAMINATION POSSIBLE,NONE,Bangladesh-filtered GSC page/query export required
affidavit,https://ovidhan.net/word/affidavit.html,AUTO_PROTECTED,Batch 1,0,0,GLOBAL AGGREGATE — FRANCE CONTAMINATION POSSIBLE,NONE,Bangladesh-filtered GSC page/query export required
affiliate,https://ovidhan.net/word/affiliate.html,AUTO_PROTECTED,Batch 1,0,0,GLOBAL AGGREGATE — FRANCE CONTAMINATION POSSIBLE,NONE,Bangladesh-filtered GSC page/query export required
affiliates,https://ovidhan.net/word/affiliates.html,AUTO_PROTECTED,Batch 1,0,0,GLOBAL AGGREGATE — FRANCE CONTAMINATION POSSIBLE,NONE,Bangladesh-filtered GSC page/query export required
affirm,https://ovidhan.net/word/affirm.html,AUTO_PROTECTED,Batch 1,0,0,GLOBAL AGGREGATE — FRANCE CONTAMINATION POSSIBLE,NONE,Bangladesh-filtered GSC page/query export required
afflict,https://ovidhan.net/word/afflict.html,AUTO_PROTECTED,Batch 1,0,0,GLOBAL AGGREGATE — FRANCE CONTAMINATION POSSIBLE,NONE,Bangladesh-filtered GSC page/query export required
affliction,https://ovidhan.net/word/affliction.html,AUTO_PROTECTED,Batch 1,0,0,GLOBAL AGGREGATE — FRANCE CONTAMINATION POSSIBLE,NONE,Bangladesh-filtered GSC page/query export required
affluent,https://ovidhan.net/word/affluent.html,AUTO_PROTECTED,Batch 1,0,0,GLOBAL AGGREGATE — FRANCE CONTAMINATION POSSIBLE,NONE,Bangladesh-filtered GSC page/query export required
afford,https://ovidhan.net/word/afford.html,AUTO_PROTECTED,Batch 1,0,0,GLOBAL AGGREGATE — FRANCE CONTAMINATION POSSIBLE,NONE,Bangladesh-filtered GSC page/query export required
affordable,https://ovidhan.net/word/affordable.html,AUTO_PROTECTED,Batch 1,0,0,GLOBAL AGGREGATE — FRANCE CONTAMINATION POSSIBLE,NONE,Bangladesh-filtered GSC page/query export required
affront,https://ovidhan.net/word/affront.html,AUTO_PROTECTED,Batch 1,0,0,GLOBAL AGGREGATE — FRANCE CONTAMINATION POSSIBLE,NONE,Bangladesh-filtered GSC page/query export required
afghanistan,https://ovidhan.net/word/afghanistan.html,AUTO_PROTECTED,Batch 1,0,0,GLOBAL AGGREGATE — FRANCE CONTAMINATION POSSIBLE,NONE,Bangladesh-filtered GSC page/query export required
africa,https://ovidhan.net/word/africa.html,AUTO_PROTECTED,Batch 1,0,0,GLOBAL AGGREGATE — FRANCE CONTAMINATION POSSIBLE,NONE,Bangladesh-filtered GSC page/query export required
african,https://ovidhan.net/word/african.html,AUTO_PROTECTED,Batch 1,0,0,GLOBAL AGGREGATE — FRANCE CONTAMINATION POSSIBLE,NONE,Bangladesh-filtered GSC page/query export required
after,https://ovidhan.net/word/after.html,AUTO_PROTECTED,Batch 1,0,0,GLOBAL AGGREGATE — FRANCE CONTAMINATION POSSIBLE,NONE,Bangladesh-filtered GSC page/query export required
afternoon,https://ovidhan.net/word/afternoon.html,AUTO_PROTECTED,Batch 1,0,0,GLOBAL AGGREGATE — FRANCE CONTAMINATION POSSIBLE,NONE,Bangladesh-filtered GSC page/query export required
ag,https://ovidhan.net/word/ag.html,AUTO_PROTECTED,Batch 1,0,0,GLOBAL AGGREGATE — FRANCE CONTAMINATION POSSIBLE,NONE,Bangladesh-filtered GSC page/query export required
again,https://ovidhan.net/word/again.html,AUTO_PROTECTED,Batch 1,0,0,GLOBAL AGGREGATE — FRANCE CONTAMINATION POSSIBLE,NONE,Bangladesh-filtered GSC page/query export required
against,https://ovidhan.net/word/against.html,AUTO_PROTECTED,Batch 1,0,0,GLOBAL AGGREGATE — FRANCE CONTAMINATION POSSIBLE,NONE,Bangladesh-filtered GSC page/query export required
age,https://ovidhan.net/word/age.html,AUTO_PROTECTED,Batch 1,0,0,GLOBAL AGGREGATE — FRANCE CONTAMINATION POSSIBLE,NONE,Bangladesh-filtered GSC page/query export required
aged,https://ovidhan.net/word/aged.html,AUTO_PROTECTED,Batch 1,0,0,GLOBAL AGGREGATE — FRANCE CONTAMINATION POSSIBLE,NONE,Bangladesh-filtered GSC page/query export required
agencies,https://ovidhan.net/word/agencies.html,AUTO_PROTECTED,Batch 1,0,0,GLOBAL AGGREGATE — FRANCE CONTAMINATION POSSIBLE,NONE,Bangladesh-filtered GSC page/query export required
agency,https://ovidhan.net/word/agency.html,AUTO_PROTECTED,Batch 1,0,0,GLOBAL AGGREGATE — FRANCE CONTAMINATION POSSIBLE,NONE,Bangladesh-filtered GSC page/query export required
agenda,https://ovidhan.net/word/agenda.html,AUTO_PROTECTED,Batch 1,0,0,GLOBAL AGGREGATE — FRANCE CONTAMINATION POSSIBLE,NONE,Bangladesh-filtered GSC page/query export required
agent,https://ovidhan.net/word/agent.html,AUTO_PROTECTED,Batch 1,0,0,GLOBAL AGGREGATE — FRANCE CONTAMINATION POSSIBLE,NONE,Bangladesh-filtered GSC page/query export required
agents,https://ovidhan.net/word/agents.html,AUTO_PROTECTED,Batch 1,0,0,GLOBAL AGGREGATE — FRANCE CONTAMINATION POSSIBLE,NONE,Bangladesh-filtered GSC page/query export required
ages,https://ovidhan.net/word/ages.html,AUTO_PROTECTED,Batch 1,0,0,GLOBAL AGGREGATE — FRANCE CONTAMINATION POSSIBLE,NONE,Bangladesh-filtered GSC page/query export required
aggravate,https://ovidhan.net/word/aggravate.html,AUTO_PROTECTED,Batch 1,0,0,GLOBAL AGGREGATE — FRANCE CONTAMINATION POSSIBLE,NONE,Bangladesh-filtered GSC page/query export required
aggregate,https://ovidhan.net/word/aggregate.html,AUTO_PROTECTED,Batch 1,0,0,GLOBAL AGGREGATE — FRANCE CONTAMINATION POSSIBLE,NONE,Bangladesh-filtered GSC page/query export required
aggression,https://ovidhan.net/word/aggression.html,AUTO_PROTECTED,Batch 1,0,0,GLOBAL AGGREGATE — FRANCE CONTAMINATION POSSIBLE,NONE,Bangladesh-filtered GSC page/query export required
agile,https://ovidhan.net/word/agile.html,AUTO_PROTECTED,Batch 1,0,0,GLOBAL AGGREGATE — FRANCE CONTAMINATION POSSIBLE,NONE,Bangladesh-filtered GSC page/query export required
agitate,https://ovidhan.net/word/agitate.html,AUTO_PROTECTED,Batch 1,0,0,GLOBAL AGGREGATE — FRANCE CONTAMINATION POSSIBLE,NONE,Bangladesh-filtered GSC page/query export required
ago,https://ovidhan.net/word/ago.html,AUTO_PROTECTED,Batch 1,0,0,GLOBAL AGGREGATE — FRANCE CONTAMINATION POSSIBLE,NONE,Bangladesh-filtered GSC page/query export required
agony,https://ovidhan.net/word/agony.html,AUTO_PROTECTED,Batch 1,0,0,GLOBAL AGGREGATE — FRANCE CONTAMINATION POSSIBLE,NONE,Bangladesh-filtered GSC page/query export required
agree,https://ovidhan.net/word/agree.html,AUTO_PROTECTED,Batch 1,0,0,GLOBAL AGGREGATE — FRANCE CONTAMINATION POSSIBLE,NONE,Bangladesh-filtered GSC page/query export required
agreeable,https://ovidhan.net/word/agreeable.html,AUTO_PROTECTED,Batch 1,0,0,GLOBAL AGGREGATE — FRANCE CONTAMINATION POSSIBLE,NONE,Bangladesh-filtered GSC page/query export required
agreed,https://ovidhan.net/word/agreed.html,AUTO_PROTECTED,Batch 1,0,0,GLOBAL AGGREGATE — FRANCE CONTAMINATION POSSIBLE,NONE,Bangladesh-filtered GSC page/query export required
agreement,https://ovidhan.net/word/agreement.html,AUTO_PROTECTED,Batch 1,0,0,GLOBAL AGGREGATE — FRANCE CONTAMINATION POSSIBLE,NONE,Bangladesh-filtered GSC page/query export required
agreements,https://ovidhan.net/word/agreements.html,AUTO_PROTECTED,Batch 1,0,0,GLOBAL AGGREGATE — FRANCE CONTAMINATION POSSIBLE,NONE,Bangladesh-filtered GSC page/query export required
agricultural,https://ovidhan.net/word/agricultural.html,AUTO_PROTECTED,Batch 1,0,0,GLOBAL AGGREGATE — FRANCE CONTAMINATION POSSIBLE,NONE,Bangladesh-filtered GSC page/query export required
agriculture,https://ovidhan.net/word/agriculture.html,AUTO_PROTECTED,Batch 1,0,0,GLOBAL AGGREGATE — FRANCE CONTAMINATION POSSIBLE,NONE,Bangladesh-filtered GSC page/query export required
ah,https://ovidhan.net/word/ah.html,AUTO_PROTECTED,Batch 1,0,0,GLOBAL AGGREGATE — FRANCE CONTAMINATION POSSIBLE,NONE,Bangladesh-filtered GSC page/query export required
ahead,https://ovidhan.net/word/ahead.html,AUTO_PROTECTED,Batch 1,0,0,GLOBAL AGGREGATE — FRANCE CONTAMINATION POSSIBLE,NONE,Bangladesh-filtered GSC page/query export required
aid,https://ovidhan.net/word/aid.html,AUTO_PROTECTED,Batch 1,0,0,GLOBAL AGGREGATE — FRANCE CONTAMINATION POSSIBLE,NONE,Bangladesh-filtered GSC page/query export required
aide,https://ovidhan.net/word/aide.html,AUTO_PROTECTED,Batch 1,0,0,GLOBAL AGGREGATE — FRANCE CONTAMINATION POSSIBLE,NONE,Bangladesh-filtered GSC page/query export required
aids,https://ovidhan.net/word/aids.html,AUTO_PROTECTED,Batch 1,0,0,GLOBAL AGGREGATE — FRANCE CONTAMINATION POSSIBLE,NONE,Bangladesh-filtered GSC page/query export required
ailment,https://ovidhan.net/word/ailment.html,AUTO_PROTECTED,Batch 1,0,0,GLOBAL AGGREGATE — FRANCE CONTAMINATION POSSIBLE,NONE,Bangladesh-filtered GSC page/query export required
aim,https://ovidhan.net/word/aim.html,AUTO_PROTECTED,Batch 1,0,0,GLOBAL AGGREGATE — FRANCE CONTAMINATION POSSIBLE,NONE,Bangladesh-filtered GSC page/query export required
air,https://ovidhan.net/word/air.html,AUTO_PROTECTED,Batch 1,0,0,GLOBAL AGGREGATE — FRANCE CONTAMINATION POSSIBLE,NONE,Bangladesh-filtered GSC page/query export required
aircraft,https://ovidhan.net/word/aircraft.html,AUTO_PROTECTED,Batch 1,0,0,GLOBAL AGGREGATE — FRANCE CONTAMINATION POSSIBLE,NONE,Bangladesh-filtered GSC page/query export required
airlift,https://ovidhan.net/word/airlift.html,AUTO_PROTECTED,Batch 1,0,0,GLOBAL AGGREGATE — FRANCE CONTAMINATION POSSIBLE,NONE,Bangladesh-filtered GSC page/query export required
airline,https://ovidhan.net/word/airline.html,AUTO_PROTECTED,Batch 1,0,0,GLOBAL AGGREGATE — FRANCE CONTAMINATION POSSIBLE,NONE,Bangladesh-filtered GSC page/query export required
airlines,https://ovidhan.net/word/airlines.html,AUTO_PROTECTED,Batch 1,0,0,GLOBAL AGGREGATE — FRANCE CONTAMINATION POSSIBLE,NONE,Bangladesh-filtered GSC page/query export required
airport,https://ovidhan.net/word/airport.html,AUTO_PROTECTED,Batch 1,0,0,GLOBAL AGGREGATE — FRANCE CONTAMINATION POSSIBLE,NONE,Bangladesh-filtered GSC page/query export required
airtight,https://ovidhan.net/word/airtight.html,AUTO_PROTECTED,Batch 1,0,0,GLOBAL AGGREGATE — FRANCE CONTAMINATION POSSIBLE,NONE,Bangladesh-filtered GSC page/query export required
ak,https://ovidhan.net/word/ak.html,AUTO_PROTECTED,Batch 1,0,0,GLOBAL AGGREGATE — FRANCE CONTAMINATION POSSIBLE,NONE,Bangladesh-filtered GSC page/query export required
akin,https://ovidhan.net/word/akin.html,AUTO_PROTECTED,Batch 1,0,0,GLOBAL AGGREGATE — FRANCE CONTAMINATION POSSIBLE,NONE,Bangladesh-filtered GSC page/query export required
al,https://ovidhan.net/word/al.html,AUTO_PROTECTED,Batch 1,0,0,GLOBAL AGGREGATE — FRANCE CONTAMINATION POSSIBLE,NONE,Bangladesh-filtered GSC page/query export required
alabama,https://ovidhan.net/word/alabama.html,AUTO_PROTECTED,Batch 1,0,0,GLOBAL AGGREGATE — FRANCE CONTAMINATION POSSIBLE,NONE,Bangladesh-filtered GSC page/query export required
alacrity,https://ovidhan.net/word/alacrity.html,AUTO_PROTECTED,Batch 1,0,0,GLOBAL AGGREGATE — FRANCE CONTAMINATION POSSIBLE,NONE,Bangladesh-filtered GSC page/query export required
alan,https://ovidhan.net/word/alan.html,AUTO_PROTECTED,Batch 1,0,0,GLOBAL AGGREGATE — FRANCE CONTAMINATION POSSIBLE,NONE,Bangladesh-filtered GSC page/query export required
alarm,https://ovidhan.net/word/alarm.html,AUTO_PROTECTED,Batch 1,0,0,GLOBAL AGGREGATE — FRANCE CONTAMINATION POSSIBLE,NONE,Bangladesh-filtered GSC page/query export required
alaska,https://ovidhan.net/word/alaska.html,AUTO_PROTECTED,Batch 1,0,0,GLOBAL AGGREGATE — FRANCE CONTAMINATION POSSIBLE,NONE,Bangladesh-filtered GSC page/query export required
alberta,https://ovidhan.net/word/alberta.html,AUTO_PROTECTED,Batch 1,0,0,GLOBAL AGGREGATE — FRANCE CONTAMINATION POSSIBLE,NONE,Bangladesh-filtered GSC page/query export required
album,https://ovidhan.net/word/album.html,AUTO_PROTECTED,Batch 1,0,0,GLOBAL AGGREGATE — FRANCE CONTAMINATION POSSIBLE,NONE,Bangladesh-filtered GSC page/query export required
albums,https://ovidhan.net/word/albums.html,AUTO_PROTECTED,Batch 1,0,0,GLOBAL AGGREGATE — FRANCE CONTAMINATION POSSIBLE,NONE,Bangladesh-filtered GSC page/query export required
alchemy,https://ovidhan.net/word/alchemy.html,AUTO_PROTECTED,Batch 1,0,0,GLOBAL AGGREGATE — FRANCE CONTAMINATION POSSIBLE,NONE,Bangladesh-filtered GSC page/query export required
alcohol,https://ovidhan.net/word/alcohol.html,AUTO_PROTECTED,Batch 1,0,0,GLOBAL AGGREGATE — FRANCE CONTAMINATION POSSIBLE,NONE,Bangladesh-filtered GSC page/query export required
alert,https://ovidhan.net/word/alert.html,AUTO_PROTECTED,Batch 1,0,0,GLOBAL AGGREGATE — FRANCE CONTAMINATION POSSIBLE,NONE,Bangladesh-filtered GSC page/query export required
alerts,https://ovidhan.net/word/alerts.html,AUTO_PROTECTED,Batch 1,0,0,GLOBAL AGGREGATE — FRANCE CONTAMINATION POSSIBLE,NONE,Bangladesh-filtered GSC page/query export required
alex,https://ovidhan.net/word/alex.html,AUTO_PROTECTED,Batch 1,0,0,GLOBAL AGGREGATE — FRANCE CONTAMINATION POSSIBLE,NONE,Bangladesh-filtered GSC page/query export required
alexander,https://ovidhan.net/word/alexander.html,AUTO_PROTECTED,Batch 1,0,0,GLOBAL AGGREGATE — FRANCE CONTAMINATION POSSIBLE,NONE,Bangladesh-filtered GSC page/query export required
algebra,https://ovidhan.net/word/algebra.html,AUTO_PROTECTED,Batch 1,0,0,GLOBAL AGGREGATE — FRANCE CONTAMINATION POSSIBLE,NONE,Bangladesh-filtered GSC page/query export required
algorithm,https://ovidhan.net/word/algorithm.html,AUTO_PROTECTED,Batch 1,0,0,GLOBAL AGGREGATE — FRANCE CONTAMINATION POSSIBLE,NONE,Bangladesh-filtered GSC page/query export required
alien,https://ovidhan.net/word/alien.html,AUTO_PROTECTED,Batch 1,0,0,GLOBAL AGGREGATE — FRANCE CONTAMINATION POSSIBLE,NONE,Bangladesh-filtered GSC page/query export required
alienate,https://ovidhan.net/word/alienate.html,AUTO_PROTECTED,Batch 1,0,0,GLOBAL AGGREGATE — FRANCE CONTAMINATION POSSIBLE,NONE,Bangladesh-filtered GSC page/query export required
align,https://ovidhan.net/word/align.html,AUTO_PROTECTED,Batch 1,0,0,GLOBAL AGGREGATE — FRANCE CONTAMINATION POSSIBLE,NONE,Bangladesh-filtered GSC page/query export required
alike,https://ovidhan.net/word/alike.html,AUTO_PROTECTED,Batch 1,0,0,GLOBAL AGGREGATE — FRANCE CONTAMINATION POSSIBLE,NONE,Bangladesh-filtered GSC page/query export required
alimony,https://ovidhan.net/word/alimony.html,AUTO_PROTECTED,Batch 1,0,0,GLOBAL AGGREGATE — FRANCE CONTAMINATION POSSIBLE,NONE,Bangladesh-filtered GSC page/query export required
alive,https://ovidhan.net/word/alive.html,AUTO_PROTECTED,Batch 1,0,0,GLOBAL AGGREGATE — FRANCE CONTAMINATION POSSIBLE,NONE,Bangladesh-filtered GSC page/query export required
all,https://ovidhan.net/word/all.html,AUTO_PROTECTED,Batch 1,0,0,GLOBAL AGGREGATE — FRANCE CONTAMINATION POSSIBLE,NONE,Bangladesh-filtered GSC page/query export required
allay,https://ovidhan.net/word/allay.html,AUTO_PROTECTED,Batch 1,0,0,GLOBAL AGGREGATE — FRANCE CONTAMINATION POSSIBLE,NONE,Bangladesh-filtered GSC page/query export required
allegation,https://ovidhan.net/word/allegation.html,AUTO_PROTECTED,Batch 1,0,0,GLOBAL AGGREGATE — FRANCE CONTAMINATION POSSIBLE,NONE,Bangladesh-filtered GSC page/query export required
allege,https://ovidhan.net/word/allege.html,AUTO_PROTECTED,Batch 1,0,0,GLOBAL AGGREGATE — FRANCE CONTAMINATION POSSIBLE,NONE,Bangladesh-filtered GSC page/query export required
alleged,https://ovidhan.net/word/alleged.html,AUTO_PROTECTED,Batch 1,0,0,GLOBAL AGGREGATE — FRANCE CONTAMINATION POSSIBLE,NONE,Bangladesh-filtered GSC page/query export required
allegiance,https://ovidhan.net/word/allegiance.html,AUTO_PROTECTED,Batch 1,0,0,GLOBAL AGGREGATE — FRANCE CONTAMINATION POSSIBLE,NONE,Bangladesh-filtered GSC page/query export required
allegory,https://ovidhan.net/word/allegory.html,AUTO_PROTECTED,Batch 1,0,0,GLOBAL AGGREGATE — FRANCE CONTAMINATION POSSIBLE,NONE,Bangladesh-filtered GSC page/query export required
allen,https://ovidhan.net/word/allen.html,AUTO_PROTECTED,Batch 1,0,0,GLOBAL AGGREGATE — FRANCE CONTAMINATION POSSIBLE,NONE,Bangladesh-filtered GSC page/query export required
allergy,https://ovidhan.net/word/allergy.html,AUTO_PROTECTED,Batch 1,0,0,GLOBAL AGGREGATE — FRANCE CONTAMINATION POSSIBLE,NONE,Bangladesh-filtered GSC page/query export required
alleviate,https://ovidhan.net/word/alleviate.html,AUTO_PROTECTED,Batch 1,0,0,GLOBAL AGGREGATE — FRANCE CONTAMINATION POSSIBLE,NONE,Bangladesh-filtered GSC page/query export required
alley,https://ovidhan.net/word/alley.html,AUTO_PROTECTED,Batch 1,0,0,GLOBAL AGGREGATE — FRANCE CONTAMINATION POSSIBLE,NONE,Bangladesh-filtered GSC page/query export required
alliance,https://ovidhan.net/word/alliance.html,AUTO_PROTECTED,Batch 1,0,0,GLOBAL AGGREGATE — FRANCE CONTAMINATION POSSIBLE,NONE,Bangladesh-filtered GSC page/query export required
allocate,https://ovidhan.net/word/allocate.html,AUTO_PROTECTED,Batch 1,0,0,GLOBAL AGGREGATE — FRANCE CONTAMINATION POSSIBLE,NONE,Bangladesh-filtered GSC page/query export required
allocated,https://ovidhan.net/word/allocated.html,AUTO_PROTECTED,Batch 1,0,0,GLOBAL AGGREGATE — FRANCE CONTAMINATION POSSIBLE,NONE,Bangladesh-filtered GSC page/query export required
allot,https://ovidhan.net/word/allot.html,AUTO_PROTECTED,Batch 1,0,0,GLOBAL AGGREGATE — FRANCE CONTAMINATION POSSIBLE,NONE,Bangladesh-filtered GSC page/query export required
allow,https://ovidhan.net/word/allow.html,AUTO_PROTECTED,Batch 1,0,0,GLOBAL AGGREGATE — FRANCE CONTAMINATION POSSIBLE,NONE,Bangladesh-filtered GSC page/query export required
allowed,https://ovidhan.net/word/allowed.html,AUTO_PROTECTED,Batch 1,0,0,GLOBAL AGGREGATE — FRANCE CONTAMINATION POSSIBLE,NONE,Bangladesh-filtered GSC page/query export required
allowing,https://ovidhan.net/word/allowing.html,AUTO_PROTECTED,Batch 1,0,0,GLOBAL AGGREGATE — FRANCE CONTAMINATION POSSIBLE,NONE,Bangladesh-filtered GSC page/query export required
allows,https://ovidhan.net/word/allows.html,AUTO_PROTECTED,Batch 1,0,0,GLOBAL AGGREGATE — FRANCE CONTAMINATION POSSIBLE,NONE,Bangladesh-filtered GSC page/query export required
allude,https://ovidhan.net/word/allude.html,AUTO_PROTECTED,Batch 1,0,0,GLOBAL AGGREGATE — FRANCE CONTAMINATION POSSIBLE,NONE,Bangladesh-filtered GSC page/query export required
allure,https://ovidhan.net/word/allure.html,AUTO_PROTECTED,Batch 1,0,0,GLOBAL AGGREGATE — FRANCE CONTAMINATION POSSIBLE,NONE,Bangladesh-filtered GSC page/query export required
ally,https://ovidhan.net/word/ally.html,AUTO_PROTECTED,Batch 1,0,0,GLOBAL AGGREGATE — FRANCE CONTAMINATION POSSIBLE,NONE,Bangladesh-filtered GSC page/query export required
almighty,https://ovidhan.net/word/almighty.html,AUTO_PROTECTED,Batch 1,0,0,GLOBAL AGGREGATE — FRANCE CONTAMINATION POSSIBLE,NONE,Bangladesh-filtered GSC page/query export required
almost,https://ovidhan.net/word/almost.html,AUTO_PROTECTED,Batch 1,0,0,GLOBAL AGGREGATE — FRANCE CONTAMINATION POSSIBLE,NONE,Bangladesh-filtered GSC page/query export required
aloft,https://ovidhan.net/word/aloft.html,AUTO_PROTECTED,Batch 1,0,0,GLOBAL AGGREGATE — FRANCE CONTAMINATION POSSIBLE,NONE,Bangladesh-filtered GSC page/query export required
alone,https://ovidhan.net/word/alone.html,AUTO_PROTECTED,Batch 1,0,0,GLOBAL AGGREGATE — FRANCE CONTAMINATION POSSIBLE,NONE,Bangladesh-filtered GSC page/query export required
along,https://ovidhan.net/word/along.html,AUTO_PROTECTED,Batch 1,0,0,GLOBAL AGGREGATE — FRANCE CONTAMINATION POSSIBLE,NONE,Bangladesh-filtered GSC page/query export required
alongside,https://ovidhan.net/word/alongside.html,AUTO_PROTECTED,Batch 1,0,0,GLOBAL AGGREGATE — FRANCE CONTAMINATION POSSIBLE,NONE,Bangladesh-filtered GSC page/query export required
alpha,https://ovidhan.net/word/alpha.html,AUTO_PROTECTED,Batch 1,0,0,GLOBAL AGGREGATE — FRANCE CONTAMINATION POSSIBLE,NONE,Bangladesh-filtered GSC page/query export required
alphabet,https://ovidhan.net/word/alphabet.html,AUTO_PROTECTED,Batch 1,0,0,GLOBAL AGGREGATE — FRANCE CONTAMINATION POSSIBLE,NONE,Bangladesh-filtered GSC page/query export required
already,https://ovidhan.net/word/already.html,AUTO_PROTECTED,Batch 1,0,0,GLOBAL AGGREGATE — FRANCE CONTAMINATION POSSIBLE,NONE,Bangladesh-filtered GSC page/query export required
also,https://ovidhan.net/word/also.html,AUTO_PROTECTED,Batch 1,0,0,GLOBAL AGGREGATE — FRANCE CONTAMINATION POSSIBLE,NONE,Bangladesh-filtered GSC page/query export required
altar,https://ovidhan.net/word/altar.html,AUTO_PROTECTED,Batch 1,0,0,GLOBAL AGGREGATE — FRANCE CONTAMINATION POSSIBLE,NONE,Bangladesh-filtered GSC page/query export required
alter,https://ovidhan.net/word/alter.html,AUTO_PROTECTED,Batch 1,0,0,GLOBAL AGGREGATE — FRANCE CONTAMINATION POSSIBLE,NONE,Bangladesh-filtered GSC page/query export required
alternate,https://ovidhan.net/word/alternate.html,AUTO_PROTECTED,Batch 1,0,0,GLOBAL AGGREGATE — FRANCE CONTAMINATION POSSIBLE,NONE,Bangladesh-filtered GSC page/query export required
alternative,https://ovidhan.net/word/alternative.html,AUTO_PROTECTED,Batch 1,0,0,GLOBAL AGGREGATE — FRANCE CONTAMINATION POSSIBLE,NONE,Bangladesh-filtered GSC page/query export required
although,https://ovidhan.net/word/although.html,AUTO_PROTECTED,Batch 1,0,0,GLOBAL AGGREGATE — FRANCE CONTAMINATION POSSIBLE,NONE,Bangladesh-filtered GSC page/query export required
altitude,https://ovidhan.net/word/altitude.html,AUTO_PROTECTED,Batch 1,0,0,GLOBAL AGGREGATE — FRANCE CONTAMINATION POSSIBLE,NONE,Bangladesh-filtered GSC page/query export required
altruism,https://ovidhan.net/word/altruism.html,AUTO_PROTECTED,Batch 1,0,0,GLOBAL AGGREGATE — FRANCE CONTAMINATION POSSIBLE,NONE,Bangladesh-filtered GSC page/query export required
aluminum,https://ovidhan.net/word/aluminum.html,AUTO_PROTECTED,Batch 1,0,0,GLOBAL AGGREGATE — FRANCE CONTAMINATION POSSIBLE,NONE,Bangladesh-filtered GSC page/query export required
alumni,https://ovidhan.net/word/alumni.html,AUTO_PROTECTED,Batch 1,0,0,GLOBAL AGGREGATE — FRANCE CONTAMINATION POSSIBLE,NONE,Bangladesh-filtered GSC page/query export required
always,https://ovidhan.net/word/always.html,AUTO_PROTECTED,Batch 1,0,0,GLOBAL AGGREGATE — FRANCE CONTAMINATION POSSIBLE,NONE,Bangladesh-filtered GSC page/query export required
am,https://ovidhan.net/word/am.html,AUTO_PROTECTED,Batch 1,0,0,GLOBAL AGGREGATE — FRANCE CONTAMINATION POSSIBLE,NONE,Bangladesh-filtered GSC page/query export required
amalgamate,https://ovidhan.net/word/amalgamate.html,AUTO_PROTECTED,Batch 1,0,0,GLOBAL AGGREGATE — FRANCE CONTAMINATION POSSIBLE,NONE,Bangladesh-filtered GSC page/query export required
amass,https://ovidhan.net/word/amass.html,AUTO_PROTECTED,Batch 1,0,0,GLOBAL AGGREGATE — FRANCE CONTAMINATION POSSIBLE,NONE,Bangladesh-filtered GSC page/query export required
amateur,https://ovidhan.net/word/amateur.html,AUTO_PROTECTED,Batch 1,0,0,GLOBAL AGGREGATE — FRANCE CONTAMINATION POSSIBLE,NONE,Bangladesh-filtered GSC page/query export required
amaze,https://ovidhan.net/word/amaze.html,AUTO_PROTECTED,Batch 1,0,0,GLOBAL AGGREGATE — FRANCE CONTAMINATION POSSIBLE,NONE,Bangladesh-filtered GSC page/query export required
amazing,https://ovidhan.net/word/amazing.html,AUTO_PROTECTED,Batch 1,0,0,GLOBAL AGGREGATE — FRANCE CONTAMINATION POSSIBLE,NONE,Bangladesh-filtered GSC page/query export required
amazon,https://ovidhan.net/word/amazon.html,AUTO_PROTECTED,Batch 1,0,0,GLOBAL AGGREGATE — FRANCE CONTAMINATION POSSIBLE,NONE,Bangladesh-filtered GSC page/query export required
ambassador,https://ovidhan.net/word/ambassador.html,AUTO_PROTECTED,Batch 1,0,0,GLOBAL AGGREGATE — FRANCE CONTAMINATION POSSIBLE,NONE,Bangladesh-filtered GSC page/query export required
amber,https://ovidhan.net/word/amber.html,AUTO_PROTECTED,Batch 1,0,0,GLOBAL AGGREGATE — FRANCE CONTAMINATION POSSIBLE,NONE,Bangladesh-filtered GSC page/query export required
ambiance,https://ovidhan.net/word/ambiance.html,AUTO_PROTECTED,Batch 1,0,0,GLOBAL AGGREGATE — FRANCE CONTAMINATION POSSIBLE,NONE,Bangladesh-filtered GSC page/query export required
ambidextrous,https://ovidhan.net/word/ambidextrous.html,AUTO_PROTECTED,Batch 1,0,10,GLOBAL AGGREGATE — FRANCE CONTAMINATION POSSIBLE,LOW,Bangladesh-filtered GSC page/query export required
ambient,https://ovidhan.net/word/ambient.html,AUTO_PROTECTED,Batch 1,0,0,GLOBAL AGGREGATE — FRANCE CONTAMINATION POSSIBLE,NONE,Bangladesh-filtered GSC page/query export required
ambiguous,https://ovidhan.net/word/ambiguous.html,AUTO_PROTECTED,Batch 1,0,0,GLOBAL AGGREGATE — FRANCE CONTAMINATION POSSIBLE,NONE,Bangladesh-filtered GSC page/query export required
ambition,https://ovidhan.net/word/ambition.html,AUTO_PROTECTED,Batch 1,0,0,GLOBAL AGGREGATE — FRANCE CONTAMINATION POSSIBLE,NONE,Bangladesh-filtered GSC page/query export required
ambitious,https://ovidhan.net/word/ambitious.html,AUTO_PROTECTED,Batch 1,0,0,GLOBAL AGGREGATE — FRANCE CONTAMINATION POSSIBLE,NONE,Bangladesh-filtered GSC page/query export required
ambivalent,https://ovidhan.net/word/ambivalent.html,AUTO_PROTECTED,Batch 1,0,0,GLOBAL AGGREGATE — FRANCE CONTAMINATION POSSIBLE,NONE,Bangladesh-filtered GSC page/query export required
ambulance,https://ovidhan.net/word/ambulance.html,AUTO_PROTECTED,Batch 1,0,0,GLOBAL AGGREGATE — FRANCE CONTAMINATION POSSIBLE,NONE,Bangladesh-filtered GSC page/query export required
amd,https://ovidhan.net/word/amd.html,AUTO_PROTECTED,Batch 1,0,0,GLOBAL AGGREGATE — FRANCE CONTAMINATION POSSIBLE,NONE,Bangladesh-filtered GSC page/query export required
ameliorate,https://ovidhan.net/word/ameliorate.html,AUTO_PROTECTED,Batch 1,0,0,GLOBAL AGGREGATE — FRANCE CONTAMINATION POSSIBLE,NONE,Bangladesh-filtered GSC page/query export required
amend,https://ovidhan.net/word/amend.html,AUTO_PROTECTED,Batch 1,0,0,GLOBAL AGGREGATE — FRANCE CONTAMINATION POSSIBLE,NONE,Bangladesh-filtered GSC page/query export required
amended,https://ovidhan.net/word/amended.html,AUTO_PROTECTED,Batch 1,0,0,GLOBAL AGGREGATE — FRANCE CONTAMINATION POSSIBLE,NONE,Bangladesh-filtered GSC page/query export required
amendment,https://ovidhan.net/word/amendment.html,AUTO_PROTECTED,Batch 1,0,0,GLOBAL AGGREGATE — FRANCE CONTAMINATION POSSIBLE,NONE,Bangladesh-filtered GSC page/query export required
america,https://ovidhan.net/word/america.html,AUTO_PROTECTED,Batch 1,0,0,GLOBAL AGGREGATE — FRANCE CONTAMINATION POSSIBLE,NONE,Bangladesh-filtered GSC page/query export required
american,https://ovidhan.net/word/american.html,AUTO_PROTECTED,Batch 1,0,0,GLOBAL AGGREGATE — FRANCE CONTAMINATION POSSIBLE,NONE,Bangladesh-filtered GSC page/query export required
americans,https://ovidhan.net/word/americans.html,AUTO_PROTECTED,Batch 1,0,0,GLOBAL AGGREGATE — FRANCE CONTAMINATION POSSIBLE,NONE,Bangladesh-filtered GSC page/query export required
amiable,https://ovidhan.net/word/amiable.html,AUTO_PROTECTED,Batch 1,0,0,GLOBAL AGGREGATE — FRANCE CONTAMINATION POSSIBLE,NONE,Bangladesh-filtered GSC page/query export required
ammunition,https://ovidhan.net/word/ammunition.html,AUTO_PROTECTED,Batch 1,0,0,GLOBAL AGGREGATE — FRANCE CONTAMINATION POSSIBLE,NONE,Bangladesh-filtered GSC page/query export required
amnesty,https://ovidhan.net/word/amnesty.html,AUTO_PROTECTED,Batch 1,0,0,GLOBAL AGGREGATE — FRANCE CONTAMINATION POSSIBLE,NONE,Bangladesh-filtered GSC page/query export required
among,https://ovidhan.net/word/among.html,AUTO_PROTECTED,Batch 1,0,0,GLOBAL AGGREGATE — FRANCE CONTAMINATION POSSIBLE,NONE,Bangladesh-filtered GSC page/query export required
amorous,https://ovidhan.net/word/amorous.html,AUTO_PROTECTED,Batch 1,0,0,GLOBAL AGGREGATE — FRANCE CONTAMINATION POSSIBLE,NONE,Bangladesh-filtered GSC page/query export required
amortization,https://ovidhan.net/word/amortization.html,AUTO_PROTECTED,Batch 1,0,0,GLOBAL AGGREGATE — FRANCE CONTAMINATION POSSIBLE,NONE,Bangladesh-filtered GSC page/query export required
amount,https://ovidhan.net/word/amount.html,AUTO_PROTECTED,Batch 1,0,0,GLOBAL AGGREGATE — FRANCE CONTAMINATION POSSIBLE,NONE,Bangladesh-filtered GSC page/query export required
amounts,https://ovidhan.net/word/amounts.html,AUTO_PROTECTED,Batch 1,0,0,GLOBAL AGGREGATE — FRANCE CONTAMINATION POSSIBLE,NONE,Bangladesh-filtered GSC page/query export required
amp,https://ovidhan.net/word/amp.html,AUTO_PROTECTED,Batch 1,0,0,GLOBAL AGGREGATE — FRANCE CONTAMINATION POSSIBLE,NONE,Bangladesh-filtered GSC page/query export required
amplification,https://ovidhan.net/word/amplification.html,AUTO_PROTECTED,Batch 1,0,0,GLOBAL AGGREGATE — FRANCE CONTAMINATION POSSIBLE,NONE,Bangladesh-filtered GSC page/query export required
amplify,https://ovidhan.net/word/amplify.html,AUTO_PROTECTED,Batch 1,0,0,GLOBAL AGGREGATE — FRANCE CONTAMINATION POSSIBLE,NONE,Bangladesh-filtered GSC page/query export required
amputate,https://ovidhan.net/word/amputate.html,AUTO_PROTECTED,Batch 1,0,0,GLOBAL AGGREGATE — FRANCE CONTAMINATION POSSIBLE,NONE,Bangladesh-filtered GSC page/query export required
amsterdam,https://ovidhan.net/word/amsterdam.html,AUTO_PROTECTED,Batch 1,0,0,GLOBAL AGGREGATE — FRANCE CONTAMINATION POSSIBLE,NONE,Bangladesh-filtered GSC page/query export required
amulet,https://ovidhan.net/word/amulet.html,AUTO_PROTECTED,Batch 1,0,0,GLOBAL AGGREGATE — FRANCE CONTAMINATION POSSIBLE,NONE,Bangladesh-filtered GSC page/query export required
amuse,https://ovidhan.net/word/amuse.html,AUTO_PROTECTED,Batch 1,0,0,GLOBAL AGGREGATE — FRANCE CONTAMINATION POSSIBLE,NONE,Bangladesh-filtered GSC page/query export required
an,https://ovidhan.net/word/an.html,AUTO_PROTECTED,Batch 1,0,0,GLOBAL AGGREGATE — FRANCE CONTAMINATION POSSIBLE,NONE,Bangladesh-filtered GSC page/query export required
anachronism,https://ovidhan.net/word/anachronism.html,AUTO_PROTECTED,Batch 1,0,0,GLOBAL AGGREGATE — FRANCE CONTAMINATION POSSIBLE,NONE,Bangladesh-filtered GSC page/query export required
anal,https://ovidhan.net/word/anal.html,AUTO_PROTECTED,Batch 1,0,0,GLOBAL AGGREGATE — FRANCE CONTAMINATION POSSIBLE,NONE,Bangladesh-filtered GSC page/query export required
analogous,https://ovidhan.net/word/analogous.html,AUTO_PROTECTED,Batch 1,0,0,GLOBAL AGGREGATE — FRANCE CONTAMINATION POSSIBLE,NONE,Bangladesh-filtered GSC page/query export required
analogy,https://ovidhan.net/word/analogy.html,AUTO_PROTECTED,Batch 1,0,0,GLOBAL AGGREGATE — FRANCE CONTAMINATION POSSIBLE,NONE,Bangladesh-filtered GSC page/query export required
analyse,https://ovidhan.net/word/analyse.html,AUTO_PROTECTED,Batch 1,0,0,GLOBAL AGGREGATE — FRANCE CONTAMINATION POSSIBLE,NONE,Bangladesh-filtered GSC page/query export required
analysis,https://ovidhan.net/word/analysis.html,AUTO_PROTECTED,Batch 1,0,0,GLOBAL AGGREGATE — FRANCE CONTAMINATION POSSIBLE,NONE,Bangladesh-filtered GSC page/query export required
analyst,https://ovidhan.net/word/analyst.html,AUTO_PROTECTED,Batch 1,0,0,GLOBAL AGGREGATE — FRANCE CONTAMINATION POSSIBLE,NONE,Bangladesh-filtered GSC page/query export required
analyze,https://ovidhan.net/word/analyze.html,AUTO_PROTECTED,Batch 1,0,0,GLOBAL AGGREGATE — FRANCE CONTAMINATION POSSIBLE,NONE,Bangladesh-filtered GSC page/query export required
anarchy,https://ovidhan.net/word/anarchy.html,AUTO_PROTECTED,Batch 1,0,0,GLOBAL AGGREGATE — FRANCE CONTAMINATION POSSIBLE,NONE,Bangladesh-filtered GSC page/query export required
anatomy,https://ovidhan.net/word/anatomy.html,AUTO_PROTECTED,Batch 1,0,0,GLOBAL AGGREGATE — FRANCE CONTAMINATION POSSIBLE,NONE,Bangladesh-filtered GSC page/query export required
ancestor,https://ovidhan.net/word/ancestor.html,AUTO_PROTECTED,Batch 1,0,0,GLOBAL AGGREGATE — FRANCE CONTAMINATION POSSIBLE,NONE,Bangladesh-filtered GSC page/query export required
anchor,https://ovidhan.net/word/anchor.html,AUTO_PROTECTED,Batch 1,0,0,GLOBAL AGGREGATE — FRANCE CONTAMINATION POSSIBLE,NONE,Bangladesh-filtered GSC page/query export required
ancient,https://ovidhan.net/word/ancient.html,AUTO_PROTECTED,Batch 1,0,0,GLOBAL AGGREGATE — FRANCE CONTAMINATION POSSIBLE,NONE,Bangladesh-filtered GSC page/query export required
and,https://ovidhan.net/word/and.html,AUTO_PROTECTED,Batch 1,0,0,GLOBAL AGGREGATE — FRANCE CONTAMINATION POSSIBLE,NONE,Bangladesh-filtered GSC page/query export required
anderson,https://ovidhan.net/word/anderson.html,AUTO_PROTECTED,Batch 1,0,0,GLOBAL AGGREGATE — FRANCE CONTAMINATION POSSIBLE,NONE,Bangladesh-filtered GSC page/query export required
andrew,https://ovidhan.net/word/andrew.html,AUTO_PROTECTED,Batch 1,0,0,GLOBAL AGGREGATE — FRANCE CONTAMINATION POSSIBLE,NONE,Bangladesh-filtered GSC page/query export required
android,https://ovidhan.net/word/android.html,AUTO_PROTECTED,Batch 1,0,0,GLOBAL AGGREGATE — FRANCE CONTAMINATION POSSIBLE,NONE,Bangladesh-filtered GSC page/query export required
andy,https://ovidhan.net/word/andy.html,AUTO_PROTECTED,Batch 1,0,0,GLOBAL AGGREGATE — FRANCE CONTAMINATION POSSIBLE,NONE,Bangladesh-filtered GSC page/query export required
anecdotal,https://ovidhan.net/word/anecdotal.html,AUTO_PROTECTED,Batch 1,0,0,GLOBAL AGGREGATE — FRANCE CONTAMINATION POSSIBLE,NONE,Bangladesh-filtered GSC page/query export required
anecdote,https://ovidhan.net/word/anecdote.html,AUTO_PROTECTED,Batch 1,0,0,GLOBAL AGGREGATE — FRANCE CONTAMINATION POSSIBLE,NONE,Bangladesh-filtered GSC page/query export required
angel,https://ovidhan.net/word/angel.html,AUTO_PROTECTED,Batch 1,0,0,GLOBAL AGGREGATE — FRANCE CONTAMINATION POSSIBLE,NONE,Bangladesh-filtered GSC page/query export required
angeles,https://ovidhan.net/word/angeles.html,AUTO_PROTECTED,Batch 1,0,0,GLOBAL AGGREGATE — FRANCE CONTAMINATION POSSIBLE,NONE,Bangladesh-filtered GSC page/query export required
angels,https://ovidhan.net/word/angels.html,AUTO_PROTECTED,Batch 1,0,0,GLOBAL AGGREGATE — FRANCE CONTAMINATION POSSIBLE,NONE,Bangladesh-filtered GSC page/query export required
anger,https://ovidhan.net/word/anger.html,AUTO_PROTECTED,Batch 1,0,0,GLOBAL AGGREGATE — FRANCE CONTAMINATION POSSIBLE,NONE,Bangladesh-filtered GSC page/query export required
angle,https://ovidhan.net/word/angle.html,AUTO_PROTECTED,Batch 1,0,0,GLOBAL AGGREGATE — FRANCE CONTAMINATION POSSIBLE,NONE,Bangladesh-filtered GSC page/query export required
angry,https://ovidhan.net/word/angry.html,AUTO_PROTECTED,Batch 1,0,0,GLOBAL AGGREGATE — FRANCE CONTAMINATION POSSIBLE,NONE,Bangladesh-filtered GSC page/query export required
anguish,https://ovidhan.net/word/anguish.html,AUTO_PROTECTED,Batch 1,0,0,GLOBAL AGGREGATE — FRANCE CONTAMINATION POSSIBLE,NONE,Bangladesh-filtered GSC page/query export required
animal,https://ovidhan.net/word/animal.html,AUTO_PROTECTED,Batch 1,0,0,GLOBAL AGGREGATE — FRANCE CONTAMINATION POSSIBLE,NONE,Bangladesh-filtered GSC page/query export required
animals,https://ovidhan.net/word/animals.html,AUTO_PROTECTED,Batch 1,0,0,GLOBAL AGGREGATE — FRANCE CONTAMINATION POSSIBLE,NONE,Bangladesh-filtered GSC page/query export required
animate,https://ovidhan.net/word/animate.html,AUTO_PROTECTED,Batch 1,0,0,GLOBAL AGGREGATE — FRANCE CONTAMINATION POSSIBLE,NONE,Bangladesh-filtered GSC page/query export required
animation,https://ovidhan.net/word/animation.html,AUTO_PROTECTED,Batch 1,0,0,GLOBAL AGGREGATE — FRANCE CONTAMINATION POSSIBLE,NONE,Bangladesh-filtered GSC page/query export required
anime,https://ovidhan.net/word/anime.html,AUTO_PROTECTED,Batch 1,0,0,GLOBAL AGGREGATE — FRANCE CONTAMINATION POSSIBLE,NONE,Bangladesh-filtered GSC page/query export required
animosity,https://ovidhan.net/word/animosity.html,AUTO_PROTECTED,Batch 1,0,0,GLOBAL AGGREGATE — FRANCE CONTAMINATION POSSIBLE,NONE,Bangladesh-filtered GSC page/query export required
ann,https://ovidhan.net/word/ann.html,AUTO_PROTECTED,Batch 1,0,0,GLOBAL AGGREGATE — FRANCE CONTAMINATION POSSIBLE,NONE,Bangladesh-filtered GSC page/query export required
anna,https://ovidhan.net/word/anna.html,AUTO_PROTECTED,Batch 1,0,0,GLOBAL AGGREGATE — FRANCE CONTAMINATION POSSIBLE,NONE,Bangladesh-filtered GSC page/query export required
annals,https://ovidhan.net/word/annals.html,AUTO_PROTECTED,Batch 1,0,0,GLOBAL AGGREGATE — FRANCE CONTAMINATION POSSIBLE,NONE,Bangladesh-filtered GSC page/query export required
anne,https://ovidhan.net/word/anne.html,AUTO_PROTECTED,Batch 1,0,0,GLOBAL AGGREGATE — FRANCE CONTAMINATION POSSIBLE,NONE,Bangladesh-filtered GSC page/query export required
annex,https://ovidhan.net/word/annex.html,AUTO_PROTECTED,Batch 1,0,0,GLOBAL AGGREGATE — FRANCE CONTAMINATION POSSIBLE,NONE,Bangladesh-filtered GSC page/query export required
annexure,https://ovidhan.net/word/annexure.html,AUTO_PROTECTED,Batch 1,0,0,GLOBAL AGGREGATE — FRANCE CONTAMINATION POSSIBLE,NONE,Bangladesh-filtered GSC page/query export required
annihilate,https://ovidhan.net/word/annihilate.html,AUTO_PROTECTED,Batch 1,0,0,GLOBAL AGGREGATE — FRANCE CONTAMINATION POSSIBLE,NONE,Bangladesh-filtered GSC page/query export required
anniversary,https://ovidhan.net/word/anniversary.html,AUTO_PROTECTED,Batch 1,0,0,GLOBAL AGGREGATE — FRANCE CONTAMINATION POSSIBLE,NONE,Bangladesh-filtered GSC page/query export required
annotate,https://ovidhan.net/word/annotate.html,AUTO_PROTECTED,Batch 1,0,0,GLOBAL AGGREGATE — FRANCE CONTAMINATION POSSIBLE,NONE,Bangladesh-filtered GSC page/query export required
annotation,https://ovidhan.net/word/annotation.html,AUTO_PROTECTED,Batch 1,0,0,GLOBAL AGGREGATE — FRANCE CONTAMINATION POSSIBLE,NONE,Bangladesh-filtered GSC page/query export required
announce,https://ovidhan.net/word/announce.html,AUTO_PROTECTED,Batch 1,0,0,GLOBAL AGGREGATE — FRANCE CONTAMINATION POSSIBLE,NONE,Bangladesh-filtered GSC page/query export required
announced,https://ovidhan.net/word/announced.html,AUTO_PROTECTED,Batch 1,0,0,GLOBAL AGGREGATE — FRANCE CONTAMINATION POSSIBLE,NONE,Bangladesh-filtered GSC page/query export required
announcement,https://ovidhan.net/word/announcement.html,AUTO_PROTECTED,Batch 1,0,0,GLOBAL AGGREGATE — FRANCE CONTAMINATION POSSIBLE,NONE,Bangladesh-filtered GSC page/query export required
announcements,https://ovidhan.net/word/announcements.html,AUTO_PROTECTED,Batch 1,0,0,GLOBAL AGGREGATE — FRANCE CONTAMINATION POSSIBLE,NONE,Bangladesh-filtered GSC page/query export required
annoy,https://ovidhan.net/word/annoy.html,AUTO_PROTECTED,Batch 1,0,0,GLOBAL AGGREGATE — FRANCE CONTAMINATION POSSIBLE,NONE,Bangladesh-filtered GSC page/query export required
annual,https://ovidhan.net/word/annual.html,AUTO_PROTECTED,Batch 1,0,0,GLOBAL AGGREGATE — FRANCE CONTAMINATION POSSIBLE,NONE,Bangladesh-filtered GSC page/query export required
annul,https://ovidhan.net/word/annul.html,AUTO_PROTECTED,Batch 1,0,0,GLOBAL AGGREGATE — FRANCE CONTAMINATION POSSIBLE,NONE,Bangladesh-filtered GSC page/query export required
anomaly,https://ovidhan.net/word/anomaly.html,AUTO_PROTECTED,Batch 1,0,0,GLOBAL AGGREGATE — FRANCE CONTAMINATION POSSIBLE,NONE,Bangladesh-filtered GSC page/query export required
anonymous,https://ovidhan.net/word/anonymous.html,AUTO_PROTECTED,Batch 1,0,0,GLOBAL AGGREGATE — FRANCE CONTAMINATION POSSIBLE,NONE,Bangladesh-filtered GSC page/query export required
another,https://ovidhan.net/word/another.html,AUTO_PROTECTED,Batch 1,0,0,GLOBAL AGGREGATE — FRANCE CONTAMINATION POSSIBLE,NONE,Bangladesh-filtered GSC page/query export required
answer,https://ovidhan.net/word/answer.html,AUTO_PROTECTED,Batch 1,0,0,GLOBAL AGGREGATE — FRANCE CONTAMINATION POSSIBLE,NONE,Bangladesh-filtered GSC page/query export required
answers,https://ovidhan.net/word/answers.html,AUTO_PROTECTED,Batch 1,0,0,GLOBAL AGGREGATE — FRANCE CONTAMINATION POSSIBLE,NONE,Bangladesh-filtered GSC page/query export required
antagonist,https://ovidhan.net/word/antagonist.html,AUTO_PROTECTED,Batch 1,0,0,GLOBAL AGGREGATE — FRANCE CONTAMINATION POSSIBLE,NONE,Bangladesh-filtered GSC page/query export required
antagonize,https://ovidhan.net/word/antagonize.html,AUTO_PROTECTED,Batch 1,0,0,GLOBAL AGGREGATE — FRANCE CONTAMINATION POSSIBLE,NONE,Bangladesh-filtered GSC page/query export required
antarctic,https://ovidhan.net/word/antarctic.html,AUTO_PROTECTED,Batch 1,0,0,GLOBAL AGGREGATE — FRANCE CONTAMINATION POSSIBLE,NONE,Bangladesh-filtered GSC page/query export required
antenna,https://ovidhan.net/word/antenna.html,AUTO_PROTECTED,Batch 1,0,0,GLOBAL AGGREGATE — FRANCE CONTAMINATION POSSIBLE,NONE,Bangladesh-filtered GSC page/query export required
anthem,https://ovidhan.net/word/anthem.html,AUTO_PROTECTED,Batch 1,0,0,GLOBAL AGGREGATE — FRANCE CONTAMINATION POSSIBLE,NONE,Bangladesh-filtered GSC page/query export required
anthology,https://ovidhan.net/word/anthology.html,AUTO_PROTECTED,Batch 1,0,0,GLOBAL AGGREGATE — FRANCE CONTAMINATION POSSIBLE,NONE,Bangladesh-filtered GSC page/query export required
anthony,https://ovidhan.net/word/anthony.html,AUTO_PROTECTED,Batch 1,0,0,GLOBAL AGGREGATE — FRANCE CONTAMINATION POSSIBLE,NONE,Bangladesh-filtered GSC page/query export required
anthropology,https://ovidhan.net/word/anthropology.html,AUTO_PROTECTED,Batch 1,0,0,GLOBAL AGGREGATE — FRANCE CONTAMINATION POSSIBLE,NONE,Bangladesh-filtered GSC page/query export required
anti,https://ovidhan.net/word/anti.html,AUTO_PROTECTED,Batch 1,0,0,GLOBAL AGGREGATE — FRANCE CONTAMINATION POSSIBLE,NONE,Bangladesh-filtered GSC page/query export required
anticipate,https://ovidhan.net/word/anticipate.html,AUTO_PROTECTED,Batch 1,0,0,GLOBAL AGGREGATE — FRANCE CONTAMINATION POSSIBLE,NONE,Bangladesh-filtered GSC page/query export required
antidote,https://ovidhan.net/word/antidote.html,AUTO_PROTECTED,Batch 1,0,0,GLOBAL AGGREGATE — FRANCE CONTAMINATION POSSIBLE,NONE,Bangladesh-filtered GSC page/query export required
antique,https://ovidhan.net/word/antique.html,AUTO_PROTECTED,Batch 1,0,0,GLOBAL AGGREGATE — FRANCE CONTAMINATION POSSIBLE,NONE,Bangladesh-filtered GSC page/query export required
antiques,https://ovidhan.net/word/antiques.html,AUTO_PROTECTED,Batch 1,0,0,GLOBAL AGGREGATE — FRANCE CONTAMINATION POSSIBLE,NONE,Bangladesh-filtered GSC page/query export required
antithesis,https://ovidhan.net/word/antithesis.html,AUTO_PROTECTED,Batch 1,0,0,GLOBAL AGGREGATE — FRANCE CONTAMINATION POSSIBLE,NONE,Bangladesh-filtered GSC page/query export required
antonio,https://ovidhan.net/word/antonio.html,AUTO_PROTECTED,Batch 1,0,0,GLOBAL AGGREGATE — FRANCE CONTAMINATION POSSIBLE,NONE,Bangladesh-filtered GSC page/query export required
antonym,https://ovidhan.net/word/antonym.html,AUTO_PROTECTED,Batch 1,0,0,GLOBAL AGGREGATE — FRANCE CONTAMINATION POSSIBLE,NONE,Bangladesh-filtered GSC page/query export required
anxiety,https://ovidhan.net/word/anxiety.html,AUTO_PROTECTED,Batch 1,0,0,GLOBAL AGGREGATE — FRANCE CONTAMINATION POSSIBLE,NONE,Bangladesh-filtered GSC page/query export required
anxious,https://ovidhan.net/word/anxious.html,AUTO_PROTECTED,Batch 1,0,0,GLOBAL AGGREGATE — FRANCE CONTAMINATION POSSIBLE,NONE,Bangladesh-filtered GSC page/query export required
any,https://ovidhan.net/word/any.html,AUTO_PROTECTED,Batch 1,0,0,GLOBAL AGGREGATE — FRANCE CONTAMINATION POSSIBLE,NONE,Bangladesh-filtered GSC page/query export required
anyone,https://ovidhan.net/word/anyone.html,AUTO_PROTECTED,Batch 1,0,0,GLOBAL AGGREGATE — FRANCE CONTAMINATION POSSIBLE,NONE,Bangladesh-filtered GSC page/query export required
anything,https://ovidhan.net/word/anything.html,AUTO_PROTECTED,Batch 1,0,0,GLOBAL AGGREGATE — FRANCE CONTAMINATION POSSIBLE,NONE,Bangladesh-filtered GSC page/query export required
anytime,https://ovidhan.net/word/anytime.html,AUTO_PROTECTED,Batch 1,0,0,GLOBAL AGGREGATE — FRANCE CONTAMINATION POSSIBLE,NONE,Bangladesh-filtered GSC page/query export required
anyway,https://ovidhan.net/word/anyway.html,AUTO_PROTECTED,Batch 1,0,0,GLOBAL AGGREGATE — FRANCE CONTAMINATION POSSIBLE,NONE,Bangladesh-filtered GSC page/query export required
anywhere,https://ovidhan.net/word/anywhere.html,AUTO_PROTECTED,Batch 1,0,0,GLOBAL AGGREGATE — FRANCE CONTAMINATION POSSIBLE,NONE,Bangladesh-filtered GSC page/query export required
aol,https://ovidhan.net/word/aol.html,AUTO_PROTECTED,Batch 1,0,0,GLOBAL AGGREGATE — FRANCE CONTAMINATION POSSIBLE,NONE,Bangladesh-filtered GSC page/query export required
ap,https://ovidhan.net/word/ap.html,AUTO_PROTECTED,Batch 1,0,0,GLOBAL AGGREGATE — FRANCE CONTAMINATION POSSIBLE,NONE,Bangladesh-filtered GSC page/query export required
apache,https://ovidhan.net/word/apache.html,AUTO_PROTECTED,Batch 1,0,0,GLOBAL AGGREGATE — FRANCE CONTAMINATION POSSIBLE,NONE,Bangladesh-filtered GSC page/query export required
apart,https://ovidhan.net/word/apart.html,AUTO_PROTECTED,Batch 1,0,0,GLOBAL AGGREGATE — FRANCE CONTAMINATION POSSIBLE,NONE,Bangladesh-filtered GSC page/query export required
apartheid,https://ovidhan.net/word/apartheid.html,AUTO_PROTECTED,Batch 1,0,0,GLOBAL AGGREGATE — FRANCE CONTAMINATION POSSIBLE,NONE,Bangladesh-filtered GSC page/query export required
apartment,https://ovidhan.net/word/apartment.html,AUTO_PROTECTED,Batch 1,0,0,GLOBAL AGGREGATE — FRANCE CONTAMINATION POSSIBLE,NONE,Bangladesh-filtered GSC page/query export required
apartments,https://ovidhan.net/word/apartments.html,AUTO_PROTECTED,Batch 1,0,0,GLOBAL AGGREGATE — FRANCE CONTAMINATION POSSIBLE,NONE,Bangladesh-filtered GSC page/query export required
apathetic,https://ovidhan.net/word/apathetic.html,AUTO_PROTECTED,Batch 1,0,0,GLOBAL AGGREGATE — FRANCE CONTAMINATION POSSIBLE,NONE,Bangladesh-filtered GSC page/query export required
apathy,https://ovidhan.net/word/apathy.html,AUTO_PROTECTED,Batch 1,0,0,GLOBAL AGGREGATE — FRANCE CONTAMINATION POSSIBLE,NONE,Bangladesh-filtered GSC page/query export required
apex,https://ovidhan.net/word/apex.html,AUTO_PROTECTED,Batch 1,0,0,GLOBAL AGGREGATE — FRANCE CONTAMINATION POSSIBLE,NONE,Bangladesh-filtered GSC page/query export required
api,https://ovidhan.net/word/api.html,AUTO_PROTECTED,Batch 1,0,0,GLOBAL AGGREGATE — FRANCE CONTAMINATION POSSIBLE,NONE,Bangladesh-filtered GSC page/query export required
apocalypse,https://ovidhan.net/word/apocalypse.html,AUTO_PROTECTED,Batch 1,0,0,GLOBAL AGGREGATE — FRANCE CONTAMINATION POSSIBLE,NONE,Bangladesh-filtered GSC page/query export required
apology,https://ovidhan.net/word/apology.html,AUTO_PROTECTED,Batch 1,0,0,GLOBAL AGGREGATE — FRANCE CONTAMINATION POSSIBLE,NONE,Bangladesh-filtered GSC page/query export required
apostasy,https://ovidhan.net/word/apostasy.html,AUTO_PROTECTED,Batch 1,0,0,GLOBAL AGGREGATE — FRANCE CONTAMINATION POSSIBLE,NONE,Bangladesh-filtered GSC page/query export required
apostrophe,https://ovidhan.net/word/apostrophe.html,AUTO_PROTECTED,Batch 1,0,0,GLOBAL AGGREGATE — FRANCE CONTAMINATION POSSIBLE,NONE,Bangladesh-filtered GSC page/query export required
apparatus,https://ovidhan.net/word/apparatus.html,AUTO_PROTECTED,Batch 1,0,0,GLOBAL AGGREGATE — FRANCE CONTAMINATION POSSIBLE,NONE,Bangladesh-filtered GSC page/query export required
apparel,https://ovidhan.net/word/apparel.html,AUTO_PROTECTED,Batch 1,0,0,GLOBAL AGGREGATE — FRANCE CONTAMINATION POSSIBLE,NONE,Bangladesh-filtered GSC page/query export required
apparent,https://ovidhan.net/word/apparent.html,AUTO_PROTECTED,Batch 1,0,0,GLOBAL AGGREGATE — FRANCE CONTAMINATION POSSIBLE,NONE,Bangladesh-filtered GSC page/query export required
apparently,https://ovidhan.net/word/apparently.html,AUTO_PROTECTED,Batch 1,0,0,GLOBAL AGGREGATE — FRANCE CONTAMINATION POSSIBLE,NONE,Bangladesh-filtered GSC page/query export required
apparition,https://ovidhan.net/word/apparition.html,AUTO_PROTECTED,Batch 1,0,0,GLOBAL AGGREGATE — FRANCE CONTAMINATION POSSIBLE,NONE,Bangladesh-filtered GSC page/query export required
appeal,https://ovidhan.net/word/appeal.html,AUTO_PROTECTED,Batch 1,0,0,GLOBAL AGGREGATE — FRANCE CONTAMINATION POSSIBLE,NONE,Bangladesh-filtered GSC page/query export required
appear,https://ovidhan.net/word/appear.html,AUTO_PROTECTED,Batch 1,0,0,GLOBAL AGGREGATE — FRANCE CONTAMINATION POSSIBLE,NONE,Bangladesh-filtered GSC page/query export required
appearance,https://ovidhan.net/word/appearance.html,AUTO_PROTECTED,Batch 1,0,0,GLOBAL AGGREGATE — FRANCE CONTAMINATION POSSIBLE,NONE,Bangladesh-filtered GSC page/query export required
appeared,https://ovidhan.net/word/appeared.html,AUTO_PROTECTED,Batch 1,0,0,GLOBAL AGGREGATE — FRANCE CONTAMINATION POSSIBLE,NONE,Bangladesh-filtered GSC page/query export required
appears,https://ovidhan.net/word/appears.html,AUTO_PROTECTED,Batch 1,0,0,GLOBAL AGGREGATE — FRANCE CONTAMINATION POSSIBLE,NONE,Bangladesh-filtered GSC page/query export required
appease,https://ovidhan.net/word/appease.html,AUTO_PROTECTED,Batch 1,0,0,GLOBAL AGGREGATE — FRANCE CONTAMINATION POSSIBLE,NONE,Bangladesh-filtered GSC page/query export required
appellation,https://ovidhan.net/word/appellation.html,AUTO_PROTECTED,Batch 1,0,0,GLOBAL AGGREGATE — FRANCE CONTAMINATION POSSIBLE,NONE,Bangladesh-filtered GSC page/query export required
append,https://ovidhan.net/word/append.html,AUTO_PROTECTED,Batch 1,0,0,GLOBAL AGGREGATE — FRANCE CONTAMINATION POSSIBLE,NONE,Bangladesh-filtered GSC page/query export required
appendix,https://ovidhan.net/word/appendix.html,AUTO_PROTECTED,Batch 1,0,0,GLOBAL AGGREGATE — FRANCE CONTAMINATION POSSIBLE,NONE,Bangladesh-filtered GSC page/query export required
appetite,https://ovidhan.net/word/appetite.html,AUTO_PROTECTED,Batch 1,0,0,GLOBAL AGGREGATE — FRANCE CONTAMINATION POSSIBLE,NONE,Bangladesh-filtered GSC page/query export required
applaud,https://ovidhan.net/word/applaud.html,AUTO_PROTECTED,Batch 1,0,0,GLOBAL AGGREGATE — FRANCE CONTAMINATION POSSIBLE,NONE,Bangladesh-filtered GSC page/query export required
apple,https://ovidhan.net/word/apple.html,AUTO_PROTECTED,Batch 1,0,0,GLOBAL AGGREGATE — FRANCE CONTAMINATION POSSIBLE,NONE,Bangladesh-filtered GSC page/query export required
appliances,https://ovidhan.net/word/appliances.html,AUTO_PROTECTED,Batch 1,0,0,GLOBAL AGGREGATE — FRANCE CONTAMINATION POSSIBLE,NONE,Bangladesh-filtered GSC page/query export required
applicable,https://ovidhan.net/word/applicable.html,AUTO_PROTECTED,Batch 1,0,0,GLOBAL AGGREGATE — FRANCE CONTAMINATION POSSIBLE,NONE,Bangladesh-filtered GSC page/query export required
applicant,https://ovidhan.net/word/applicant.html,AUTO_PROTECTED,Batch 1,0,0,GLOBAL AGGREGATE — FRANCE CONTAMINATION POSSIBLE,NONE,Bangladesh-filtered GSC page/query export required
application,https://ovidhan.net/word/application.html,AUTO_PROTECTED,Batch 1,0,0,GLOBAL AGGREGATE — FRANCE CONTAMINATION POSSIBLE,NONE,Bangladesh-filtered GSC page/query export required
applications,https://ovidhan.net/word/applications.html,AUTO_PROTECTED,Batch 1,0,0,GLOBAL AGGREGATE — FRANCE CONTAMINATION POSSIBLE,NONE,Bangladesh-filtered GSC page/query export required
applied,https://ovidhan.net/word/applied.html,AUTO_PROTECTED,Batch 1,0,0,GLOBAL AGGREGATE — FRANCE CONTAMINATION POSSIBLE,NONE,Bangladesh-filtered GSC page/query export required
applies,https://ovidhan.net/word/applies.html,AUTO_PROTECTED,Batch 1,0,0,GLOBAL AGGREGATE — FRANCE CONTAMINATION POSSIBLE,NONE,Bangladesh-filtered GSC page/query export required
apply,https://ovidhan.net/word/apply.html,AUTO_PROTECTED,Batch 1,0,0,GLOBAL AGGREGATE — FRANCE CONTAMINATION POSSIBLE,NONE,Bangladesh-filtered GSC page/query export required
applying,https://ovidhan.net/word/applying.html,AUTO_PROTECTED,Batch 1,0,0,GLOBAL AGGREGATE — FRANCE CONTAMINATION POSSIBLE,NONE,Bangladesh-filtered GSC page/query export required
appoint,https://ovidhan.net/word/appoint.html,AUTO_PROTECTED,Batch 1,0,0,GLOBAL AGGREGATE — FRANCE CONTAMINATION POSSIBLE,NONE,Bangladesh-filtered GSC page/query export required
appointed,https://ovidhan.net/word/appointed.html,AUTO_PROTECTED,Batch 1,0,0,GLOBAL AGGREGATE — FRANCE CONTAMINATION POSSIBLE,NONE,Bangladesh-filtered GSC page/query export required
appointment,https://ovidhan.net/word/appointment.html,AUTO_PROTECTED,Batch 1,0,0,GLOBAL AGGREGATE — FRANCE CONTAMINATION POSSIBLE,NONE,Bangladesh-filtered GSC page/query export required
apportion,https://ovidhan.net/word/apportion.html,AUTO_PROTECTED,Batch 1,0,0,GLOBAL AGGREGATE — FRANCE CONTAMINATION POSSIBLE,NONE,Bangladesh-filtered GSC page/query export required
appraisal,https://ovidhan.net/word/appraisal.html,AUTO_PROTECTED,Batch 1,0,0,GLOBAL AGGREGATE — FRANCE CONTAMINATION POSSIBLE,NONE,Bangladesh-filtered GSC page/query export required
appraise,https://ovidhan.net/word/appraise.html,AUTO_PROTECTED,Batch 1,0,0,GLOBAL AGGREGATE — FRANCE CONTAMINATION POSSIBLE,NONE,Bangladesh-filtered GSC page/query export required
appreciate,https://ovidhan.net/word/appreciate.html,AUTO_PROTECTED,Batch 1,0,0,GLOBAL AGGREGATE — FRANCE CONTAMINATION POSSIBLE,NONE,Bangladesh-filtered GSC page/query export required
apprehend,https://ovidhan.net/word/apprehend.html,AUTO_PROTECTED,Batch 1,0,0,GLOBAL AGGREGATE — FRANCE CONTAMINATION POSSIBLE,NONE,Bangladesh-filtered GSC page/query export required
apprehension,https://ovidhan.net/word/apprehension.html,AUTO_PROTECTED,Batch 1,0,0,GLOBAL AGGREGATE — FRANCE CONTAMINATION POSSIBLE,NONE,Bangladesh-filtered GSC page/query export required
apprentice,https://ovidhan.net/word/apprentice.html,AUTO_PROTECTED,Batch 1,0,0,GLOBAL AGGREGATE — FRANCE CONTAMINATION POSSIBLE,NONE,Bangladesh-filtered GSC page/query export required
approach,https://ovidhan.net/word/approach.html,AUTO_PROTECTED,Batch 1,0,0,GLOBAL AGGREGATE — FRANCE CONTAMINATION POSSIBLE,NONE,Bangladesh-filtered GSC page/query export required
approaches,https://ovidhan.net/word/approaches.html,AUTO_PROTECTED,Batch 1,0,0,GLOBAL AGGREGATE — FRANCE CONTAMINATION POSSIBLE,NONE,Bangladesh-filtered GSC page/query export required
approbation,https://ovidhan.net/word/approbation.html,AUTO_PROTECTED,Batch 1,0,0,GLOBAL AGGREGATE — FRANCE CONTAMINATION POSSIBLE,NONE,Bangladesh-filtered GSC page/query export required
appropriate,https://ovidhan.net/word/appropriate.html,AUTO_PROTECTED,Batch 1,0,0,GLOBAL AGGREGATE — FRANCE CONTAMINATION POSSIBLE,NONE,Bangladesh-filtered GSC page/query export required
approval,https://ovidhan.net/word/approval.html,AUTO_PROTECTED,Batch 1,0,0,GLOBAL AGGREGATE — FRANCE CONTAMINATION POSSIBLE,NONE,Bangladesh-filtered GSC page/query export required
approve,https://ovidhan.net/word/approve.html,AUTO_PROTECTED,Batch 1,0,0,GLOBAL AGGREGATE — FRANCE CONTAMINATION POSSIBLE,NONE,Bangladesh-filtered GSC page/query export required
approved,https://ovidhan.net/word/approved.html,AUTO_PROTECTED,Batch 1,0,0,GLOBAL AGGREGATE — FRANCE CONTAMINATION POSSIBLE,NONE,Bangladesh-filtered GSC page/query export required
approximately,https://ovidhan.net/word/approximately.html,AUTO_PROTECTED,Batch 1,0,0,GLOBAL AGGREGATE — FRANCE CONTAMINATION POSSIBLE,NONE,Bangladesh-filtered GSC page/query export required
apr,https://ovidhan.net/word/apr.html,AUTO_PROTECTED,Batch 1,0,0,GLOBAL AGGREGATE — FRANCE CONTAMINATION POSSIBLE,NONE,Bangladesh-filtered GSC page/query export required
april,https://ovidhan.net/word/april.html,AUTO_PROTECTED,Batch 1,0,0,GLOBAL AGGREGATE — FRANCE CONTAMINATION POSSIBLE,NONE,Bangladesh-filtered GSC page/query export required
aptitude,https://ovidhan.net/word/aptitude.html,AUTO_PROTECTED,Batch 1,0,0,GLOBAL AGGREGATE — FRANCE CONTAMINATION POSSIBLE,NONE,Bangladesh-filtered GSC page/query export required
aquarium,https://ovidhan.net/word/aquarium.html,AUTO_PROTECTED,Batch 1,0,0,GLOBAL AGGREGATE — FRANCE CONTAMINATION POSSIBLE,NONE,Bangladesh-filtered GSC page/query export required
ar,https://ovidhan.net/word/ar.html,AUTO_PROTECTED,Batch 1,0,0,GLOBAL AGGREGATE — FRANCE CONTAMINATION POSSIBLE,NONE,Bangladesh-filtered GSC page/query export required
arab,https://ovidhan.net/word/arab.html,AUTO_PROTECTED,Batch 1,0,0,GLOBAL AGGREGATE — FRANCE CONTAMINATION POSSIBLE,NONE,Bangladesh-filtered GSC page/query export required
arbitrage,https://ovidhan.net/word/arbitrage.html,AUTO_PROTECTED,Batch 1,0,0,GLOBAL AGGREGATE — FRANCE CONTAMINATION POSSIBLE,NONE,Bangladesh-filtered GSC page/query export required
arbitrary,https://ovidhan.net/word/arbitrary.html,AUTO_PROTECTED,Batch 1,0,0,GLOBAL AGGREGATE — FRANCE CONTAMINATION POSSIBLE,NONE,Bangladesh-filtered GSC page/query export required
arc,https://ovidhan.net/word/arc.html,AUTO_PROTECTED,Batch 1,0,0,GLOBAL AGGREGATE — FRANCE CONTAMINATION POSSIBLE,NONE,Bangladesh-filtered GSC page/query export required
arcade,https://ovidhan.net/word/arcade.html,AUTO_PROTECTED,Batch 1,0,0,GLOBAL AGGREGATE — FRANCE CONTAMINATION POSSIBLE,NONE,Bangladesh-filtered GSC page/query export required
arch,https://ovidhan.net/word/arch.html,AUTO_PROTECTED,Batch 1,0,0,GLOBAL AGGREGATE — FRANCE CONTAMINATION POSSIBLE,NONE,Bangladesh-filtered GSC page/query export required
archaeology,https://ovidhan.net/word/archaeology.html,AUTO_PROTECTED,Batch 1,0,0,GLOBAL AGGREGATE — FRANCE CONTAMINATION POSSIBLE,NONE,Bangladesh-filtered GSC page/query export required
archaic,https://ovidhan.net/word/archaic.html,AUTO_PROTECTED,Batch 1,0,0,GLOBAL AGGREGATE — FRANCE CONTAMINATION POSSIBLE,NONE,Bangladesh-filtered GSC page/query export required
architecture,https://ovidhan.net/word/architecture.html,AUTO_PROTECTED,Batch 1,0,0,GLOBAL AGGREGATE — FRANCE CONTAMINATION POSSIBLE,NONE,Bangladesh-filtered GSC page/query export required
archive,https://ovidhan.net/word/archive.html,AUTO_PROTECTED,Batch 1,0,0,GLOBAL AGGREGATE — FRANCE CONTAMINATION POSSIBLE,NONE,Bangladesh-filtered GSC page/query export required
archives,https://ovidhan.net/word/archives.html,AUTO_PROTECTED,Batch 1,0,0,GLOBAL AGGREGATE — FRANCE CONTAMINATION POSSIBLE,NONE,Bangladesh-filtered GSC page/query export required
ardent,https://ovidhan.net/word/ardent.html,AUTO_PROTECTED,Batch 1,0,0,GLOBAL AGGREGATE — FRANCE CONTAMINATION POSSIBLE,NONE,Bangladesh-filtered GSC page/query export required
ardor,https://ovidhan.net/word/ardor.html,AUTO_PROTECTED,Batch 1,0,0,GLOBAL AGGREGATE — FRANCE CONTAMINATION POSSIBLE,NONE,Bangladesh-filtered GSC page/query export required
arduous,https://ovidhan.net/word/arduous.html,AUTO_PROTECTED,Batch 1,0,0,GLOBAL AGGREGATE — FRANCE CONTAMINATION POSSIBLE,NONE,Bangladesh-filtered GSC page/query export required
are,https://ovidhan.net/word/are.html,AUTO_PROTECTED,Batch 1,0,0,GLOBAL AGGREGATE — FRANCE CONTAMINATION POSSIBLE,NONE,Bangladesh-filtered GSC page/query export required
area,https://ovidhan.net/word/area.html,AUTO_PROTECTED,Batch 1,0,0,GLOBAL AGGREGATE — FRANCE CONTAMINATION POSSIBLE,NONE,Bangladesh-filtered GSC page/query export required
areas,https://ovidhan.net/word/areas.html,AUTO_PROTECTED,Batch 1,0,0,GLOBAL AGGREGATE — FRANCE CONTAMINATION POSSIBLE,NONE,Bangladesh-filtered GSC page/query export required
arena,https://ovidhan.net/word/arena.html,AUTO_PROTECTED,Batch 1,0,0,GLOBAL AGGREGATE — FRANCE CONTAMINATION POSSIBLE,NONE,Bangladesh-filtered GSC page/query export required
argentina,https://ovidhan.net/word/argentina.html,AUTO_PROTECTED,Batch 1,0,0,GLOBAL AGGREGATE — FRANCE CONTAMINATION POSSIBLE,NONE,Bangladesh-filtered GSC page/query export required
argue,https://ovidhan.net/word/argue.html,AUTO_PROTECTED,Batch 1,0,0,GLOBAL AGGREGATE — FRANCE CONTAMINATION POSSIBLE,NONE,Bangladesh-filtered GSC page/query export required
argument,https://ovidhan.net/word/argument.html,AUTO_PROTECTED,Batch 1,0,0,GLOBAL AGGREGATE — FRANCE CONTAMINATION POSSIBLE,NONE,Bangladesh-filtered GSC page/query export required
arguments,https://ovidhan.net/word/arguments.html,AUTO_PROTECTED,Batch 1,0,0,GLOBAL AGGREGATE — FRANCE CONTAMINATION POSSIBLE,NONE,Bangladesh-filtered GSC page/query export required
arid,https://ovidhan.net/word/arid.html,AUTO_PROTECTED,Batch 1,0,0,GLOBAL AGGREGATE — FRANCE CONTAMINATION POSSIBLE,NONE,Bangladesh-filtered GSC page/query export required
arise,https://ovidhan.net/word/arise.html,AUTO_PROTECTED,Batch 1,0,0,GLOBAL AGGREGATE — FRANCE CONTAMINATION POSSIBLE,NONE,Bangladesh-filtered GSC page/query export required
aristocracy,https://ovidhan.net/word/aristocracy.html,AUTO_PROTECTED,Batch 1,0,0,GLOBAL AGGREGATE — FRANCE CONTAMINATION POSSIBLE,NONE,Bangladesh-filtered GSC page/query export required
arithmetic,https://ovidhan.net/word/arithmetic.html,AUTO_PROTECTED,Batch 1,0,0,GLOBAL AGGREGATE — FRANCE CONTAMINATION POSSIBLE,NONE,Bangladesh-filtered GSC page/query export required
arizona,https://ovidhan.net/word/arizona.html,AUTO_PROTECTED,Batch 1,0,0,GLOBAL AGGREGATE — FRANCE CONTAMINATION POSSIBLE,NONE,Bangladesh-filtered GSC page/query export required
arkansas,https://ovidhan.net/word/arkansas.html,AUTO_PROTECTED,Batch 1,0,0,GLOBAL AGGREGATE — FRANCE CONTAMINATION POSSIBLE,NONE,Bangladesh-filtered GSC page/query export required
arm,https://ovidhan.net/word/arm.html,AUTO_PROTECTED,Batch 1,0,0,GLOBAL AGGREGATE — FRANCE CONTAMINATION POSSIBLE,NONE,Bangladesh-filtered GSC page/query export required
armada,https://ovidhan.net/word/armada.html,AUTO_PROTECTED,Batch 1,0,0,GLOBAL AGGREGATE — FRANCE CONTAMINATION POSSIBLE,NONE,Bangladesh-filtered GSC page/query export required
armed,https://ovidhan.net/word/armed.html,AUTO_PROTECTED,Batch 1,0,0,GLOBAL AGGREGATE — FRANCE CONTAMINATION POSSIBLE,NONE,Bangladesh-filtered GSC page/query export required
armor,https://ovidhan.net/word/armor.html,AUTO_PROTECTED,Batch 1,0,0,GLOBAL AGGREGATE — FRANCE CONTAMINATION POSSIBLE,NONE,Bangladesh-filtered GSC page/query export required
arms,https://ovidhan.net/word/arms.html,AUTO_PROTECTED,Batch 1,0,0,GLOBAL AGGREGATE — FRANCE CONTAMINATION POSSIBLE,NONE,Bangladesh-filtered GSC page/query export required
army,https://ovidhan.net/word/army.html,AUTO_PROTECTED,Batch 1,0,0,GLOBAL AGGREGATE — FRANCE CONTAMINATION POSSIBLE,NONE,Bangladesh-filtered GSC page/query export required
aroma,https://ovidhan.net/word/aroma.html,AUTO_PROTECTED,Batch 1,0,0,GLOBAL AGGREGATE — FRANCE CONTAMINATION POSSIBLE,NONE,Bangladesh-filtered GSC page/query export required
around,https://ovidhan.net/word/around.html,AUTO_PROTECTED,Batch 1,0,0,GLOBAL AGGREGATE — FRANCE CONTAMINATION POSSIBLE,NONE,Bangladesh-filtered GSC page/query export required
arouse,https://ovidhan.net/word/arouse.html,AUTO_PROTECTED,Batch 1,0,0,GLOBAL AGGREGATE — FRANCE CONTAMINATION POSSIBLE,NONE,Bangladesh-filtered GSC page/query export required
arrange,https://ovidhan.net/word/arrange.html,AUTO_PROTECTED,Batch 1,0,0,GLOBAL AGGREGATE — FRANCE CONTAMINATION POSSIBLE,NONE,Bangladesh-filtered GSC page/query export required
arrangements,https://ovidhan.net/word/arrangements.html,AUTO_PROTECTED,Batch 1,0,0,GLOBAL AGGREGATE — FRANCE CONTAMINATION POSSIBLE,NONE,Bangladesh-filtered GSC page/query export required
array,https://ovidhan.net/word/array.html,AUTO_PROTECTED,Batch 1,0,0,GLOBAL AGGREGATE — FRANCE CONTAMINATION POSSIBLE,NONE,Bangladesh-filtered GSC page/query export required
arrears,https://ovidhan.net/word/arrears.html,AUTO_PROTECTED,Batch 1,0,0,GLOBAL AGGREGATE — FRANCE CONTAMINATION POSSIBLE,NONE,Bangladesh-filtered GSC page/query export required
arrest,https://ovidhan.net/word/arrest.html,AUTO_PROTECTED,Batch 1,0,0,GLOBAL AGGREGATE — FRANCE CONTAMINATION POSSIBLE,NONE,Bangladesh-filtered GSC page/query export required
arrival,https://ovidhan.net/word/arrival.html,AUTO_PROTECTED,Batch 1,0,0,GLOBAL AGGREGATE — FRANCE CONTAMINATION POSSIBLE,NONE,Bangladesh-filtered GSC page/query export required
arrived,https://ovidhan.net/word/arrived.html,AUTO_PROTECTED,Batch 1,0,0,GLOBAL AGGREGATE — FRANCE CONTAMINATION POSSIBLE,NONE,Bangladesh-filtered GSC page/query export required
arrogance,https://ovidhan.net/word/arrogance.html,AUTO_PROTECTED,Batch 1,0,0,GLOBAL AGGREGATE — FRANCE CONTAMINATION POSSIBLE,NONE,Bangladesh-filtered GSC page/query export required
arrogant,https://ovidhan.net/word/arrogant.html,AUTO_PROTECTED,Batch 1,0,0,GLOBAL AGGREGATE — FRANCE CONTAMINATION POSSIBLE,NONE,Bangladesh-filtered GSC page/query export required
arrow,https://ovidhan.net/word/arrow.html,AUTO_PROTECTED,Batch 1,0,0,GLOBAL AGGREGATE — FRANCE CONTAMINATION POSSIBLE,NONE,Bangladesh-filtered GSC page/query export required
art,https://ovidhan.net/word/art.html,AUTO_PROTECTED,Batch 1,0,0,GLOBAL AGGREGATE — FRANCE CONTAMINATION POSSIBLE,NONE,Bangladesh-filtered GSC page/query export required
artery,https://ovidhan.net/word/artery.html,AUTO_PROTECTED,Batch 1,0,0,GLOBAL AGGREGATE — FRANCE CONTAMINATION POSSIBLE,NONE,Bangladesh-filtered GSC page/query export required
arthur,https://ovidhan.net/word/arthur.html,AUTO_PROTECTED,Batch 1,0,0,GLOBAL AGGREGATE — FRANCE CONTAMINATION POSSIBLE,NONE,Bangladesh-filtered GSC page/query export required
article,https://ovidhan.net/word/article.html,AUTO_PROTECTED,Batch 1,0,0,GLOBAL AGGREGATE — FRANCE CONTAMINATION POSSIBLE,NONE,Bangladesh-filtered GSC page/query export required
articles,https://ovidhan.net/word/articles.html,AUTO_PROTECTED,Batch 1,0,0,GLOBAL AGGREGATE — FRANCE CONTAMINATION POSSIBLE,NONE,Bangladesh-filtered GSC page/query export required
articulate,https://ovidhan.net/word/articulate.html,AUTO_PROTECTED,Batch 1,0,0,GLOBAL AGGREGATE — FRANCE CONTAMINATION POSSIBLE,NONE,Bangladesh-filtered GSC page/query export required
artifice,https://ovidhan.net/word/artifice.html,AUTO_PROTECTED,Batch 1,0,0,GLOBAL AGGREGATE — FRANCE CONTAMINATION POSSIBLE,NONE,Bangladesh-filtered GSC page/query export required
artisan,https://ovidhan.net/word/artisan.html,AUTO_PROTECTED,Batch 1,0,0,GLOBAL AGGREGATE — FRANCE CONTAMINATION POSSIBLE,NONE,Bangladesh-filtered GSC page/query export required
artist,https://ovidhan.net/word/artist.html,AUTO_PROTECTED,Batch 1,0,0,GLOBAL AGGREGATE — FRANCE CONTAMINATION POSSIBLE,NONE,Bangladesh-filtered GSC page/query export required
artistry,https://ovidhan.net/word/artistry.html,AUTO_PROTECTED,Batch 1,0,0,GLOBAL AGGREGATE — FRANCE CONTAMINATION POSSIBLE,NONE,Bangladesh-filtered GSC page/query export required
artists,https://ovidhan.net/word/artists.html,AUTO_PROTECTED,Batch 1,0,0,GLOBAL AGGREGATE — FRANCE CONTAMINATION POSSIBLE,NONE,Bangladesh-filtered GSC page/query export required
arts,https://ovidhan.net/word/arts.html,AUTO_PROTECTED,Batch 1,0,0,GLOBAL AGGREGATE — FRANCE CONTAMINATION POSSIBLE,NONE,Bangladesh-filtered GSC page/query export required
as,https://ovidhan.net/word/as.html,AUTO_PROTECTED,Batch 1,0,0,GLOBAL AGGREGATE — FRANCE CONTAMINATION POSSIBLE,NONE,Bangladesh-filtered GSC page/query export required
ascend,https://ovidhan.net/word/ascend.html,AUTO_PROTECTED,Batch 1,0,0,GLOBAL AGGREGATE — FRANCE CONTAMINATION POSSIBLE,NONE,Bangladesh-filtered GSC page/query export required
ascertain,https://ovidhan.net/word/ascertain.html,AUTO_PROTECTED,Batch 1,0,0,GLOBAL AGGREGATE — FRANCE CONTAMINATION POSSIBLE,NONE,Bangladesh-filtered GSC page/query export required
ascribe,https://ovidhan.net/word/ascribe.html,AUTO_PROTECTED,Batch 1,0,0,GLOBAL AGGREGATE — FRANCE CONTAMINATION POSSIBLE,NONE,Bangladesh-filtered GSC page/query export required
ashamed,https://ovidhan.net/word/ashamed.html,AUTO_PROTECTED,Batch 1,0,0,GLOBAL AGGREGATE — FRANCE CONTAMINATION POSSIBLE,NONE,Bangladesh-filtered GSC page/query export required
asia,https://ovidhan.net/word/asia.html,AUTO_PROTECTED,Batch 1,0,0,GLOBAL AGGREGATE — FRANCE CONTAMINATION POSSIBLE,NONE,Bangladesh-filtered GSC page/query export required
asian,https://ovidhan.net/word/asian.html,AUTO_PROTECTED,Batch 1,0,0,GLOBAL AGGREGATE — FRANCE CONTAMINATION POSSIBLE,NONE,Bangladesh-filtered GSC page/query export required
ask,https://ovidhan.net/word/ask.html,AUTO_PROTECTED,Batch 1,0,0,GLOBAL AGGREGATE — FRANCE CONTAMINATION POSSIBLE,NONE,Bangladesh-filtered GSC page/query export required
asked,https://ovidhan.net/word/asked.html,AUTO_PROTECTED,Batch 1,0,0,GLOBAL AGGREGATE — FRANCE CONTAMINATION POSSIBLE,NONE,Bangladesh-filtered GSC page/query export required
asking,https://ovidhan.net/word/asking.html,AUTO_PROTECTED,Batch 1,0,0,GLOBAL AGGREGATE — FRANCE CONTAMINATION POSSIBLE,NONE,Bangladesh-filtered GSC page/query export required
asp,https://ovidhan.net/word/asp.html,AUTO_PROTECTED,Batch 1,0,0,GLOBAL AGGREGATE — FRANCE CONTAMINATION POSSIBLE,NONE,Bangladesh-filtered GSC page/query export required
aspect,https://ovidhan.net/word/aspect.html,AUTO_PROTECTED,Batch 1,0,0,GLOBAL AGGREGATE — FRANCE CONTAMINATION POSSIBLE,NONE,Bangladesh-filtered GSC page/query export required
aspects,https://ovidhan.net/word/aspects.html,AUTO_PROTECTED,Batch 1,0,0,GLOBAL AGGREGATE — FRANCE CONTAMINATION POSSIBLE,NONE,Bangladesh-filtered GSC page/query export required
aspersion,https://ovidhan.net/word/aspersion.html,AUTO_PROTECTED,Batch 1,0,0,GLOBAL AGGREGATE — FRANCE CONTAMINATION POSSIBLE,NONE,Bangladesh-filtered GSC page/query export required
asphalt,https://ovidhan.net/word/asphalt.html,AUTO_PROTECTED,Batch 1,0,0,GLOBAL AGGREGATE — FRANCE CONTAMINATION POSSIBLE,NONE,Bangladesh-filtered GSC page/query export required
aspiration,https://ovidhan.net/word/aspiration.html,AUTO_PROTECTED,Batch 1,0,0,GLOBAL AGGREGATE — FRANCE CONTAMINATION POSSIBLE,NONE,Bangladesh-filtered GSC page/query export required
aspire,https://ovidhan.net/word/aspire.html,AUTO_PROTECTED,Batch 1,0,0,GLOBAL AGGREGATE — FRANCE CONTAMINATION POSSIBLE,NONE,Bangladesh-filtered GSC page/query export required
ass,https://ovidhan.net/word/ass.html,AUTO_PROTECTED,Batch 1,0,0,GLOBAL AGGREGATE — FRANCE CONTAMINATION POSSIBLE,NONE,Bangladesh-filtered GSC page/query export required
assail,https://ovidhan.net/word/assail.html,AUTO_PROTECTED,Batch 1,0,0,GLOBAL AGGREGATE — FRANCE CONTAMINATION POSSIBLE,NONE,Bangladesh-filtered GSC page/query export required
assassin,https://ovidhan.net/word/assassin.html,AUTO_PROTECTED,Batch 1,0,0,GLOBAL AGGREGATE — FRANCE CONTAMINATION POSSIBLE,NONE,Bangladesh-filtered GSC page/query export required
assault,https://ovidhan.net/word/assault.html,AUTO_PROTECTED,Batch 1,0,0,GLOBAL AGGREGATE — FRANCE CONTAMINATION POSSIBLE,NONE,Bangladesh-filtered GSC page/query export required
assemble,https://ovidhan.net/word/assemble.html,AUTO_PROTECTED,Batch 1,0,0,GLOBAL AGGREGATE — FRANCE CONTAMINATION POSSIBLE,NONE,Bangladesh-filtered GSC page/query export required
assembly,https://ovidhan.net/word/assembly.html,AUTO_PROTECTED,Batch 1,0,0,GLOBAL AGGREGATE — FRANCE CONTAMINATION POSSIBLE,NONE,Bangladesh-filtered GSC page/query export required
assert,https://ovidhan.net/word/assert.html,AUTO_PROTECTED,Batch 1,0,0,GLOBAL AGGREGATE — FRANCE CONTAMINATION POSSIBLE,NONE,Bangladesh-filtered GSC page/query export required
assess,https://ovidhan.net/word/assess.html,AUTO_PROTECTED,Batch 1,0,0,GLOBAL AGGREGATE — FRANCE CONTAMINATION POSSIBLE,NONE,Bangladesh-filtered GSC page/query export required
assessment,https://ovidhan.net/word/assessment.html,AUTO_PROTECTED,Batch 1,0,0,GLOBAL AGGREGATE — FRANCE CONTAMINATION POSSIBLE,NONE,Bangladesh-filtered GSC page/query export required
asset-backed,https://ovidhan.net/word/asset-backed.html,AUTO_PROTECTED,Batch 1,0,0,GLOBAL AGGREGATE — FRANCE CONTAMINATION POSSIBLE,NONE,Bangladesh-filtered GSC page/query export required
asset,https://ovidhan.net/word/asset.html,AUTO_PROTECTED,Batch 1,0,0,GLOBAL AGGREGATE — FRANCE CONTAMINATION POSSIBLE,NONE,Bangladesh-filtered GSC page/query export required
assets,https://ovidhan.net/word/assets.html,AUTO_PROTECTED,Batch 1,0,0,GLOBAL AGGREGATE — FRANCE CONTAMINATION POSSIBLE,NONE,Bangladesh-filtered GSC page/query export required
assiduous,https://ovidhan.net/word/assiduous.html,AUTO_PROTECTED,Batch 1,0,0,GLOBAL AGGREGATE — FRANCE CONTAMINATION POSSIBLE,NONE,Bangladesh-filtered GSC page/query export required
assign,https://ovidhan.net/word/assign.html,AUTO_PROTECTED,Batch 1,0,0,GLOBAL AGGREGATE — FRANCE CONTAMINATION POSSIBLE,NONE,Bangladesh-filtered GSC page/query export required
assigned,https://ovidhan.net/word/assigned.html,AUTO_PROTECTED,Batch 1,0,0,GLOBAL AGGREGATE — FRANCE CONTAMINATION POSSIBLE,NONE,Bangladesh-filtered GSC page/query export required
assignment,https://ovidhan.net/word/assignment.html,AUTO_PROTECTED,Batch 1,0,0,GLOBAL AGGREGATE — FRANCE CONTAMINATION POSSIBLE,NONE,Bangladesh-filtered GSC page/query export required
assimilate,https://ovidhan.net/word/assimilate.html,AUTO_PROTECTED,Batch 1,0,0,GLOBAL AGGREGATE — FRANCE CONTAMINATION POSSIBLE,NONE,Bangladesh-filtered GSC page/query export required
assimilation,https://ovidhan.net/word/assimilation.html,AUTO_PROTECTED,Batch 1,0,0,GLOBAL AGGREGATE — FRANCE CONTAMINATION POSSIBLE,NONE,Bangladesh-filtered GSC page/query export required
assist,https://ovidhan.net/word/assist.html,AUTO_PROTECTED,Batch 1,0,0,GLOBAL AGGREGATE — FRANCE CONTAMINATION POSSIBLE,NONE,Bangladesh-filtered GSC page/query export required
assistance,https://ovidhan.net/word/assistance.html,AUTO_PROTECTED,Batch 1,0,0,GLOBAL AGGREGATE — FRANCE CONTAMINATION POSSIBLE,NONE,Bangladesh-filtered GSC page/query export required
assistant,https://ovidhan.net/word/assistant.html,AUTO_PROTECTED,Batch 1,0,0,GLOBAL AGGREGATE — FRANCE CONTAMINATION POSSIBLE,NONE,Bangladesh-filtered GSC page/query export required
associate,https://ovidhan.net/word/associate.html,AUTO_PROTECTED,Batch 1,0,0,GLOBAL AGGREGATE — FRANCE CONTAMINATION POSSIBLE,NONE,Bangladesh-filtered GSC page/query export required
associated,https://ovidhan.net/word/associated.html,AUTO_PROTECTED,Batch 1,0,0,GLOBAL AGGREGATE — FRANCE CONTAMINATION POSSIBLE,NONE,Bangladesh-filtered GSC page/query export required
associates,https://ovidhan.net/word/associates.html,AUTO_PROTECTED,Batch 1,0,0,GLOBAL AGGREGATE — FRANCE CONTAMINATION POSSIBLE,NONE,Bangladesh-filtered GSC page/query export required
association,https://ovidhan.net/word/association.html,AUTO_PROTECTED,Batch 1,0,0,GLOBAL AGGREGATE — FRANCE CONTAMINATION POSSIBLE,NONE,Bangladesh-filtered GSC page/query export required
associations,https://ovidhan.net/word/associations.html,AUTO_PROTECTED,Batch 1,0,0,GLOBAL AGGREGATE — FRANCE CONTAMINATION POSSIBLE,NONE,Bangladesh-filtered GSC page/query export required
assorted,https://ovidhan.net/word/assorted.html,AUTO_PROTECTED,Batch 1,0,0,GLOBAL AGGREGATE — FRANCE CONTAMINATION POSSIBLE,NONE,Bangladesh-filtered GSC page/query export required
assume,https://ovidhan.net/word/assume.html,AUTO_PROTECTED,Batch 1,0,0,GLOBAL AGGREGATE — FRANCE CONTAMINATION POSSIBLE,NONE,Bangladesh-filtered GSC page/query export required
assumes,https://ovidhan.net/word/assumes.html,AUTO_PROTECTED,Batch 1,0,0,GLOBAL AGGREGATE — FRANCE CONTAMINATION POSSIBLE,NONE,Bangladesh-filtered GSC page/query export required
assumption,https://ovidhan.net/word/assumption.html,AUTO_PROTECTED,Batch 1,0,0,GLOBAL AGGREGATE — FRANCE CONTAMINATION POSSIBLE,NONE,Bangladesh-filtered GSC page/query export required
assurance,https://ovidhan.net/word/assurance.html,AUTO_PROTECTED,Batch 1,0,0,GLOBAL AGGREGATE — FRANCE CONTAMINATION POSSIBLE,NONE,Bangladesh-filtered GSC page/query export required
asteroid,https://ovidhan.net/word/asteroid.html,AUTO_PROTECTED,Batch 1,0,0,GLOBAL AGGREGATE — FRANCE CONTAMINATION POSSIBLE,NONE,Bangladesh-filtered GSC page/query export required
astound,https://ovidhan.net/word/astound.html,AUTO_PROTECTED,Batch 1,0,0,GLOBAL AGGREGATE — FRANCE CONTAMINATION POSSIBLE,NONE,Bangladesh-filtered GSC page/query export required
astray,https://ovidhan.net/word/astray.html,AUTO_PROTECTED,Batch 1,0,0,GLOBAL AGGREGATE — FRANCE CONTAMINATION POSSIBLE,NONE,Bangladesh-filtered GSC page/query export required
astronaut,https://ovidhan.net/word/astronaut.html,AUTO_PROTECTED,Batch 1,0,0,GLOBAL AGGREGATE — FRANCE CONTAMINATION POSSIBLE,NONE,Bangladesh-filtered GSC page/query export required
astute,https://ovidhan.net/word/astute.html,AUTO_PROTECTED,Batch 1,0,0,GLOBAL AGGREGATE — FRANCE CONTAMINATION POSSIBLE,NONE,Bangladesh-filtered GSC page/query export required
asylum,https://ovidhan.net/word/asylum.html,AUTO_PROTECTED,Batch 1,0,0,GLOBAL AGGREGATE — FRANCE CONTAMINATION POSSIBLE,NONE,Bangladesh-filtered GSC page/query export required
at,https://ovidhan.net/word/at.html,AUTO_PROTECTED,Batch 1,0,0,GLOBAL AGGREGATE — FRANCE CONTAMINATION POSSIBLE,NONE,Bangladesh-filtered GSC page/query export required
athlete,https://ovidhan.net/word/athlete.html,AUTO_PROTECTED,Batch 1,0,0,GLOBAL AGGREGATE — FRANCE CONTAMINATION POSSIBLE,NONE,Bangladesh-filtered GSC page/query export required
athletic,https://ovidhan.net/word/athletic.html,AUTO_PROTECTED,Batch 1,0,0,GLOBAL AGGREGATE — FRANCE CONTAMINATION POSSIBLE,NONE,Bangladesh-filtered GSC page/query export required
atlanta,https://ovidhan.net/word/atlanta.html,AUTO_PROTECTED,Batch 1,0,0,GLOBAL AGGREGATE — FRANCE CONTAMINATION POSSIBLE,NONE,Bangladesh-filtered GSC page/query export required
atlantic,https://ovidhan.net/word/atlantic.html,AUTO_PROTECTED,Batch 1,0,0,GLOBAL AGGREGATE — FRANCE CONTAMINATION POSSIBLE,NONE,Bangladesh-filtered GSC page/query export required
atlas,https://ovidhan.net/word/atlas.html,AUTO_PROTECTED,Batch 1,0,0,GLOBAL AGGREGATE — FRANCE CONTAMINATION POSSIBLE,NONE,Bangladesh-filtered GSC page/query export required
atmosphere,https://ovidhan.net/word/atmosphere.html,AUTO_PROTECTED,Batch 1,0,0,GLOBAL AGGREGATE — FRANCE CONTAMINATION POSSIBLE,NONE,Bangladesh-filtered GSC page/query export required
atom,https://ovidhan.net/word/atom.html,AUTO_PROTECTED,Batch 1,0,0,GLOBAL AGGREGATE — FRANCE CONTAMINATION POSSIBLE,NONE,Bangladesh-filtered GSC page/query export required
atrocity,https://ovidhan.net/word/atrocity.html,AUTO_PROTECTED,Batch 1,0,0,GLOBAL AGGREGATE — FRANCE CONTAMINATION POSSIBLE,NONE,Bangladesh-filtered GSC page/query export required
atrophy,https://ovidhan.net/word/atrophy.html,AUTO_PROTECTED,Batch 1,0,0,GLOBAL AGGREGATE — FRANCE CONTAMINATION POSSIBLE,NONE,Bangladesh-filtered GSC page/query export required
attach,https://ovidhan.net/word/attach.html,AUTO_PROTECTED,Batch 1,0,0,GLOBAL AGGREGATE — FRANCE CONTAMINATION POSSIBLE,NONE,Bangladesh-filtered GSC page/query export required
attached,https://ovidhan.net/word/attached.html,AUTO_PROTECTED,Batch 1,0,0,GLOBAL AGGREGATE — FRANCE CONTAMINATION POSSIBLE,NONE,Bangladesh-filtered GSC page/query export required
attachment,https://ovidhan.net/word/attachment.html,AUTO_PROTECTED,Batch 1,0,0,GLOBAL AGGREGATE — FRANCE CONTAMINATION POSSIBLE,NONE,Bangladesh-filtered GSC page/query export required
attack,https://ovidhan.net/word/attack.html,AUTO_PROTECTED,Batch 1,0,0,GLOBAL AGGREGATE — FRANCE CONTAMINATION POSSIBLE,NONE,Bangladesh-filtered GSC page/query export required
attacks,https://ovidhan.net/word/attacks.html,AUTO_PROTECTED,Batch 1,0,0,GLOBAL AGGREGATE — FRANCE CONTAMINATION POSSIBLE,NONE,Bangladesh-filtered GSC page/query export required
attain,https://ovidhan.net/word/attain.html,AUTO_PROTECTED,Batch 1,0,0,GLOBAL AGGREGATE — FRANCE CONTAMINATION POSSIBLE,NONE,Bangladesh-filtered GSC page/query export required
attempt,https://ovidhan.net/word/attempt.html,AUTO_PROTECTED,Batch 1,0,0,GLOBAL AGGREGATE — FRANCE CONTAMINATION POSSIBLE,NONE,Bangladesh-filtered GSC page/query export required
attend,https://ovidhan.net/word/attend.html,AUTO_PROTECTED,Batch 1,0,0,GLOBAL AGGREGATE — FRANCE CONTAMINATION POSSIBLE,NONE,Bangladesh-filtered GSC page/query export required
attendance,https://ovidhan.net/word/attendance.html,AUTO_PROTECTED,Batch 1,0,0,GLOBAL AGGREGATE — FRANCE CONTAMINATION POSSIBLE,NONE,Bangladesh-filtered GSC page/query export required
attention,https://ovidhan.net/word/attention.html,AUTO_PROTECTED,Batch 1,0,0,GLOBAL AGGREGATE — FRANCE CONTAMINATION POSSIBLE,NONE,Bangladesh-filtered GSC page/query export required
attenuate,https://ovidhan.net/word/attenuate.html,AUTO_PROTECTED,Batch 1,0,0,GLOBAL AGGREGATE — FRANCE CONTAMINATION POSSIBLE,NONE,Bangladesh-filtered GSC page/query export required
attest,https://ovidhan.net/word/attest.html,AUTO_PROTECTED,Batch 1,0,0,GLOBAL AGGREGATE — FRANCE CONTAMINATION POSSIBLE,NONE,Bangladesh-filtered GSC page/query export required
attitude,https://ovidhan.net/word/attitude.html,AUTO_PROTECTED,Batch 1,0,0,GLOBAL AGGREGATE — FRANCE CONTAMINATION POSSIBLE,NONE,Bangladesh-filtered GSC page/query export required
attorney,https://ovidhan.net/word/attorney.html,AUTO_PROTECTED,Batch 1,0,0,GLOBAL AGGREGATE — FRANCE CONTAMINATION POSSIBLE,NONE,Bangladesh-filtered GSC page/query export required
attorneys,https://ovidhan.net/word/attorneys.html,AUTO_PROTECTED,Batch 1,0,0,GLOBAL AGGREGATE — FRANCE CONTAMINATION POSSIBLE,NONE,Bangladesh-filtered GSC page/query export required
attract,https://ovidhan.net/word/attract.html,AUTO_PROTECTED,Batch 1,0,0,GLOBAL AGGREGATE — FRANCE CONTAMINATION POSSIBLE,NONE,Bangladesh-filtered GSC page/query export required
attractions,https://ovidhan.net/word/attractions.html,AUTO_PROTECTED,Batch 1,0,0,GLOBAL AGGREGATE — FRANCE CONTAMINATION POSSIBLE,NONE,Bangladesh-filtered GSC page/query export required
attribute,https://ovidhan.net/word/attribute.html,AUTO_PROTECTED,Batch 1,0,0,GLOBAL AGGREGATE — FRANCE CONTAMINATION POSSIBLE,NONE,Bangladesh-filtered GSC page/query export required
attributes,https://ovidhan.net/word/attributes.html,AUTO_PROTECTED,Batch 1,0,0,GLOBAL AGGREGATE — FRANCE CONTAMINATION POSSIBLE,NONE,Bangladesh-filtered GSC page/query export required
au,https://ovidhan.net/word/au.html,AUTO_PROTECTED,Batch 1,0,0,GLOBAL AGGREGATE — FRANCE CONTAMINATION POSSIBLE,NONE,Bangladesh-filtered GSC page/query export required
auction,https://ovidhan.net/word/auction.html,AUTO_PROTECTED,Batch 1,0,0,GLOBAL AGGREGATE — FRANCE CONTAMINATION POSSIBLE,NONE,Bangladesh-filtered GSC page/query export required
auctions,https://ovidhan.net/word/auctions.html,AUTO_PROTECTED,Batch 1,0,0,GLOBAL AGGREGATE — FRANCE CONTAMINATION POSSIBLE,NONE,Bangladesh-filtered GSC page/query export required
aud,https://ovidhan.net/word/aud.html,AUTO_PROTECTED,Batch 1,0,0,GLOBAL AGGREGATE — FRANCE CONTAMINATION POSSIBLE,NONE,Bangladesh-filtered GSC page/query export required
audacious,https://ovidhan.net/word/audacious.html,AUTO_PROTECTED,Batch 1,0,0,GLOBAL AGGREGATE — FRANCE CONTAMINATION POSSIBLE,NONE,Bangladesh-filtered GSC page/query export required
audacity,https://ovidhan.net/word/audacity.html,AUTO_PROTECTED,Batch 1,0,0,GLOBAL AGGREGATE — FRANCE CONTAMINATION POSSIBLE,NONE,Bangladesh-filtered GSC page/query export required
audible,https://ovidhan.net/word/audible.html,AUTO_PROTECTED,Batch 1,0,0,GLOBAL AGGREGATE — FRANCE CONTAMINATION POSSIBLE,NONE,Bangladesh-filtered GSC page/query export required
audience,https://ovidhan.net/word/audience.html,AUTO_PROTECTED,Batch 1,0,0,GLOBAL AGGREGATE — FRANCE CONTAMINATION POSSIBLE,NONE,Bangladesh-filtered GSC page/query export required
audio,https://ovidhan.net/word/audio.html,AUTO_PROTECTED,Batch 1,0,0,GLOBAL AGGREGATE — FRANCE CONTAMINATION POSSIBLE,NONE,Bangladesh-filtered GSC page/query export required
audit,https://ovidhan.net/word/audit.html,AUTO_PROTECTED,Batch 1,0,0,GLOBAL AGGREGATE — FRANCE CONTAMINATION POSSIBLE,NONE,Bangladesh-filtered GSC page/query export required
auditor,https://ovidhan.net/word/auditor.html,AUTO_PROTECTED,Batch 1,0,0,GLOBAL AGGREGATE — FRANCE CONTAMINATION POSSIBLE,NONE,Bangladesh-filtered GSC page/query export required
aug,https://ovidhan.net/word/aug.html,AUTO_PROTECTED,Batch 1,0,0,GLOBAL AGGREGATE — FRANCE CONTAMINATION POSSIBLE,NONE,Bangladesh-filtered GSC page/query export required
augment,https://ovidhan.net/word/augment.html,AUTO_PROTECTED,Batch 1,0,0,GLOBAL AGGREGATE — FRANCE CONTAMINATION POSSIBLE,NONE,Bangladesh-filtered GSC page/query export required
august,https://ovidhan.net/word/august.html,AUTO_PROTECTED,Batch 1,0,0,GLOBAL AGGREGATE — FRANCE CONTAMINATION POSSIBLE,NONE,Bangladesh-filtered GSC page/query export required
auspices,https://ovidhan.net/word/auspices.html,AUTO_PROTECTED,Batch 1,0,0,GLOBAL AGGREGATE — FRANCE CONTAMINATION POSSIBLE,NONE,Bangladesh-filtered GSC page/query export required
auspicious,https://ovidhan.net/word/auspicious.html,AUTO_PROTECTED,Batch 1,0,0,GLOBAL AGGREGATE — FRANCE CONTAMINATION POSSIBLE,NONE,Bangladesh-filtered GSC page/query export required
austere,https://ovidhan.net/word/austere.html,AUTO_PROTECTED,Batch 1,0,0,GLOBAL AGGREGATE — FRANCE CONTAMINATION POSSIBLE,NONE,Bangladesh-filtered GSC page/query export required
austin,https://ovidhan.net/word/austin.html,AUTO_PROTECTED,Batch 1,0,0,GLOBAL AGGREGATE — FRANCE CONTAMINATION POSSIBLE,NONE,Bangladesh-filtered GSC page/query export required
australia,https://ovidhan.net/word/australia.html,AUTO_PROTECTED,Batch 1,0,0,GLOBAL AGGREGATE — FRANCE CONTAMINATION POSSIBLE,NONE,Bangladesh-filtered GSC page/query export required
australian,https://ovidhan.net/word/australian.html,AUTO_PROTECTED,Batch 1,0,0,GLOBAL AGGREGATE — FRANCE CONTAMINATION POSSIBLE,NONE,Bangladesh-filtered GSC page/query export required
austria,https://ovidhan.net/word/austria.html,AUTO_PROTECTED,Batch 1,0,0,GLOBAL AGGREGATE — FRANCE CONTAMINATION POSSIBLE,NONE,Bangladesh-filtered GSC page/query export required
authentic,https://ovidhan.net/word/authentic.html,AUTO_PROTECTED,Batch 1,0,0,GLOBAL AGGREGATE — FRANCE CONTAMINATION POSSIBLE,NONE,Bangladesh-filtered GSC page/query export required
authenticate,https://ovidhan.net/word/authenticate.html,AUTO_PROTECTED,Batch 1,0,0,GLOBAL AGGREGATE — FRANCE CONTAMINATION POSSIBLE,NONE,Bangladesh-filtered GSC page/query export required
author,https://ovidhan.net/word/author.html,AUTO_PROTECTED,Batch 1,0,0,GLOBAL AGGREGATE — FRANCE CONTAMINATION POSSIBLE,NONE,Bangladesh-filtered GSC page/query export required
authoritarian,https://ovidhan.net/word/authoritarian.html,AUTO_PROTECTED,Batch 1,0,0,GLOBAL AGGREGATE — FRANCE CONTAMINATION POSSIBLE,NONE,Bangladesh-filtered GSC page/query export required
authoritative,https://ovidhan.net/word/authoritative.html,AUTO_PROTECTED,Batch 1,0,0,GLOBAL AGGREGATE — FRANCE CONTAMINATION POSSIBLE,NONE,Bangladesh-filtered GSC page/query export required
authorities,https://ovidhan.net/word/authorities.html,AUTO_PROTECTED,Batch 1,0,0,GLOBAL AGGREGATE — FRANCE CONTAMINATION POSSIBLE,NONE,Bangladesh-filtered GSC page/query export required
authority,https://ovidhan.net/word/authority.html,AUTO_PROTECTED,Batch 1,0,0,GLOBAL AGGREGATE — FRANCE CONTAMINATION POSSIBLE,NONE,Bangladesh-filtered GSC page/query export required
authorize,https://ovidhan.net/word/authorize.html,AUTO_PROTECTED,Batch 1,0,0,GLOBAL AGGREGATE — FRANCE CONTAMINATION POSSIBLE,NONE,Bangladesh-filtered GSC page/query export required
authorized,https://ovidhan.net/word/authorized.html,AUTO_PROTECTED,Batch 1,0,0,GLOBAL AGGREGATE — FRANCE CONTAMINATION POSSIBLE,NONE,Bangladesh-filtered GSC page/query export required
authors,https://ovidhan.net/word/authors.html,AUTO_PROTECTED,Batch 1,0,0,GLOBAL AGGREGATE — FRANCE CONTAMINATION POSSIBLE,NONE,Bangladesh-filtered GSC page/query export required
auto,https://ovidhan.net/word/auto.html,AUTO_PROTECTED,Batch 1,0,0,GLOBAL AGGREGATE — FRANCE CONTAMINATION POSSIBLE,NONE,Bangladesh-filtered GSC page/query export required
autograph,https://ovidhan.net/word/autograph.html,AUTO_PROTECTED,Batch 1,0,0,GLOBAL AGGREGATE — FRANCE CONTAMINATION POSSIBLE,NONE,Bangladesh-filtered GSC page/query export required
automate,https://ovidhan.net/word/automate.html,AUTO_PROTECTED,Batch 1,0,0,GLOBAL AGGREGATE — FRANCE CONTAMINATION POSSIBLE,NONE,Bangladesh-filtered GSC page/query export required
automatic,https://ovidhan.net/word/automatic.html,AUTO_PROTECTED,Batch 1,0,0,GLOBAL AGGREGATE — FRANCE CONTAMINATION POSSIBLE,NONE,Bangladesh-filtered GSC page/query export required
automatically,https://ovidhan.net/word/automatically.html,AUTO_PROTECTED,Batch 1,0,0,GLOBAL AGGREGATE — FRANCE CONTAMINATION POSSIBLE,NONE,Bangladesh-filtered GSC page/query export required
automation,https://ovidhan.net/word/automation.html,AUTO_PROTECTED,Batch 1,0,0,GLOBAL AGGREGATE — FRANCE CONTAMINATION POSSIBLE,NONE,Bangladesh-filtered GSC page/query export required
automotive,https://ovidhan.net/word/automotive.html,AUTO_PROTECTED,Batch 1,0,0,GLOBAL AGGREGATE — FRANCE CONTAMINATION POSSIBLE,NONE,Bangladesh-filtered GSC page/query export required
autonomous,https://ovidhan.net/word/autonomous.html,AUTO_PROTECTED,Batch 1,0,0,GLOBAL AGGREGATE — FRANCE CONTAMINATION POSSIBLE,NONE,Bangladesh-filtered GSC page/query export required
autonomy,https://ovidhan.net/word/autonomy.html,AUTO_PROTECTED,Batch 1,0,0,GLOBAL AGGREGATE — FRANCE CONTAMINATION POSSIBLE,NONE,Bangladesh-filtered GSC page/query export required
av,https://ovidhan.net/word/av.html,AUTO_PROTECTED,Batch 1,0,0,GLOBAL AGGREGATE — FRANCE CONTAMINATION POSSIBLE,NONE,Bangladesh-filtered GSC page/query export required
avail,https://ovidhan.net/word/avail.html,AUTO_PROTECTED,Batch 1,0,0,GLOBAL AGGREGATE — FRANCE CONTAMINATION POSSIBLE,NONE,Bangladesh-filtered GSC page/query export required
availability,https://ovidhan.net/word/availability.html,AUTO_PROTECTED,Batch 1,0,0,GLOBAL AGGREGATE — FRANCE CONTAMINATION POSSIBLE,NONE,Bangladesh-filtered GSC page/query export required
available,https://ovidhan.net/word/available.html,AUTO_PROTECTED,Batch 1,0,0,GLOBAL AGGREGATE — FRANCE CONTAMINATION POSSIBLE,NONE,Bangladesh-filtered GSC page/query export required
avalanche,https://ovidhan.net/word/avalanche.html,AUTO_PROTECTED,Batch 1,0,0,GLOBAL AGGREGATE — FRANCE CONTAMINATION POSSIBLE,NONE,Bangladesh-filtered GSC page/query export required
avarice,https://ovidhan.net/word/avarice.html,AUTO_PROTECTED,Batch 1,0,0,GLOBAL AGGREGATE — FRANCE CONTAMINATION POSSIBLE,NONE,Bangladesh-filtered GSC page/query export required
avatar,https://ovidhan.net/word/avatar.html,AUTO_PROTECTED,Batch 1,0,0,GLOBAL AGGREGATE — FRANCE CONTAMINATION POSSIBLE,NONE,Bangladesh-filtered GSC page/query export required
ave,https://ovidhan.net/word/ave.html,AUTO_PROTECTED,Batch 1,0,0,GLOBAL AGGREGATE — FRANCE CONTAMINATION POSSIBLE,NONE,Bangladesh-filtered GSC page/query export required
avenue,https://ovidhan.net/word/avenue.html,AUTO_PROTECTED,Batch 1,0,0,GLOBAL AGGREGATE — FRANCE CONTAMINATION POSSIBLE,NONE,Bangladesh-filtered GSC page/query export required
average,https://ovidhan.net/word/average.html,AUTO_PROTECTED,Batch 1,0,0,GLOBAL AGGREGATE — FRANCE CONTAMINATION POSSIBLE,NONE,Bangladesh-filtered GSC page/query export required
averse,https://ovidhan.net/word/averse.html,AUTO_PROTECTED,Batch 1,0,0,GLOBAL AGGREGATE — FRANCE CONTAMINATION POSSIBLE,NONE,Bangladesh-filtered GSC page/query export required
aversion,https://ovidhan.net/word/aversion.html,AUTO_PROTECTED,Batch 1,0,0,GLOBAL AGGREGATE — FRANCE CONTAMINATION POSSIBLE,NONE,Bangladesh-filtered GSC page/query export required
avg,https://ovidhan.net/word/avg.html,AUTO_PROTECTED,Batch 1,0,2,GLOBAL AGGREGATE — FRANCE CONTAMINATION POSSIBLE,LOW,Bangladesh-filtered GSC page/query export required
aviation,https://ovidhan.net/word/aviation.html,AUTO_PROTECTED,Batch 1,0,0,GLOBAL AGGREGATE — FRANCE CONTAMINATION POSSIBLE,NONE,Bangladesh-filtered GSC page/query export required
avid,https://ovidhan.net/word/avid.html,AUTO_PROTECTED,Batch 1,0,0,GLOBAL AGGREGATE — FRANCE CONTAMINATION POSSIBLE,NONE,Bangladesh-filtered GSC page/query export required
avoid,https://ovidhan.net/word/avoid.html,AUTO_PROTECTED,Batch 1,0,0,GLOBAL AGGREGATE — FRANCE CONTAMINATION POSSIBLE,NONE,Bangladesh-filtered GSC page/query export required
avow,https://ovidhan.net/word/avow.html,AUTO_PROTECTED,Batch 1,0,0,GLOBAL AGGREGATE — FRANCE CONTAMINATION POSSIBLE,NONE,Bangladesh-filtered GSC page/query export required
await,https://ovidhan.net/word/await.html,AUTO_PROTECTED,Batch 1,0,0,GLOBAL AGGREGATE — FRANCE CONTAMINATION POSSIBLE,NONE,Bangladesh-filtered GSC page/query export required
awake,https://ovidhan.net/word/awake.html,AUTO_PROTECTED,Batch 1,0,0,GLOBAL AGGREGATE — FRANCE CONTAMINATION POSSIBLE,NONE,Bangladesh-filtered GSC page/query export required
award,https://ovidhan.net/word/award.html,AUTO_PROTECTED,Batch 1,0,0,GLOBAL AGGREGATE — FRANCE CONTAMINATION POSSIBLE,NONE,Bangladesh-filtered GSC page/query export required
awarded,https://ovidhan.net/word/awarded.html,AUTO_PROTECTED,Batch 1,0,0,GLOBAL AGGREGATE — FRANCE CONTAMINATION POSSIBLE,NONE,Bangladesh-filtered GSC page/query export required
awards,https://ovidhan.net/word/awards.html,AUTO_PROTECTED,Batch 1,0,0,GLOBAL AGGREGATE — FRANCE CONTAMINATION POSSIBLE,NONE,Bangladesh-filtered GSC page/query export required
aware,https://ovidhan.net/word/aware.html,AUTO_PROTECTED,Batch 1,0,0,GLOBAL AGGREGATE — FRANCE CONTAMINATION POSSIBLE,NONE,Bangladesh-filtered GSC page/query export required
awareness,https://ovidhan.net/word/awareness.html,AUTO_PROTECTED,Batch 1,0,0,GLOBAL AGGREGATE — FRANCE CONTAMINATION POSSIBLE,NONE,Bangladesh-filtered GSC page/query export required
away,https://ovidhan.net/word/away.html,AUTO_PROTECTED,Batch 1,0,0,GLOBAL AGGREGATE — FRANCE CONTAMINATION POSSIBLE,NONE,Bangladesh-filtered GSC page/query export required
awesome,https://ovidhan.net/word/awesome.html,AUTO_PROTECTED,Batch 1,0,0,GLOBAL AGGREGATE — FRANCE CONTAMINATION POSSIBLE,NONE,Bangladesh-filtered GSC page/query export required
awful,https://ovidhan.net/word/awful.html,AUTO_PROTECTED,Batch 1,0,0,GLOBAL AGGREGATE — FRANCE CONTAMINATION POSSIBLE,NONE,Bangladesh-filtered GSC page/query export required
awkward,https://ovidhan.net/word/awkward.html,AUTO_PROTECTED,Batch 1,0,0,GLOBAL AGGREGATE — FRANCE CONTAMINATION POSSIBLE,NONE,Bangladesh-filtered GSC page/query export required
awry,https://ovidhan.net/word/awry.html,AUTO_PROTECTED,Batch 1,0,0,GLOBAL AGGREGATE — FRANCE CONTAMINATION POSSIBLE,NONE,Bangladesh-filtered GSC page/query export required
axis,https://ovidhan.net/word/axis.html,AUTO_PROTECTED,Batch 1,0,0,GLOBAL AGGREGATE — FRANCE CONTAMINATION POSSIBLE,NONE,Bangladesh-filtered GSC page/query export required
axle,https://ovidhan.net/word/axle.html,AUTO_PROTECTED,Batch 1,0,0,GLOBAL AGGREGATE — FRANCE CONTAMINATION POSSIBLE,NONE,Bangladesh-filtered GSC page/query export required
az,https://ovidhan.net/word/az.html,AUTO_PROTECTED,Batch 1,0,0,GLOBAL AGGREGATE — FRANCE CONTAMINATION POSSIBLE,NONE,Bangladesh-filtered GSC page/query export required
b,https://ovidhan.net/word/b.html,AUTO_PROTECTED,Batch 1,0,0,GLOBAL AGGREGATE — FRANCE CONTAMINATION POSSIBLE,NONE,Bangladesh-filtered GSC page/query export required
ba,https://ovidhan.net/word/ba.html,AUTO_PROTECTED,Batch 1,0,0,GLOBAL AGGREGATE — FRANCE CONTAMINATION POSSIBLE,NONE,Bangladesh-filtered GSC page/query export required
babble,https://ovidhan.net/word/babble.html,AUTO_PROTECTED,Batch 1,0,0,GLOBAL AGGREGATE — FRANCE CONTAMINATION POSSIBLE,NONE,Bangladesh-filtered GSC page/query export required
babe,https://ovidhan.net/word/babe.html,AUTO_PROTECTED,Batch 1,0,0,GLOBAL AGGREGATE — FRANCE CONTAMINATION POSSIBLE,NONE,Bangladesh-filtered GSC page/query export required
babes,https://ovidhan.net/word/babes.html,AUTO_PROTECTED,Batch 1,0,0,GLOBAL AGGREGATE — FRANCE CONTAMINATION POSSIBLE,NONE,Bangladesh-filtered GSC page/query export required
baby,https://ovidhan.net/word/baby.html,AUTO_PROTECTED,Batch 1,0,0,GLOBAL AGGREGATE — FRANCE CONTAMINATION POSSIBLE,NONE,Bangladesh-filtered GSC page/query export required
back,https://ovidhan.net/word/back.html,AUTO_PROTECTED,Batch 1,0,0,GLOBAL AGGREGATE — FRANCE CONTAMINATION POSSIBLE,NONE,Bangladesh-filtered GSC page/query export required
backdrop,https://ovidhan.net/word/backdrop.html,AUTO_PROTECTED,Batch 1,0,0,GLOBAL AGGREGATE — FRANCE CONTAMINATION POSSIBLE,NONE,Bangladesh-filtered GSC page/query export required
backfire,https://ovidhan.net/word/backfire.html,AUTO_PROTECTED,Batch 1,0,0,GLOBAL AGGREGATE — FRANCE CONTAMINATION POSSIBLE,NONE,Bangladesh-filtered GSC page/query export required
background,https://ovidhan.net/word/background.html,AUTO_PROTECTED,Batch 1,0,0,GLOBAL AGGREGATE — FRANCE CONTAMINATION POSSIBLE,NONE,Bangladesh-filtered GSC page/query export required
backlash,https://ovidhan.net/word/backlash.html,AUTO_PROTECTED,Batch 1,0,0,GLOBAL AGGREGATE — FRANCE CONTAMINATION POSSIBLE,NONE,Bangladesh-filtered GSC page/query export required
backlog,https://ovidhan.net/word/backlog.html,AUTO_PROTECTED,Batch 1,0,0,GLOBAL AGGREGATE — FRANCE CONTAMINATION POSSIBLE,NONE,Bangladesh-filtered GSC page/query export required
backup,https://ovidhan.net/word/backup.html,AUTO_PROTECTED,Batch 1,0,0,GLOBAL AGGREGATE — FRANCE CONTAMINATION POSSIBLE,NONE,Bangladesh-filtered GSC page/query export required
backward,https://ovidhan.net/word/backward.html,AUTO_PROTECTED,Batch 1,0,0,GLOBAL AGGREGATE — FRANCE CONTAMINATION POSSIBLE,NONE,Bangladesh-filtered GSC page/query export required
bad,https://ovidhan.net/word/bad.html,AUTO_PROTECTED,Batch 1,0,0,GLOBAL AGGREGATE — FRANCE CONTAMINATION POSSIBLE,NONE,Bangladesh-filtered GSC page/query export required
baffle,https://ovidhan.net/word/baffle.html,AUTO_PROTECTED,Batch 1,0,0,GLOBAL AGGREGATE — FRANCE CONTAMINATION POSSIBLE,NONE,Bangladesh-filtered GSC page/query export required
bag,https://ovidhan.net/word/bag.html,AUTO_PROTECTED,Batch 1,0,0,GLOBAL AGGREGATE — FRANCE CONTAMINATION POSSIBLE,NONE,Bangladesh-filtered GSC page/query export required
bags,https://ovidhan.net/word/bags.html,AUTO_PROTECTED,Batch 1,0,0,GLOBAL AGGREGATE — FRANCE CONTAMINATION POSSIBLE,NONE,Bangladesh-filtered GSC page/query export required
bail,https://ovidhan.net/word/bail.html,AUTO_PROTECTED,Batch 1,0,0,GLOBAL AGGREGATE — FRANCE CONTAMINATION POSSIBLE,NONE,Bangladesh-filtered GSC page/query export required
bait,https://ovidhan.net/word/bait.html,AUTO_PROTECTED,Batch 1,0,0,GLOBAL AGGREGATE — FRANCE CONTAMINATION POSSIBLE,NONE,Bangladesh-filtered GSC page/query export required
baker,https://ovidhan.net/word/baker.html,AUTO_PROTECTED,Batch 1,0,0,GLOBAL AGGREGATE — FRANCE CONTAMINATION POSSIBLE,NONE,Bangladesh-filtered GSC page/query export required
balance,https://ovidhan.net/word/balance.html,AUTO_PROTECTED,Batch 1,0,0,GLOBAL AGGREGATE — FRANCE CONTAMINATION POSSIBLE,NONE,Bangladesh-filtered GSC page/query export required
balcony,https://ovidhan.net/word/balcony.html,AUTO_PROTECTED,Batch 1,0,0,GLOBAL AGGREGATE — FRANCE CONTAMINATION POSSIBLE,NONE,Bangladesh-filtered GSC page/query export required
bald,https://ovidhan.net/word/bald.html,AUTO_PROTECTED,Batch 1,0,0,GLOBAL AGGREGATE — FRANCE CONTAMINATION POSSIBLE,NONE,Bangladesh-filtered GSC page/query export required
ball,https://ovidhan.net/word/ball.html,AUTO_PROTECTED,Batch 1,0,0,GLOBAL AGGREGATE — FRANCE CONTAMINATION POSSIBLE,NONE,Bangladesh-filtered GSC page/query export required
ballet,https://ovidhan.net/word/ballet.html,AUTO_PROTECTED,Batch 1,0,0,GLOBAL AGGREGATE — FRANCE CONTAMINATION POSSIBLE,NONE,Bangladesh-filtered GSC page/query export required
ballistic,https://ovidhan.net/word/ballistic.html,AUTO_PROTECTED,Batch 1,0,0,GLOBAL AGGREGATE — FRANCE CONTAMINATION POSSIBLE,NONE,Bangladesh-filtered GSC page/query export required
balloon,https://ovidhan.net/word/balloon.html,AUTO_PROTECTED,Batch 1,0,0,GLOBAL AGGREGATE — FRANCE CONTAMINATION POSSIBLE,NONE,Bangladesh-filtered GSC page/query export required
ballot,https://ovidhan.net/word/ballot.html,AUTO_PROTECTED,Batch 1,0,0,GLOBAL AGGREGATE — FRANCE CONTAMINATION POSSIBLE,NONE,Bangladesh-filtered GSC page/query export required
balls,https://ovidhan.net/word/balls.html,AUTO_PROTECTED,Batch 1,0,0,GLOBAL AGGREGATE — FRANCE CONTAMINATION POSSIBLE,NONE,Bangladesh-filtered GSC page/query export required
baltimore,https://ovidhan.net/word/baltimore.html,AUTO_PROTECTED,Batch 1,0,0,GLOBAL AGGREGATE — FRANCE CONTAMINATION POSSIBLE,NONE,Bangladesh-filtered GSC page/query export required
bamboo,https://ovidhan.net/word/bamboo.html,AUTO_PROTECTED,Batch 1,0,0,GLOBAL AGGREGATE — FRANCE CONTAMINATION POSSIBLE,NONE,Bangladesh-filtered GSC page/query export required
ban,https://ovidhan.net/word/ban.html,AUTO_PROTECTED,Batch 1,0,0,GLOBAL AGGREGATE — FRANCE CONTAMINATION POSSIBLE,NONE,Bangladesh-filtered GSC page/query export required
band,https://ovidhan.net/word/band.html,AUTO_PROTECTED,Batch 1,0,0,GLOBAL AGGREGATE — FRANCE CONTAMINATION POSSIBLE,NONE,Bangladesh-filtered GSC page/query export required
bands,https://ovidhan.net/word/bands.html,AUTO_PROTECTED,Batch 1,0,0,GLOBAL AGGREGATE — FRANCE CONTAMINATION POSSIBLE,NONE,Bangladesh-filtered GSC page/query export required
bang,https://ovidhan.net/word/bang.html,AUTO_PROTECTED,Batch 1,0,0,GLOBAL AGGREGATE — FRANCE CONTAMINATION POSSIBLE,NONE,Bangladesh-filtered GSC page/query export required
banish,https://ovidhan.net/word/banish.html,AUTO_PROTECTED,Batch 1,0,0,GLOBAL AGGREGATE — FRANCE CONTAMINATION POSSIBLE,NONE,Bangladesh-filtered GSC page/query export required
banister,https://ovidhan.net/word/banister.html,AUTO_PROTECTED,Batch 1,0,0,GLOBAL AGGREGATE — FRANCE CONTAMINATION POSSIBLE,NONE,Bangladesh-filtered GSC page/query export required
bank,https://ovidhan.net/word/bank.html,AUTO_PROTECTED,Batch 1,0,0,GLOBAL AGGREGATE — FRANCE CONTAMINATION POSSIBLE,NONE,Bangladesh-filtered GSC page/query export required
banking,https://ovidhan.net/word/banking.html,AUTO_PROTECTED,Batch 1,0,0,GLOBAL AGGREGATE — FRANCE CONTAMINATION POSSIBLE,NONE,Bangladesh-filtered GSC page/query export required
bankrupt,https://ovidhan.net/word/bankrupt.html,AUTO_PROTECTED,Batch 1,0,0,GLOBAL AGGREGATE — FRANCE CONTAMINATION POSSIBLE,NONE,Bangladesh-filtered GSC page/query export required
bankruptcy,https://ovidhan.net/word/bankruptcy.html,AUTO_PROTECTED,Batch 1,0,0,GLOBAL AGGREGATE — FRANCE CONTAMINATION POSSIBLE,NONE,Bangladesh-filtered GSC page/query export required
banks,https://ovidhan.net/word/banks.html,AUTO_PROTECTED,Batch 1,0,0,GLOBAL AGGREGATE — FRANCE CONTAMINATION POSSIBLE,NONE,Bangladesh-filtered GSC page/query export required
banner,https://ovidhan.net/word/banner.html,AUTO_PROTECTED,Batch 1,0,0,GLOBAL AGGREGATE — FRANCE CONTAMINATION POSSIBLE,NONE,Bangladesh-filtered GSC page/query export required
banquet,https://ovidhan.net/word/banquet.html,AUTO_PROTECTED,Batch 1,0,0,GLOBAL AGGREGATE — FRANCE CONTAMINATION POSSIBLE,NONE,Bangladesh-filtered GSC page/query export required
bar,https://ovidhan.net/word/bar.html,AUTO_PROTECTED,Batch 1,0,0,GLOBAL AGGREGATE — FRANCE CONTAMINATION POSSIBLE,NONE,Bangladesh-filtered GSC page/query export required
barbara,https://ovidhan.net/word/barbara.html,AUTO_PROTECTED,Batch 1,0,0,GLOBAL AGGREGATE — FRANCE CONTAMINATION POSSIBLE,NONE,Bangladesh-filtered GSC page/query export required
barbaric,https://ovidhan.net/word/barbaric.html,AUTO_PROTECTED,Batch 1,0,9,GLOBAL AGGREGATE — FRANCE CONTAMINATION POSSIBLE,LOW,Bangladesh-filtered GSC page/query export required
barbeque,https://ovidhan.net/word/barbeque.html,AUTO_PROTECTED,Batch 1,0,0,GLOBAL AGGREGATE — FRANCE CONTAMINATION POSSIBLE,NONE,Bangladesh-filtered GSC page/query export required
bare,https://ovidhan.net/word/bare.html,AUTO_PROTECTED,Batch 1,0,0,GLOBAL AGGREGATE — FRANCE CONTAMINATION POSSIBLE,NONE,Bangladesh-filtered GSC page/query export required
bargain,https://ovidhan.net/word/bargain.html,AUTO_PROTECTED,Batch 1,0,0,GLOBAL AGGREGATE — FRANCE CONTAMINATION POSSIBLE,NONE,Bangladesh-filtered GSC page/query export required
barge,https://ovidhan.net/word/barge.html,AUTO_PROTECTED,Batch 1,0,0,GLOBAL AGGREGATE — FRANCE CONTAMINATION POSSIBLE,NONE,Bangladesh-filtered GSC page/query export required
baritone,https://ovidhan.net/word/baritone.html,AUTO_PROTECTED,Batch 1,0,0,GLOBAL AGGREGATE — FRANCE CONTAMINATION POSSIBLE,NONE,Bangladesh-filtered GSC page/query export required
bark,https://ovidhan.net/word/bark.html,AUTO_PROTECTED,Batch 1,0,0,GLOBAL AGGREGATE — FRANCE CONTAMINATION POSSIBLE,NONE,Bangladesh-filtered GSC page/query export required
barley,https://ovidhan.net/word/barley.html,AUTO_PROTECTED,Batch 1,0,0,GLOBAL AGGREGATE — FRANCE CONTAMINATION POSSIBLE,NONE,Bangladesh-filtered GSC page/query export required
barn,https://ovidhan.net/word/barn.html,AUTO_PROTECTED,Batch 1,0,0,GLOBAL AGGREGATE — FRANCE CONTAMINATION POSSIBLE,NONE,Bangladesh-filtered GSC page/query export required
baron,https://ovidhan.net/word/baron.html,AUTO_PROTECTED,Batch 1,0,0,GLOBAL AGGREGATE — FRANCE CONTAMINATION POSSIBLE,NONE,Bangladesh-filtered GSC page/query export required
barracks,https://ovidhan.net/word/barracks.html,AUTO_PROTECTED,Batch 1,0,0,GLOBAL AGGREGATE — FRANCE CONTAMINATION POSSIBLE,NONE,Bangladesh-filtered GSC page/query export required
barren,https://ovidhan.net/word/barren.html,AUTO_PROTECTED,Batch 1,0,0,GLOBAL AGGREGATE — FRANCE CONTAMINATION POSSIBLE,NONE,Bangladesh-filtered GSC page/query export required
barricade,https://ovidhan.net/word/barricade.html,AUTO_PROTECTED,Batch 1,0,0,GLOBAL AGGREGATE — FRANCE CONTAMINATION POSSIBLE,NONE,Bangladesh-filtered GSC page/query export required
barrier,https://ovidhan.net/word/barrier.html,AUTO_PROTECTED,Batch 1,0,0,GLOBAL AGGREGATE — FRANCE CONTAMINATION POSSIBLE,NONE,Bangladesh-filtered GSC page/query export required
bars,https://ovidhan.net/word/bars.html,AUTO_PROTECTED,Batch 1,0,0,GLOBAL AGGREGATE — FRANCE CONTAMINATION POSSIBLE,NONE,Bangladesh-filtered GSC page/query export required
barter,https://ovidhan.net/word/barter.html,AUTO_PROTECTED,Batch 1,0,0,GLOBAL AGGREGATE — FRANCE CONTAMINATION POSSIBLE,NONE,Bangladesh-filtered GSC page/query export required
base,https://ovidhan.net/word/base.html,AUTO_PROTECTED,Batch 1,0,0,GLOBAL AGGREGATE — FRANCE CONTAMINATION POSSIBLE,NONE,Bangladesh-filtered GSC page/query export required
baseball,https://ovidhan.net/word/baseball.html,AUTO_PROTECTED,Batch 1,0,0,GLOBAL AGGREGATE — FRANCE CONTAMINATION POSSIBLE,NONE,Bangladesh-filtered GSC page/query export required
based,https://ovidhan.net/word/based.html,AUTO_PROTECTED,Batch 1,0,0,GLOBAL AGGREGATE — FRANCE CONTAMINATION POSSIBLE,NONE,Bangladesh-filtered GSC page/query export required
basement,https://ovidhan.net/word/basement.html,AUTO_PROTECTED,Batch 1,0,0,GLOBAL AGGREGATE — FRANCE CONTAMINATION POSSIBLE,NONE,Bangladesh-filtered GSC page/query export required
bashful,https://ovidhan.net/word/bashful.html,AUTO_PROTECTED,Batch 1,0,0,GLOBAL AGGREGATE — FRANCE CONTAMINATION POSSIBLE,NONE,Bangladesh-filtered GSC page/query export required
basic,https://ovidhan.net/word/basic.html,AUTO_PROTECTED,Batch 1,0,0,GLOBAL AGGREGATE — FRANCE CONTAMINATION POSSIBLE,NONE,Bangladesh-filtered GSC page/query export required
basin,https://ovidhan.net/word/basin.html,AUTO_PROTECTED,Batch 1,0,0,GLOBAL AGGREGATE — FRANCE CONTAMINATION POSSIBLE,NONE,Bangladesh-filtered GSC page/query export required
basis,https://ovidhan.net/word/basis.html,AUTO_PROTECTED,Batch 1,0,0,GLOBAL AGGREGATE — FRANCE CONTAMINATION POSSIBLE,NONE,Bangladesh-filtered GSC page/query export required
basket,https://ovidhan.net/word/basket.html,AUTO_PROTECTED,Batch 1,0,0,GLOBAL AGGREGATE — FRANCE CONTAMINATION POSSIBLE,NONE,Bangladesh-filtered GSC page/query export required
basketball,https://ovidhan.net/word/basketball.html,AUTO_PROTECTED,Batch 1,0,0,GLOBAL AGGREGATE — FRANCE CONTAMINATION POSSIBLE,NONE,Bangladesh-filtered GSC page/query export required
bass,https://ovidhan.net/word/bass.html,AUTO_PROTECTED,Batch 1,0,0,GLOBAL AGGREGATE — FRANCE CONTAMINATION POSSIBLE,NONE,Bangladesh-filtered GSC page/query export required
bastard,https://ovidhan.net/word/bastard.html,AUTO_PROTECTED,Batch 1,0,0,GLOBAL AGGREGATE — FRANCE CONTAMINATION POSSIBLE,NONE,Bangladesh-filtered GSC page/query export required
bat,https://ovidhan.net/word/bat.html,AUTO_PROTECTED,Batch 1,0,0,GLOBAL AGGREGATE — FRANCE CONTAMINATION POSSIBLE,NONE,Bangladesh-filtered GSC page/query export required
batch,https://ovidhan.net/word/batch.html,AUTO_PROTECTED,Batch 1,0,0,GLOBAL AGGREGATE — FRANCE CONTAMINATION POSSIBLE,NONE,Bangladesh-filtered GSC page/query export required
bath,https://ovidhan.net/word/bath.html,AUTO_PROTECTED,Batch 1,0,0,GLOBAL AGGREGATE — FRANCE CONTAMINATION POSSIBLE,NONE,Bangladesh-filtered GSC page/query export required
bathroom,https://ovidhan.net/word/bathroom.html,AUTO_PROTECTED,Batch 1,0,0,GLOBAL AGGREGATE — FRANCE CONTAMINATION POSSIBLE,NONE,Bangladesh-filtered GSC page/query export required
batter,https://ovidhan.net/word/batter.html,AUTO_PROTECTED,Batch 1,0,0,GLOBAL AGGREGATE — FRANCE CONTAMINATION POSSIBLE,NONE,Bangladesh-filtered GSC page/query export required
batteries,https://ovidhan.net/word/batteries.html,AUTO_PROTECTED,Batch 1,0,0,GLOBAL AGGREGATE — FRANCE CONTAMINATION POSSIBLE,NONE,Bangladesh-filtered GSC page/query export required
battery,https://ovidhan.net/word/battery.html,AUTO_PROTECTED,Batch 1,0,0,GLOBAL AGGREGATE — FRANCE CONTAMINATION POSSIBLE,NONE,Bangladesh-filtered GSC page/query export required
battle,https://ovidhan.net/word/battle.html,AUTO_PROTECTED,Batch 1,0,0,GLOBAL AGGREGATE — FRANCE CONTAMINATION POSSIBLE,NONE,Bangladesh-filtered GSC page/query export required
bay,https://ovidhan.net/word/bay.html,AUTO_PROTECTED,Batch 1,0,0,GLOBAL AGGREGATE — FRANCE CONTAMINATION POSSIBLE,NONE,Bangladesh-filtered GSC page/query export required
bazaar,https://ovidhan.net/word/bazaar.html,AUTO_PROTECTED,Batch 1,0,0,GLOBAL AGGREGATE — FRANCE CONTAMINATION POSSIBLE,NONE,Bangladesh-filtered GSC page/query export required
bb,https://ovidhan.net/word/bb.html,AUTO_PROTECTED,Batch 1,0,0,GLOBAL AGGREGATE — FRANCE CONTAMINATION POSSIBLE,NONE,Bangladesh-filtered GSC page/query export required
bbc,https://ovidhan.net/word/bbc.html,AUTO_PROTECTED,Batch 1,0,0,GLOBAL AGGREGATE — FRANCE CONTAMINATION POSSIBLE,NONE,Bangladesh-filtered GSC page/query export required
bc,https://ovidhan.net/word/bc.html,AUTO_PROTECTED,Batch 1,0,0,GLOBAL AGGREGATE — FRANCE CONTAMINATION POSSIBLE,NONE,Bangladesh-filtered GSC page/query export required
be,https://ovidhan.net/word/be.html,AUTO_PROTECTED,Batch 1,0,0,GLOBAL AGGREGATE — FRANCE CONTAMINATION POSSIBLE,NONE,Bangladesh-filtered GSC page/query export required
beach,https://ovidhan.net/word/beach.html,AUTO_PROTECTED,Batch 1,0,0,GLOBAL AGGREGATE — FRANCE CONTAMINATION POSSIBLE,NONE,Bangladesh-filtered GSC page/query export required
beacon,https://ovidhan.net/word/beacon.html,AUTO_PROTECTED,Batch 1,0,0,GLOBAL AGGREGATE — FRANCE CONTAMINATION POSSIBLE,NONE,Bangladesh-filtered GSC page/query export required
bead,https://ovidhan.net/word/bead.html,AUTO_PROTECTED,Batch 1,0,0,GLOBAL AGGREGATE — FRANCE CONTAMINATION POSSIBLE,NONE,Bangladesh-filtered GSC page/query export required
beak,https://ovidhan.net/word/beak.html,AUTO_PROTECTED,Batch 1,0,0,GLOBAL AGGREGATE — FRANCE CONTAMINATION POSSIBLE,NONE,Bangladesh-filtered GSC page/query export required
beam,https://ovidhan.net/word/beam.html,AUTO_PROTECTED,Batch 1,0,0,GLOBAL AGGREGATE — FRANCE CONTAMINATION POSSIBLE,NONE,Bangladesh-filtered GSC page/query export required
bean,https://ovidhan.net/word/bean.html,AUTO_PROTECTED,Batch 1,0,0,GLOBAL AGGREGATE — FRANCE CONTAMINATION POSSIBLE,NONE,Bangladesh-filtered GSC page/query export required
bear,https://ovidhan.net/word/bear.html,AUTO_PROTECTED,Batch 1,0,0,GLOBAL AGGREGATE — FRANCE CONTAMINATION POSSIBLE,NONE,Bangladesh-filtered GSC page/query export required
beard,https://ovidhan.net/word/beard.html,AUTO_PROTECTED,Batch 1,0,0,GLOBAL AGGREGATE — FRANCE CONTAMINATION POSSIBLE,NONE,Bangladesh-filtered GSC page/query export required
bearing,https://ovidhan.net/word/bearing.html,AUTO_PROTECTED,Batch 1,0,0,GLOBAL AGGREGATE — FRANCE CONTAMINATION POSSIBLE,NONE,Bangladesh-filtered GSC page/query export required
bears,https://ovidhan.net/word/bears.html,AUTO_PROTECTED,Batch 1,0,0,GLOBAL AGGREGATE — FRANCE CONTAMINATION POSSIBLE,NONE,Bangladesh-filtered GSC page/query export required
beast,https://ovidhan.net/word/beast.html,AUTO_PROTECTED,Batch 1,0,0,GLOBAL AGGREGATE — FRANCE CONTAMINATION POSSIBLE,NONE,Bangladesh-filtered GSC page/query export required
beastiality,https://ovidhan.net/word/beastiality.html,AUTO_PROTECTED,Batch 1,0,0,GLOBAL AGGREGATE — FRANCE CONTAMINATION POSSIBLE,NONE,Bangladesh-filtered GSC page/query export required
beat,https://ovidhan.net/word/beat.html,AUTO_PROTECTED,Batch 1,0,0,GLOBAL AGGREGATE — FRANCE CONTAMINATION POSSIBLE,NONE,Bangladesh-filtered GSC page/query export required
beatitude,https://ovidhan.net/word/beatitude.html,AUTO_PROTECTED,Batch 1,0,0,GLOBAL AGGREGATE — FRANCE CONTAMINATION POSSIBLE,NONE,Bangladesh-filtered GSC page/query export required
beautiful,https://ovidhan.net/word/beautiful.html,AUTO_PROTECTED,Batch 1,0,0,GLOBAL AGGREGATE — FRANCE CONTAMINATION POSSIBLE,NONE,Bangladesh-filtered GSC page/query export required
beauty,https://ovidhan.net/word/beauty.html,AUTO_PROTECTED,Batch 1,0,0,GLOBAL AGGREGATE — FRANCE CONTAMINATION POSSIBLE,NONE,Bangladesh-filtered GSC page/query export required
became,https://ovidhan.net/word/became.html,AUTO_PROTECTED,Batch 1,0,0,GLOBAL AGGREGATE — FRANCE CONTAMINATION POSSIBLE,NONE,Bangladesh-filtered GSC page/query export required
because,https://ovidhan.net/word/because.html,AUTO_PROTECTED,Batch 1,0,0,GLOBAL AGGREGATE — FRANCE CONTAMINATION POSSIBLE,NONE,Bangladesh-filtered GSC page/query export required
beckon,https://ovidhan.net/word/beckon.html,AUTO_PROTECTED,Batch 1,0,0,GLOBAL AGGREGATE — FRANCE CONTAMINATION POSSIBLE,NONE,Bangladesh-filtered GSC page/query export required
become,https://ovidhan.net/word/become.html,AUTO_PROTECTED,Batch 1,0,0,GLOBAL AGGREGATE — FRANCE CONTAMINATION POSSIBLE,NONE,Bangladesh-filtered GSC page/query export required
becomes,https://ovidhan.net/word/becomes.html,AUTO_PROTECTED,Batch 1,0,0,GLOBAL AGGREGATE — FRANCE CONTAMINATION POSSIBLE,NONE,Bangladesh-filtered GSC page/query export required
becoming,https://ovidhan.net/word/becoming.html,AUTO_PROTECTED,Batch 1,0,0,GLOBAL AGGREGATE — FRANCE CONTAMINATION POSSIBLE,NONE,Bangladesh-filtered GSC page/query export required
bed,https://ovidhan.net/word/bed.html,AUTO_PROTECTED,Batch 1,0,0,GLOBAL AGGREGATE — FRANCE CONTAMINATION POSSIBLE,NONE,Bangladesh-filtered GSC page/query export required
bedrock,https://ovidhan.net/word/bedrock.html,AUTO_PROTECTED,Batch 1,0,0,GLOBAL AGGREGATE — FRANCE CONTAMINATION POSSIBLE,NONE,Bangladesh-filtered GSC page/query export required
bedroom,https://ovidhan.net/word/bedroom.html,AUTO_PROTECTED,Batch 1,0,0,GLOBAL AGGREGATE — FRANCE CONTAMINATION POSSIBLE,NONE,Bangladesh-filtered GSC page/query export required
bedrooms,https://ovidhan.net/word/bedrooms.html,AUTO_PROTECTED,Batch 1,0,0,GLOBAL AGGREGATE — FRANCE CONTAMINATION POSSIBLE,NONE,Bangladesh-filtered GSC page/query export required
beds,https://ovidhan.net/word/beds.html,AUTO_PROTECTED,Batch 1,0,0,GLOBAL AGGREGATE — FRANCE CONTAMINATION POSSIBLE,NONE,Bangladesh-filtered GSC page/query export required
beef,https://ovidhan.net/word/beef.html,AUTO_PROTECTED,Batch 1,0,0,GLOBAL AGGREGATE — FRANCE CONTAMINATION POSSIBLE,NONE,Bangladesh-filtered GSC page/query export required
been,https://ovidhan.net/word/been.html,AUTO_PROTECTED,Batch 1,0,0,GLOBAL AGGREGATE — FRANCE CONTAMINATION POSSIBLE,NONE,Bangladesh-filtered GSC page/query export required
beer,https://ovidhan.net/word/beer.html,AUTO_PROTECTED,Batch 1,0,0,GLOBAL AGGREGATE — FRANCE CONTAMINATION POSSIBLE,NONE,Bangladesh-filtered GSC page/query export required
beetle,https://ovidhan.net/word/beetle.html,AUTO_PROTECTED,Batch 1,0,0,GLOBAL AGGREGATE — FRANCE CONTAMINATION POSSIBLE,NONE,Bangladesh-filtered GSC page/query export required
befit,https://ovidhan.net/word/befit.html,AUTO_PROTECTED,Batch 1,0,0,GLOBAL AGGREGATE — FRANCE CONTAMINATION POSSIBLE,NONE,Bangladesh-filtered GSC page/query export required
before,https://ovidhan.net/word/before.html,AUTO_PROTECTED,Batch 1,0,0,GLOBAL AGGREGATE — FRANCE CONTAMINATION POSSIBLE,NONE,Bangladesh-filtered GSC page/query export required
beforehand,https://ovidhan.net/word/beforehand.html,AUTO_PROTECTED,Batch 1,0,0,GLOBAL AGGREGATE — FRANCE CONTAMINATION POSSIBLE,NONE,Bangladesh-filtered GSC page/query export required
began,https://ovidhan.net/word/began.html,AUTO_PROTECTED,Batch 1,0,0,GLOBAL AGGREGATE — FRANCE CONTAMINATION POSSIBLE,NONE,Bangladesh-filtered GSC page/query export required
beggar,https://ovidhan.net/word/beggar.html,AUTO_PROTECTED,Batch 1,0,0,GLOBAL AGGREGATE — FRANCE CONTAMINATION POSSIBLE,NONE,Bangladesh-filtered GSC page/query export required
begin,https://ovidhan.net/word/begin.html,AUTO_PROTECTED,Batch 1,0,0,GLOBAL AGGREGATE — FRANCE CONTAMINATION POSSIBLE,NONE,Bangladesh-filtered GSC page/query export required
beginning,https://ovidhan.net/word/beginning.html,AUTO_PROTECTED,Batch 1,0,0,GLOBAL AGGREGATE — FRANCE CONTAMINATION POSSIBLE,NONE,Bangladesh-filtered GSC page/query export required
begins,https://ovidhan.net/word/begins.html,AUTO_PROTECTED,Batch 1,0,0,GLOBAL AGGREGATE — FRANCE CONTAMINATION POSSIBLE,NONE,Bangladesh-filtered GSC page/query export required
behalf,https://ovidhan.net/word/behalf.html,AUTO_PROTECTED,Batch 1,0,0,GLOBAL AGGREGATE — FRANCE CONTAMINATION POSSIBLE,NONE,Bangladesh-filtered GSC page/query export required
behavior,https://ovidhan.net/word/behavior.html,AUTO_PROTECTED,Batch 1,0,0,GLOBAL AGGREGATE — FRANCE CONTAMINATION POSSIBLE,NONE,Bangladesh-filtered GSC page/query export required
behind,https://ovidhan.net/word/behind.html,AUTO_PROTECTED,Batch 1,0,0,GLOBAL AGGREGATE — FRANCE CONTAMINATION POSSIBLE,NONE,Bangladesh-filtered GSC page/query export required
behold,https://ovidhan.net/word/behold.html,AUTO_PROTECTED,Batch 1,0,0,GLOBAL AGGREGATE — FRANCE CONTAMINATION POSSIBLE,NONE,Bangladesh-filtered GSC page/query export required
being,https://ovidhan.net/word/being.html,AUTO_PROTECTED,Batch 1,0,0,GLOBAL AGGREGATE — FRANCE CONTAMINATION POSSIBLE,NONE,Bangladesh-filtered GSC page/query export required
belated,https://ovidhan.net/word/belated.html,AUTO_PROTECTED,Batch 1,0,0,GLOBAL AGGREGATE — FRANCE CONTAMINATION POSSIBLE,NONE,Bangladesh-filtered GSC page/query export required
belch,https://ovidhan.net/word/belch.html,AUTO_PROTECTED,Batch 1,0,0,GLOBAL AGGREGATE — FRANCE CONTAMINATION POSSIBLE,NONE,Bangladesh-filtered GSC page/query export required
belgium,https://ovidhan.net/word/belgium.html,AUTO_PROTECTED,Batch 1,0,0,GLOBAL AGGREGATE — FRANCE CONTAMINATION POSSIBLE,NONE,Bangladesh-filtered GSC page/query export required
belief,https://ovidhan.net/word/belief.html,AUTO_PROTECTED,Batch 1,0,0,GLOBAL AGGREGATE — FRANCE CONTAMINATION POSSIBLE,NONE,Bangladesh-filtered GSC page/query export required
believe,https://ovidhan.net/word/believe.html,AUTO_PROTECTED,Batch 1,0,0,GLOBAL AGGREGATE — FRANCE CONTAMINATION POSSIBLE,NONE,Bangladesh-filtered GSC page/query export required
believed,https://ovidhan.net/word/believed.html,AUTO_PROTECTED,Batch 1,0,0,GLOBAL AGGREGATE — FRANCE CONTAMINATION POSSIBLE,NONE,Bangladesh-filtered GSC page/query export required
bell,https://ovidhan.net/word/bell.html,AUTO_PROTECTED,Batch 1,0,0,GLOBAL AGGREGATE — FRANCE CONTAMINATION POSSIBLE,NONE,Bangladesh-filtered GSC page/query export required
belligerent,https://ovidhan.net/word/belligerent.html,AUTO_PROTECTED,Batch 1,0,0,GLOBAL AGGREGATE — FRANCE CONTAMINATION POSSIBLE,NONE,Bangladesh-filtered GSC page/query export required
belly,https://ovidhan.net/word/belly.html,AUTO_PROTECTED,Batch 1,0,0,GLOBAL AGGREGATE — FRANCE CONTAMINATION POSSIBLE,NONE,Bangladesh-filtered GSC page/query export required
belong,https://ovidhan.net/word/belong.html,AUTO_PROTECTED,Batch 1,0,0,GLOBAL AGGREGATE — FRANCE CONTAMINATION POSSIBLE,NONE,Bangladesh-filtered GSC page/query export required
beloved,https://ovidhan.net/word/beloved.html,AUTO_PROTECTED,Batch 1,0,0,GLOBAL AGGREGATE — FRANCE CONTAMINATION POSSIBLE,NONE,Bangladesh-filtered GSC page/query export required
below,https://ovidhan.net/word/below.html,AUTO_PROTECTED,Batch 1,0,0,GLOBAL AGGREGATE — FRANCE CONTAMINATION POSSIBLE,NONE,Bangladesh-filtered GSC page/query export required
belt,https://ovidhan.net/word/belt.html,AUTO_PROTECTED,Batch 1,0,0,GLOBAL AGGREGATE — FRANCE CONTAMINATION POSSIBLE,NONE,Bangladesh-filtered GSC page/query export required
ben,https://ovidhan.net/word/ben.html,AUTO_PROTECTED,Batch 1,0,0,GLOBAL AGGREGATE — FRANCE CONTAMINATION POSSIBLE,NONE,Bangladesh-filtered GSC page/query export required
bench,https://ovidhan.net/word/bench.html,AUTO_PROTECTED,Batch 1,0,0,GLOBAL AGGREGATE — FRANCE CONTAMINATION POSSIBLE,NONE,Bangladesh-filtered GSC page/query export required
benchmark,https://ovidhan.net/word/benchmark.html,AUTO_PROTECTED,Batch 1,0,0,GLOBAL AGGREGATE — FRANCE CONTAMINATION POSSIBLE,NONE,Bangladesh-filtered GSC page/query export required
benefactor,https://ovidhan.net/word/benefactor.html,AUTO_PROTECTED,Batch 1,0,0,GLOBAL AGGREGATE — FRANCE CONTAMINATION POSSIBLE,NONE,Bangladesh-filtered GSC page/query export required
beneficial,https://ovidhan.net/word/beneficial.html,AUTO_PROTECTED,Batch 1,0,0,GLOBAL AGGREGATE — FRANCE CONTAMINATION POSSIBLE,NONE,Bangladesh-filtered GSC page/query export required
benefit,https://ovidhan.net/word/benefit.html,AUTO_PROTECTED,Batch 1,0,0,GLOBAL AGGREGATE — FRANCE CONTAMINATION POSSIBLE,NONE,Bangladesh-filtered GSC page/query export required
benefits,https://ovidhan.net/word/benefits.html,AUTO_PROTECTED,Batch 1,0,0,GLOBAL AGGREGATE — FRANCE CONTAMINATION POSSIBLE,NONE,Bangladesh-filtered GSC page/query export required
benevolent,https://ovidhan.net/word/benevolent.html,AUTO_PROTECTED,Batch 1,0,0,GLOBAL AGGREGATE — FRANCE CONTAMINATION POSSIBLE,NONE,Bangladesh-filtered GSC page/query export required
benign,https://ovidhan.net/word/benign.html,AUTO_PROTECTED,Batch 1,0,0,GLOBAL AGGREGATE — FRANCE CONTAMINATION POSSIBLE,NONE,Bangladesh-filtered GSC page/query export required
berlin,https://ovidhan.net/word/berlin.html,AUTO_PROTECTED,Batch 1,0,0,GLOBAL AGGREGATE — FRANCE CONTAMINATION POSSIBLE,NONE,Bangladesh-filtered GSC page/query export required
besiege,https://ovidhan.net/word/besiege.html,AUTO_PROTECTED,Batch 1,0,0,GLOBAL AGGREGATE — FRANCE CONTAMINATION POSSIBLE,NONE,Bangladesh-filtered GSC page/query export required
best,https://ovidhan.net/word/best.html,AUTO_PROTECTED,Batch 1,0,0,GLOBAL AGGREGATE — FRANCE CONTAMINATION POSSIBLE,NONE,Bangladesh-filtered GSC page/query export required
bestiality,https://ovidhan.net/word/bestiality.html,AUTO_PROTECTED,Batch 1,0,0,GLOBAL AGGREGATE — FRANCE CONTAMINATION POSSIBLE,NONE,Bangladesh-filtered GSC page/query export required
bestow,https://ovidhan.net/word/bestow.html,AUTO_PROTECTED,Batch 1,0,0,GLOBAL AGGREGATE — FRANCE CONTAMINATION POSSIBLE,NONE,Bangladesh-filtered GSC page/query export required
bet,https://ovidhan.net/word/bet.html,AUTO_PROTECTED,Batch 1,0,0,GLOBAL AGGREGATE — FRANCE CONTAMINATION POSSIBLE,NONE,Bangladesh-filtered GSC page/query export required
beta,https://ovidhan.net/word/beta.html,AUTO_PROTECTED,Batch 1,0,0,GLOBAL AGGREGATE — FRANCE CONTAMINATION POSSIBLE,NONE,Bangladesh-filtered GSC page/query export required
betray,https://ovidhan.net/word/betray.html,AUTO_PROTECTED,Batch 1,0,0,GLOBAL AGGREGATE — FRANCE CONTAMINATION POSSIBLE,NONE,Bangladesh-filtered GSC page/query export required
better,https://ovidhan.net/word/better.html,AUTO_PROTECTED,Batch 1,0,0,GLOBAL AGGREGATE — FRANCE CONTAMINATION POSSIBLE,NONE,Bangladesh-filtered GSC page/query export required
betting,https://ovidhan.net/word/betting.html,AUTO_PROTECTED,Batch 1,0,0,GLOBAL AGGREGATE — FRANCE CONTAMINATION POSSIBLE,NONE,Bangladesh-filtered GSC page/query export required
between,https://ovidhan.net/word/between.html,AUTO_PROTECTED,Batch 1,0,0,GLOBAL AGGREGATE — FRANCE CONTAMINATION POSSIBLE,NONE,Bangladesh-filtered GSC page/query export required
beware,https://ovidhan.net/word/beware.html,AUTO_PROTECTED,Batch 1,0,0,GLOBAL AGGREGATE — FRANCE CONTAMINATION POSSIBLE,NONE,Bangladesh-filtered GSC page/query export required
bewilder,https://ovidhan.net/word/bewilder.html,AUTO_PROTECTED,Batch 1,0,0,GLOBAL AGGREGATE — FRANCE CONTAMINATION POSSIBLE,NONE,Bangladesh-filtered GSC page/query export required
beyond,https://ovidhan.net/word/beyond.html,AUTO_PROTECTED,Batch 1,0,0,GLOBAL AGGREGATE — FRANCE CONTAMINATION POSSIBLE,NONE,Bangladesh-filtered GSC page/query export required
bias,https://ovidhan.net/word/bias.html,AUTO_PROTECTED,Batch 1,0,0,GLOBAL AGGREGATE — FRANCE CONTAMINATION POSSIBLE,NONE,Bangladesh-filtered GSC page/query export required
bible,https://ovidhan.net/word/bible.html,AUTO_PROTECTED,Batch 1,0,0,GLOBAL AGGREGATE — FRANCE CONTAMINATION POSSIBLE,NONE,Bangladesh-filtered GSC page/query export required
bicycle,https://ovidhan.net/word/bicycle.html,AUTO_PROTECTED,Batch 1,0,0,GLOBAL AGGREGATE — FRANCE CONTAMINATION POSSIBLE,NONE,Bangladesh-filtered GSC page/query export required
bid,https://ovidhan.net/word/bid.html,AUTO_PROTECTED,Batch 1,0,0,GLOBAL AGGREGATE — FRANCE CONTAMINATION POSSIBLE,NONE,Bangladesh-filtered GSC page/query export required
bidder,https://ovidhan.net/word/bidder.html,AUTO_PROTECTED,Batch 1,0,0,GLOBAL AGGREGATE — FRANCE CONTAMINATION POSSIBLE,NONE,Bangladesh-filtered GSC page/query export required
bidding,https://ovidhan.net/word/bidding.html,AUTO_PROTECTED,Batch 1,0,0,GLOBAL AGGREGATE — FRANCE CONTAMINATION POSSIBLE,NONE,Bangladesh-filtered GSC page/query export required
bids,https://ovidhan.net/word/bids.html,AUTO_PROTECTED,Batch 1,0,0,GLOBAL AGGREGATE — FRANCE CONTAMINATION POSSIBLE,NONE,Bangladesh-filtered GSC page/query export required
big,https://ovidhan.net/word/big.html,AUTO_PROTECTED,Batch 1,0,0,GLOBAL AGGREGATE — FRANCE CONTAMINATION POSSIBLE,NONE,Bangladesh-filtered GSC page/query export required
biggest,https://ovidhan.net/word/biggest.html,AUTO_PROTECTED,Batch 1,0,0,GLOBAL AGGREGATE — FRANCE CONTAMINATION POSSIBLE,NONE,Bangladesh-filtered GSC page/query export required
bike,https://ovidhan.net/word/bike.html,AUTO_PROTECTED,Batch 1,0,0,GLOBAL AGGREGATE — FRANCE CONTAMINATION POSSIBLE,NONE,Bangladesh-filtered GSC page/query export required
bilateral,https://ovidhan.net/word/bilateral.html,AUTO_PROTECTED,Batch 1,0,0,GLOBAL AGGREGATE — FRANCE CONTAMINATION POSSIBLE,NONE,Bangladesh-filtered GSC page/query export required
bilingual,https://ovidhan.net/word/bilingual.html,AUTO_PROTECTED,Batch 1,0,0,GLOBAL AGGREGATE — FRANCE CONTAMINATION POSSIBLE,NONE,Bangladesh-filtered GSC page/query export required
bill,https://ovidhan.net/word/bill.html,AUTO_PROTECTED,Batch 1,0,0,GLOBAL AGGREGATE — FRANCE CONTAMINATION POSSIBLE,NONE,Bangladesh-filtered GSC page/query export required
billion,https://ovidhan.net/word/billion.html,AUTO_PROTECTED,Batch 1,0,0,GLOBAL AGGREGATE — FRANCE CONTAMINATION POSSIBLE,NONE,Bangladesh-filtered GSC page/query export required
bills,https://ovidhan.net/word/bills.html,AUTO_PROTECTED,Batch 1,0,0,GLOBAL AGGREGATE — FRANCE CONTAMINATION POSSIBLE,NONE,Bangladesh-filtered GSC page/query export required
billy,https://ovidhan.net/word/billy.html,AUTO_PROTECTED,Batch 1,0,0,GLOBAL AGGREGATE — FRANCE CONTAMINATION POSSIBLE,NONE,Bangladesh-filtered GSC page/query export required
bin,https://ovidhan.net/word/bin.html,AUTO_PROTECTED,Batch 1,0,0,GLOBAL AGGREGATE — FRANCE CONTAMINATION POSSIBLE,NONE,Bangladesh-filtered GSC page/query export required
bind,https://ovidhan.net/word/bind.html,AUTO_PROTECTED,Batch 1,0,0,GLOBAL AGGREGATE — FRANCE CONTAMINATION POSSIBLE,NONE,Bangladesh-filtered GSC page/query export required
binding,https://ovidhan.net/word/binding.html,AUTO_PROTECTED,Batch 1,0,0,GLOBAL AGGREGATE — FRANCE CONTAMINATION POSSIBLE,NONE,Bangladesh-filtered GSC page/query export required
bio,https://ovidhan.net/word/bio.html,AUTO_PROTECTED,Batch 1,0,0,GLOBAL AGGREGATE — FRANCE CONTAMINATION POSSIBLE,NONE,Bangladesh-filtered GSC page/query export required
biography,https://ovidhan.net/word/biography.html,AUTO_PROTECTED,Batch 1,0,0,GLOBAL AGGREGATE — FRANCE CONTAMINATION POSSIBLE,NONE,Bangladesh-filtered GSC page/query export required
biological,https://ovidhan.net/word/biological.html,AUTO_PROTECTED,Batch 1,0,0,GLOBAL AGGREGATE — FRANCE CONTAMINATION POSSIBLE,NONE,Bangladesh-filtered GSC page/query export required
biology,https://ovidhan.net/word/biology.html,AUTO_PROTECTED,Batch 1,0,0,GLOBAL AGGREGATE — FRANCE CONTAMINATION POSSIBLE,NONE,Bangladesh-filtered GSC page/query export required
bird,https://ovidhan.net/word/bird.html,AUTO_PROTECTED,Batch 1,0,0,GLOBAL AGGREGATE — FRANCE CONTAMINATION POSSIBLE,NONE,Bangladesh-filtered GSC page/query export required
birds,https://ovidhan.net/word/birds.html,AUTO_PROTECTED,Batch 1,0,0,GLOBAL AGGREGATE — FRANCE CONTAMINATION POSSIBLE,NONE,Bangladesh-filtered GSC page/query export required
birmingham,https://ovidhan.net/word/birmingham.html,AUTO_PROTECTED,Batch 1,0,0,GLOBAL AGGREGATE — FRANCE CONTAMINATION POSSIBLE,NONE,Bangladesh-filtered GSC page/query export required
birth,https://ovidhan.net/word/birth.html,AUTO_PROTECTED,Batch 1,0,0,GLOBAL AGGREGATE — FRANCE CONTAMINATION POSSIBLE,NONE,Bangladesh-filtered GSC page/query export required
birthday,https://ovidhan.net/word/birthday.html,AUTO_PROTECTED,Batch 1,0,0,GLOBAL AGGREGATE — FRANCE CONTAMINATION POSSIBLE,NONE,Bangladesh-filtered GSC page/query export required
bishop,https://ovidhan.net/word/bishop.html,AUTO_PROTECTED,Batch 1,0,0,GLOBAL AGGREGATE — FRANCE CONTAMINATION POSSIBLE,NONE,Bangladesh-filtered GSC page/query export required
bit,https://ovidhan.net/word/bit.html,AUTO_PROTECTED,Batch 1,0,0,GLOBAL AGGREGATE — FRANCE CONTAMINATION POSSIBLE,NONE,Bangladesh-filtered GSC page/query export required
bits,https://ovidhan.net/word/bits.html,AUTO_PROTECTED,Batch 1,0,0,GLOBAL AGGREGATE — FRANCE CONTAMINATION POSSIBLE,NONE,Bangladesh-filtered GSC page/query export required
biz,https://ovidhan.net/word/biz.html,AUTO_PROTECTED,Batch 1,0,0,GLOBAL AGGREGATE — FRANCE CONTAMINATION POSSIBLE,NONE,Bangladesh-filtered GSC page/query export required
bizarre,https://ovidhan.net/word/bizarre.html,AUTO_PROTECTED,Batch 1,0,0,GLOBAL AGGREGATE — FRANCE CONTAMINATION POSSIBLE,NONE,Bangladesh-filtered GSC page/query export required
black,https://ovidhan.net/word/black.html,AUTO_PROTECTED,Batch 1,0,0,GLOBAL AGGREGATE — FRANCE CONTAMINATION POSSIBLE,NONE,Bangladesh-filtered GSC page/query export required
blackjack,https://ovidhan.net/word/blackjack.html,AUTO_PROTECTED,Batch 1,0,0,GLOBAL AGGREGATE — FRANCE CONTAMINATION POSSIBLE,NONE,Bangladesh-filtered GSC page/query export required
blackmail,https://ovidhan.net/word/blackmail.html,AUTO_PROTECTED,Batch 1,0,0,GLOBAL AGGREGATE — FRANCE CONTAMINATION POSSIBLE,NONE,Bangladesh-filtered GSC page/query export required
blade,https://ovidhan.net/word/blade.html,AUTO_PROTECTED,Batch 1,0,0,GLOBAL AGGREGATE — FRANCE CONTAMINATION POSSIBLE,NONE,Bangladesh-filtered GSC page/query export required
blame,https://ovidhan.net/word/blame.html,AUTO_PROTECTED,Batch 1,0,0,GLOBAL AGGREGATE — FRANCE CONTAMINATION POSSIBLE,NONE,Bangladesh-filtered GSC page/query export required
blank,https://ovidhan.net/word/blank.html,AUTO_PROTECTED,Batch 1,0,0,GLOBAL AGGREGATE — FRANCE CONTAMINATION POSSIBLE,NONE,Bangladesh-filtered GSC page/query export required
blasphemy,https://ovidhan.net/word/blasphemy.html,AUTO_PROTECTED,Batch 1,0,0,GLOBAL AGGREGATE — FRANCE CONTAMINATION POSSIBLE,NONE,Bangladesh-filtered GSC page/query export required
blast,https://ovidhan.net/word/blast.html,AUTO_PROTECTED,Batch 1,0,0,GLOBAL AGGREGATE — FRANCE CONTAMINATION POSSIBLE,NONE,Bangladesh-filtered GSC page/query export required
blatant,https://ovidhan.net/word/blatant.html,AUTO_PROTECTED,Batch 1,0,0,GLOBAL AGGREGATE — FRANCE CONTAMINATION POSSIBLE,NONE,Bangladesh-filtered GSC page/query export required
blaze,https://ovidhan.net/word/blaze.html,AUTO_PROTECTED,Batch 1,0,0,GLOBAL AGGREGATE — FRANCE CONTAMINATION POSSIBLE,NONE,Bangladesh-filtered GSC page/query export required
bleach,https://ovidhan.net/word/bleach.html,AUTO_PROTECTED,Batch 1,0,0,GLOBAL AGGREGATE — FRANCE CONTAMINATION POSSIBLE,NONE,Bangladesh-filtered GSC page/query export required
bleed,https://ovidhan.net/word/bleed.html,AUTO_PROTECTED,Batch 1,0,0,GLOBAL AGGREGATE — FRANCE CONTAMINATION POSSIBLE,NONE,Bangladesh-filtered GSC page/query export required
blend,https://ovidhan.net/word/blend.html,AUTO_PROTECTED,Batch 1,0,0,GLOBAL AGGREGATE — FRANCE CONTAMINATION POSSIBLE,NONE,Bangladesh-filtered GSC page/query export required
bless,https://ovidhan.net/word/bless.html,AUTO_PROTECTED,Batch 1,0,0,GLOBAL AGGREGATE — FRANCE CONTAMINATION POSSIBLE,NONE,Bangladesh-filtered GSC page/query export required
blight,https://ovidhan.net/word/blight.html,AUTO_PROTECTED,Batch 1,0,0,GLOBAL AGGREGATE — FRANCE CONTAMINATION POSSIBLE,NONE,Bangladesh-filtered GSC page/query export required
blind,https://ovidhan.net/word/blind.html,AUTO_PROTECTED,Batch 1,0,0,GLOBAL AGGREGATE — FRANCE CONTAMINATION POSSIBLE,NONE,Bangladesh-filtered GSC page/query export required
blink,https://ovidhan.net/word/blink.html,AUTO_PROTECTED,Batch 1,0,0,GLOBAL AGGREGATE — FRANCE CONTAMINATION POSSIBLE,NONE,Bangladesh-filtered GSC page/query export required
bliss,https://ovidhan.net/word/bliss.html,AUTO_PROTECTED,Batch 1,0,0,GLOBAL AGGREGATE — FRANCE CONTAMINATION POSSIBLE,NONE,Bangladesh-filtered GSC page/query export required
blister,https://ovidhan.net/word/blister.html,AUTO_PROTECTED,Batch 1,0,0,GLOBAL AGGREGATE — FRANCE CONTAMINATION POSSIBLE,NONE,Bangladesh-filtered GSC page/query export required
blizzard,https://ovidhan.net/word/blizzard.html,AUTO_PROTECTED,Batch 1,0,0,GLOBAL AGGREGATE — FRANCE CONTAMINATION POSSIBLE,NONE,Bangladesh-filtered GSC page/query export required
bloat,https://ovidhan.net/word/bloat.html,AUTO_PROTECTED,Batch 1,0,0,GLOBAL AGGREGATE — FRANCE CONTAMINATION POSSIBLE,NONE,Bangladesh-filtered GSC page/query export required
block,https://ovidhan.net/word/block.html,AUTO_PROTECTED,Batch 1,0,0,GLOBAL AGGREGATE — FRANCE CONTAMINATION POSSIBLE,NONE,Bangladesh-filtered GSC page/query export required
blockade,https://ovidhan.net/word/blockade.html,AUTO_PROTECTED,Batch 1,0,0,GLOBAL AGGREGATE — FRANCE CONTAMINATION POSSIBLE,NONE,Bangladesh-filtered GSC page/query export required
blocks,https://ovidhan.net/word/blocks.html,AUTO_PROTECTED,Batch 1,0,0,GLOBAL AGGREGATE — FRANCE CONTAMINATION POSSIBLE,NONE,Bangladesh-filtered GSC page/query export required
blog,https://ovidhan.net/word/blog.html,AUTO_PROTECTED,Batch 1,0,0,GLOBAL AGGREGATE — FRANCE CONTAMINATION POSSIBLE,NONE,Bangladesh-filtered GSC page/query export required
blogger,https://ovidhan.net/word/blogger.html,AUTO_PROTECTED,Batch 1,0,0,GLOBAL AGGREGATE — FRANCE CONTAMINATION POSSIBLE,NONE,Bangladesh-filtered GSC page/query export required
blogs,https://ovidhan.net/word/blogs.html,AUTO_PROTECTED,Batch 1,0,0,GLOBAL AGGREGATE — FRANCE CONTAMINATION POSSIBLE,NONE,Bangladesh-filtered GSC page/query export required
blond,https://ovidhan.net/word/blond.html,AUTO_PROTECTED,Batch 1,0,0,GLOBAL AGGREGATE — FRANCE CONTAMINATION POSSIBLE,NONE,Bangladesh-filtered GSC page/query export required
blonde,https://ovidhan.net/word/blonde.html,AUTO_PROTECTED,Batch 1,0,0,GLOBAL AGGREGATE — FRANCE CONTAMINATION POSSIBLE,NONE,Bangladesh-filtered GSC page/query export required
blood,https://ovidhan.net/word/blood.html,AUTO_PROTECTED,Batch 1,0,0,GLOBAL AGGREGATE — FRANCE CONTAMINATION POSSIBLE,NONE,Bangladesh-filtered GSC page/query export required
bloom,https://ovidhan.net/word/bloom.html,AUTO_PROTECTED,Batch 1,0,0,GLOBAL AGGREGATE — FRANCE CONTAMINATION POSSIBLE,NONE,Bangladesh-filtered GSC page/query export required
blossom,https://ovidhan.net/word/blossom.html,AUTO_PROTECTED,Batch 1,0,0,GLOBAL AGGREGATE — FRANCE CONTAMINATION POSSIBLE,NONE,Bangladesh-filtered GSC page/query export required
blouse,https://ovidhan.net/word/blouse.html,AUTO_PROTECTED,Batch 1,0,0,GLOBAL AGGREGATE — FRANCE CONTAMINATION POSSIBLE,NONE,Bangladesh-filtered GSC page/query export required
blow,https://ovidhan.net/word/blow.html,AUTO_PROTECTED,Batch 1,0,0,GLOBAL AGGREGATE — FRANCE CONTAMINATION POSSIBLE,NONE,Bangladesh-filtered GSC page/query export required
blowjob,https://ovidhan.net/word/blowjob.html,AUTO_PROTECTED,Batch 1,0,0,GLOBAL AGGREGATE — FRANCE CONTAMINATION POSSIBLE,NONE,Bangladesh-filtered GSC page/query export required
blowjobs,https://ovidhan.net/word/blowjobs.html,AUTO_PROTECTED,Batch 1,0,0,GLOBAL AGGREGATE — FRANCE CONTAMINATION POSSIBLE,NONE,Bangladesh-filtered GSC page/query export required
blue,https://ovidhan.net/word/blue.html,AUTO_PROTECTED,Batch 1,0,0,GLOBAL AGGREGATE — FRANCE CONTAMINATION POSSIBLE,NONE,Bangladesh-filtered GSC page/query export required
blueprint,https://ovidhan.net/word/blueprint.html,AUTO_PROTECTED,Batch 1,0,0,GLOBAL AGGREGATE — FRANCE CONTAMINATION POSSIBLE,NONE,Bangladesh-filtered GSC page/query export required
blues,https://ovidhan.net/word/blues.html,AUTO_PROTECTED,Batch 1,0,0,GLOBAL AGGREGATE — FRANCE CONTAMINATION POSSIBLE,NONE,Bangladesh-filtered GSC page/query export required
bluetooth,https://ovidhan.net/word/bluetooth.html,AUTO_PROTECTED,Batch 1,0,0,GLOBAL AGGREGATE — FRANCE CONTAMINATION POSSIBLE,NONE,Bangladesh-filtered GSC page/query export required
bluff,https://ovidhan.net/word/bluff.html,AUTO_PROTECTED,Batch 1,0,0,GLOBAL AGGREGATE — FRANCE CONTAMINATION POSSIBLE,NONE,Bangladesh-filtered GSC page/query export required
blunder,https://ovidhan.net/word/blunder.html,AUTO_PROTECTED,Batch 1,0,0,GLOBAL AGGREGATE — FRANCE CONTAMINATION POSSIBLE,NONE,Bangladesh-filtered GSC page/query export required
blunt,https://ovidhan.net/word/blunt.html,AUTO_PROTECTED,Batch 1,0,0,GLOBAL AGGREGATE — FRANCE CONTAMINATION POSSIBLE,NONE,Bangladesh-filtered GSC page/query export required
blush,https://ovidhan.net/word/blush.html,AUTO_PROTECTED,Batch 1,0,0,GLOBAL AGGREGATE — FRANCE CONTAMINATION POSSIBLE,NONE,Bangladesh-filtered GSC page/query export required
blvd,https://ovidhan.net/word/blvd.html,AUTO_PROTECTED,Batch 1,0,0,GLOBAL AGGREGATE — FRANCE CONTAMINATION POSSIBLE,NONE,Bangladesh-filtered GSC page/query export required
bmw,https://ovidhan.net/word/bmw.html,AUTO_PROTECTED,Batch 1,0,0,GLOBAL AGGREGATE — FRANCE CONTAMINATION POSSIBLE,NONE,Bangladesh-filtered GSC page/query export required
board,https://ovidhan.net/word/board.html,AUTO_PROTECTED,Batch 1,0,0,GLOBAL AGGREGATE — FRANCE CONTAMINATION POSSIBLE,NONE,Bangladesh-filtered GSC page/query export required
boardroom,https://ovidhan.net/word/boardroom.html,AUTO_PROTECTED,Batch 1,0,0,GLOBAL AGGREGATE — FRANCE CONTAMINATION POSSIBLE,NONE,Bangladesh-filtered GSC page/query export required
boards,https://ovidhan.net/word/boards.html,AUTO_PROTECTED,Batch 1,0,0,GLOBAL AGGREGATE — FRANCE CONTAMINATION POSSIBLE,NONE,Bangladesh-filtered GSC page/query export required
boast,https://ovidhan.net/word/boast.html,AUTO_PROTECTED,Batch 1,0,0,GLOBAL AGGREGATE — FRANCE CONTAMINATION POSSIBLE,NONE,Bangladesh-filtered GSC page/query export required
boat,https://ovidhan.net/word/boat.html,AUTO_PROTECTED,Batch 1,0,0,GLOBAL AGGREGATE — FRANCE CONTAMINATION POSSIBLE,NONE,Bangladesh-filtered GSC page/query export required
boats,https://ovidhan.net/word/boats.html,AUTO_PROTECTED,Batch 1,0,0,GLOBAL AGGREGATE — FRANCE CONTAMINATION POSSIBLE,NONE,Bangladesh-filtered GSC page/query export required
bob,https://ovidhan.net/word/bob.html,AUTO_PROTECTED,Batch 1,0,0,GLOBAL AGGREGATE — FRANCE CONTAMINATION POSSIBLE,NONE,Bangladesh-filtered GSC page/query export required
bodies,https://ovidhan.net/word/bodies.html,AUTO_PROTECTED,Batch 1,0,0,GLOBAL AGGREGATE — FRANCE CONTAMINATION POSSIBLE,NONE,Bangladesh-filtered GSC page/query export required
body,https://ovidhan.net/word/body.html,AUTO_PROTECTED,Batch 1,0,0,GLOBAL AGGREGATE — FRANCE CONTAMINATION POSSIBLE,NONE,Bangladesh-filtered GSC page/query export required
bogus,https://ovidhan.net/word/bogus.html,AUTO_PROTECTED,Batch 1,0,0,GLOBAL AGGREGATE — FRANCE CONTAMINATION POSSIBLE,NONE,Bangladesh-filtered GSC page/query export required
boisterous,https://ovidhan.net/word/boisterous.html,AUTO_PROTECTED,Batch 1,0,0,GLOBAL AGGREGATE — FRANCE CONTAMINATION POSSIBLE,NONE,Bangladesh-filtered GSC page/query export required
bold,https://ovidhan.net/word/bold.html,AUTO_PROTECTED,Batch 1,0,0,GLOBAL AGGREGATE — FRANCE CONTAMINATION POSSIBLE,NONE,Bangladesh-filtered GSC page/query export required
bolster,https://ovidhan.net/word/bolster.html,AUTO_PROTECTED,Batch 1,0,0,GLOBAL AGGREGATE — FRANCE CONTAMINATION POSSIBLE,NONE,Bangladesh-filtered GSC page/query export required
bolt,https://ovidhan.net/word/bolt.html,AUTO_PROTECTED,Batch 1,0,0,GLOBAL AGGREGATE — FRANCE CONTAMINATION POSSIBLE,NONE,Bangladesh-filtered GSC page/query export required
bomb,https://ovidhan.net/word/bomb.html,AUTO_PROTECTED,Batch 1,0,0,GLOBAL AGGREGATE — FRANCE CONTAMINATION POSSIBLE,NONE,Bangladesh-filtered GSC page/query export required
bombastic,https://ovidhan.net/word/bombastic.html,AUTO_PROTECTED,Batch 1,0,0,GLOBAL AGGREGATE — FRANCE CONTAMINATION POSSIBLE,NONE,Bangladesh-filtered GSC page/query export required
bond,https://ovidhan.net/word/bond.html,AUTO_PROTECTED,Batch 1,0,0,GLOBAL AGGREGATE — FRANCE CONTAMINATION POSSIBLE,NONE,Bangladesh-filtered GSC page/query export required
bondage,https://ovidhan.net/word/bondage.html,AUTO_PROTECTED,Batch 1,0,0,GLOBAL AGGREGATE — FRANCE CONTAMINATION POSSIBLE,NONE,Bangladesh-filtered GSC page/query export required
bondholder,https://ovidhan.net/word/bondholder.html,AUTO_PROTECTED,Batch 1,0,0,GLOBAL AGGREGATE — FRANCE CONTAMINATION POSSIBLE,NONE,Bangladesh-filtered GSC page/query export required
bonds,https://ovidhan.net/word/bonds.html,AUTO_PROTECTED,Batch 1,0,0,GLOBAL AGGREGATE — FRANCE CONTAMINATION POSSIBLE,NONE,Bangladesh-filtered GSC page/query export required
bone,https://ovidhan.net/word/bone.html,AUTO_PROTECTED,Batch 1,0,0,GLOBAL AGGREGATE — FRANCE CONTAMINATION POSSIBLE,NONE,Bangladesh-filtered GSC page/query export required
bonus,https://ovidhan.net/word/bonus.html,AUTO_PROTECTED,Batch 1,0,0,GLOBAL AGGREGATE — FRANCE CONTAMINATION POSSIBLE,NONE,Bangladesh-filtered GSC page/query export required
boobs,https://ovidhan.net/word/boobs.html,AUTO_PROTECTED,Batch 1,0,0,GLOBAL AGGREGATE — FRANCE CONTAMINATION POSSIBLE,NONE,Bangladesh-filtered GSC page/query export required
book,https://ovidhan.net/word/book.html,AUTO_PROTECTED,Batch 1,0,0,GLOBAL AGGREGATE — FRANCE CONTAMINATION POSSIBLE,NONE,Bangladesh-filtered GSC page/query export required
booking,https://ovidhan.net/word/booking.html,AUTO_PROTECTED,Batch 1,0,0,GLOBAL AGGREGATE — FRANCE CONTAMINATION POSSIBLE,NONE,Bangladesh-filtered GSC page/query export required
bookmark,https://ovidhan.net/word/bookmark.html,AUTO_PROTECTED,Batch 1,0,0,GLOBAL AGGREGATE — FRANCE CONTAMINATION POSSIBLE,NONE,Bangladesh-filtered GSC page/query export required
books,https://ovidhan.net/word/books.html,AUTO_PROTECTED,Batch 1,0,0,GLOBAL AGGREGATE — FRANCE CONTAMINATION POSSIBLE,NONE,Bangladesh-filtered GSC page/query export required
boon,https://ovidhan.net/word/boon.html,AUTO_PROTECTED,Batch 1,0,0,GLOBAL AGGREGATE — FRANCE CONTAMINATION POSSIBLE,NONE,Bangladesh-filtered GSC page/query export required
boorish,https://ovidhan.net/word/boorish.html,AUTO_PROTECTED,Batch 1,0,0,GLOBAL AGGREGATE — FRANCE CONTAMINATION POSSIBLE,NONE,Bangladesh-filtered GSC page/query export required
boost,https://ovidhan.net/word/boost.html,AUTO_PROTECTED,Batch 1,0,0,GLOBAL AGGREGATE — FRANCE CONTAMINATION POSSIBLE,NONE,Bangladesh-filtered GSC page/query export required
boot,https://ovidhan.net/word/boot.html,AUTO_PROTECTED,Batch 1,0,0,GLOBAL AGGREGATE — FRANCE CONTAMINATION POSSIBLE,NONE,Bangladesh-filtered GSC page/query export required
education,https://ovidhan.net/word/education.html,AUTO_PROTECTED,Phase 2B KEEP-INDEXED,0,0,GLOBAL AGGREGATE — FRANCE CONTAMINATION POSSIBLE,NONE,Bangladesh-filtered GSC page/query export required
knowledge,https://ovidhan.net/word/knowledge.html,AUTO_PROTECTED,Phase 2B KEEP-INDEXED,0,0,GLOBAL AGGREGATE — FRANCE CONTAMINATION POSSIBLE,NONE,Bangladesh-filtered GSC page/query export required
language,https://ovidhan.net/word/language.html,AUTO_PROTECTED,Phase 2B KEEP-INDEXED,0,0,GLOBAL AGGREGATE — FRANCE CONTAMINATION POSSIBLE,NONE,Bangladesh-filtered GSC page/query export required
mayhem,https://ovidhan.net/word/mayhem.html,REVIEW — COUNTRY DATA REQUIRED,"Strong global impression signal, but France cannot be separated rowwise",0,15,GLOBAL AGGREGATE — FRANCE CONTAMINATION POSSIBLE,LOW,Bangladesh-filtered GSC page/query export required
net-worth,https://ovidhan.net/word/net-worth.html,REVIEW — COUNTRY DATA REQUIRED,"Strong global impression signal, but France cannot be separated rowwise",0,14,GLOBAL AGGREGATE — FRANCE CONTAMINATION POSSIBLE,LOW,Bangladesh-filtered GSC page/query export required
opportunity,https://ovidhan.net/word/opportunity.html,AUTO_PROTECTED,Phase 2B KEEP-INDEXED,0,0,GLOBAL AGGREGATE — FRANCE CONTAMINATION POSSIBLE,NONE,Bangladesh-filtered GSC page/query export required
producing,https://ovidhan.net/word/producing.html,REVIEW — COUNTRY DATA REQUIRED,"Strong global impression signal, but France cannot be separated rowwise",0,10,GLOBAL AGGREGATE — FRANCE CONTAMINATION POSSIBLE,LOW,Bangladesh-filtered GSC page/query export required
technology,https://ovidhan.net/word/technology.html,AUTO_PROTECTED,Phase 2B KEEP-INDEXED,0,0,GLOBAL AGGREGATE — FRANCE CONTAMINATION POSSIBLE,NONE,Bangladesh-filtered GSC page/query export required
tension,https://ovidhan.net/word/tension.html,REVIEW — COUNTRY DATA REQUIRED,"Strong global impression signal, but France cannot be separated rowwise",0,16,GLOBAL AGGREGATE — FRANCE CONTAMINATION POSSIBLE,LOW,Bangladesh-filtered GSC page/query export required
water,https://ovidhan.net/word/water.html,AUTO_PROTECTED,Phase 2B KEEP-INDEXED,0,0,GLOBAL AGGREGATE — FRANCE CONTAMINATION POSSIBLE,NONE,Bangladesh-filtered GSC page/query export required
without,https://ovidhan.net/word/without.html,REVIEW — COUNTRY DATA REQUIRED,"Strong global impression signal, but France cannot be separated rowwise",0,11,GLOBAL AGGREGATE — FRANCE CONTAMINATION POSSIBLE,LOW,Bangladesh-filtered GSC page/query export required
