word,url,tier,tier_score,migration_class,static_legacy_status,global_clicks,global_impressions,global_ctr,global_position,metric_scope,country_confidence,country_data_requirement,priority_score,priority_basis
producing,https://ovidhan.net/word/producing.html,A,7,REVIEW,LEGACY — NEEDS STATIC UPGRADE,0,10,0.0,9.4,GLOBAL AGGREGATE — FRANCE CONTAMINATION POSSIBLE,LOW,Bangladesh-filtered GSC page/query export required,67.489,Phase 2B tier/quality + global impressions/position; clicks excluded from score
net,https://ovidhan.net/word/net.html,A,7,REVIEW,LEGACY — NEEDS STATIC UPGRADE,1,9,0.111111,4.78,GLOBAL AGGREGATE — FRANCE CONTAMINATION POSSIBLE,LOW,Bangladesh-filtered GSC page/query export required,67.013,Phase 2B tier/quality + global impressions/position; clicks excluded from score
translation,https://ovidhan.net/word/translation.html,A,7,REVIEW,LEGACY — NEEDS STATIC UPGRADE,1,9,0.111111,6.89,GLOBAL AGGREGATE — FRANCE CONTAMINATION POSSIBLE,LOW,Bangladesh-filtered GSC page/query export required,67.013,Phase 2B tier/quality + global impressions/position; clicks excluded from score
creating,https://ovidhan.net/word/creating.html,A,7,REVIEW,LEGACY — NEEDS STATIC UPGRADE,0,7,0.0,16.57,GLOBAL AGGREGATE — FRANCE CONTAMINATION POSSIBLE,LOW,Bangladesh-filtered GSC page/query export required,62.897,Phase 2B tier/quality + global impressions/position; clicks excluded from score
hosted,https://ovidhan.net/word/hosted.html,A,7,REVIEW,LEGACY — NEEDS STATIC UPGRADE,0,3,0.0,9.67,GLOBAL AGGREGATE — FRANCE CONTAMINATION POSSIBLE,LOW,Bangladesh-filtered GSC page/query export required,62.431,Phase 2B tier/quality + global impressions/position; clicks excluded from score
integration,https://ovidhan.net/word/integration.html,A,7,REVIEW,LEGACY — NEEDS STATIC UPGRADE,0,5,0.0,12.6,GLOBAL AGGREGATE — FRANCE CONTAMINATION POSSIBLE,LOW,Bangladesh-filtered GSC page/query export required,61.459,Phase 2B tier/quality + global impressions/position; clicks excluded from score
smaller,https://ovidhan.net/word/smaller.html,A,7,REVIEW,LEGACY — NEEDS STATIC UPGRADE,0,5,0.0,11.8,GLOBAL AGGREGATE — FRANCE CONTAMINATION POSSIBLE,LOW,Bangladesh-filtered GSC page/query export required,61.459,Phase 2B tier/quality + global impressions/position; clicks excluded from score
examples,https://ovidhan.net/word/examples.html,A,7,REVIEW,LEGACY — NEEDS STATIC UPGRADE,0,2,0.0,7.0,GLOBAL AGGREGATE — FRANCE CONTAMINATION POSSIBLE,LOW,Bangladesh-filtered GSC page/query export required,60.993,Phase 2B tier/quality + global impressions/position; clicks excluded from score
faces,https://ovidhan.net/word/faces.html,A,7,REVIEW,LEGACY — NEEDS STATIC UPGRADE,0,2,0.0,15.5,GLOBAL AGGREGATE — FRANCE CONTAMINATION POSSIBLE,LOW,Bangladesh-filtered GSC page/query export required,57.993,Phase 2B tier/quality + global impressions/position; clicks excluded from score
must,https://ovidhan.net/word/must.html,A,7,REVIEW,LEGACY — NEEDS STATIC UPGRADE,0,4,0.0,73.75,GLOBAL AGGREGATE — FRANCE CONTAMINATION POSSIBLE,LOW,Bangladesh-filtered GSC page/query export required,57.547,Phase 2B tier/quality + global impressions/position; clicks excluded from score
street,https://ovidhan.net/word/street.html,A,7,REVIEW,LEGACY — NEEDS STATIC UPGRADE,0,4,0.0,32.75,GLOBAL AGGREGATE — FRANCE CONTAMINATION POSSIBLE,LOW,Bangladesh-filtered GSC page/query export required,57.547,Phase 2B tier/quality + global impressions/position; clicks excluded from score
provision,https://ovidhan.net/word/provision.html,A,7,REVIEW,LEGACY — NEEDS STATIC UPGRADE,0,3,0.0,74.67,GLOBAL AGGREGATE — FRANCE CONTAMINATION POSSIBLE,LOW,Bangladesh-filtered GSC page/query export required,56.431,Phase 2B tier/quality + global impressions/position; clicks excluded from score
creates,https://ovidhan.net/word/creates.html,A,7,REVIEW,LEGACY — NEEDS STATIC UPGRADE,0,2,0.0,67.5,GLOBAL AGGREGATE — FRANCE CONTAMINATION POSSIBLE,LOW,Bangladesh-filtered GSC page/query export required,54.993,Phase 2B tier/quality + global impressions/position; clicks excluded from score
establish,https://ovidhan.net/word/establish.html,A,7,REVIEW,LEGACY — NEEDS STATIC UPGRADE,0,2,0.0,85.5,GLOBAL AGGREGATE — FRANCE CONTAMINATION POSSIBLE,LOW,Bangladesh-filtered GSC page/query export required,54.993,Phase 2B tier/quality + global impressions/position; clicks excluded from score
having,https://ovidhan.net/word/having.html,A,7,REVIEW,LEGACY — NEEDS STATIC UPGRADE,0,2,0.0,53.5,GLOBAL AGGREGATE — FRANCE CONTAMINATION POSSIBLE,LOW,Bangladesh-filtered GSC page/query export required,54.993,Phase 2B tier/quality + global impressions/position; clicks excluded from score
organisations,https://ovidhan.net/word/organisations.html,A,7,REVIEW,LEGACY — NEEDS STATIC UPGRADE,0,2,0.0,61.5,GLOBAL AGGREGATE — FRANCE CONTAMINATION POSSIBLE,LOW,Bangladesh-filtered GSC page/query export required,54.993,Phase 2B tier/quality + global impressions/position; clicks excluded from score
unable,https://ovidhan.net/word/unable.html,A,7,REVIEW,LEGACY — NEEDS STATIC UPGRADE,0,2,0.0,74.0,GLOBAL AGGREGATE — FRANCE CONTAMINATION POSSIBLE,LOW,Bangladesh-filtered GSC page/query export required,54.993,Phase 2B tier/quality + global impressions/position; clicks excluded from score
boots,https://ovidhan.net/word/boots.html,A,7,REVIEW,LEGACY — NEEDS STATIC UPGRADE,0,0,0,0,GLOBAL AGGREGATE — FRANCE CONTAMINATION POSSIBLE,NONE,Bangladesh-filtered GSC page/query export required,47.5,Phase 2B tier/quality + global impressions/position; clicks excluded from score
booty,https://ovidhan.net/word/booty.html,A,7,REVIEW,LEGACY — NEEDS STATIC UPGRADE,0,0,0,0,GLOBAL AGGREGATE — FRANCE CONTAMINATION POSSIBLE,NONE,Bangladesh-filtered GSC page/query export required,47.5,Phase 2B tier/quality + global impressions/position; clicks excluded from score
border,https://ovidhan.net/word/border.html,A,7,REVIEW,LEGACY — NEEDS STATIC UPGRADE,0,0,0,0,GLOBAL AGGREGATE — FRANCE CONTAMINATION POSSIBLE,NONE,Bangladesh-filtered GSC page/query export required,47.5,Phase 2B tier/quality + global impressions/position; clicks excluded from score
born,https://ovidhan.net/word/born.html,A,7,REVIEW,LEGACY — NEEDS STATIC UPGRADE,0,0,0,0,GLOBAL AGGREGATE — FRANCE CONTAMINATION POSSIBLE,NONE,Bangladesh-filtered GSC page/query export required,47.5,Phase 2B tier/quality + global impressions/position; clicks excluded from score
boss,https://ovidhan.net/word/boss.html,A,7,REVIEW,LEGACY — NEEDS STATIC UPGRADE,0,0,0,0,GLOBAL AGGREGATE — FRANCE CONTAMINATION POSSIBLE,NONE,Bangladesh-filtered GSC page/query export required,47.5,Phase 2B tier/quality + global impressions/position; clicks excluded from score
boston,https://ovidhan.net/word/boston.html,A,7,REVIEW,LEGACY — NEEDS STATIC UPGRADE,0,0,0,0,GLOBAL AGGREGATE — FRANCE CONTAMINATION POSSIBLE,NONE,Bangladesh-filtered GSC page/query export required,47.5,Phase 2B tier/quality + global impressions/position; clicks excluded from score
both,https://ovidhan.net/word/both.html,A,7,REVIEW,LEGACY — NEEDS STATIC UPGRADE,0,0,0,0,GLOBAL AGGREGATE — FRANCE CONTAMINATION POSSIBLE,NONE,Bangladesh-filtered GSC page/query export required,47.5,Phase 2B tier/quality + global impressions/position; clicks excluded from score
bottle,https://ovidhan.net/word/bottle.html,A,7,REVIEW,LEGACY — NEEDS STATIC UPGRADE,0,0,0,0,GLOBAL AGGREGATE — FRANCE CONTAMINATION POSSIBLE,NONE,Bangladesh-filtered GSC page/query export required,47.5,Phase 2B tier/quality + global impressions/position; clicks excluded from score
bottom,https://ovidhan.net/word/bottom.html,A,7,REVIEW,LEGACY — NEEDS STATIC UPGRADE,0,0,0,0,GLOBAL AGGREGATE — FRANCE CONTAMINATION POSSIBLE,NONE,Bangladesh-filtered GSC page/query export required,47.5,Phase 2B tier/quality + global impressions/position; clicks excluded from score
bought,https://ovidhan.net/word/bought.html,A,7,REVIEW,LEGACY — NEEDS STATIC UPGRADE,0,0,0,0,GLOBAL AGGREGATE — FRANCE CONTAMINATION POSSIBLE,NONE,Bangladesh-filtered GSC page/query export required,47.5,Phase 2B tier/quality + global impressions/position; clicks excluded from score
bound,https://ovidhan.net/word/bound.html,A,7,REVIEW,LEGACY — NEEDS STATIC UPGRADE,0,0,0,0,GLOBAL AGGREGATE — FRANCE CONTAMINATION POSSIBLE,NONE,Bangladesh-filtered GSC page/query export required,47.5,Phase 2B tier/quality + global impressions/position; clicks excluded from score
bowl,https://ovidhan.net/word/bowl.html,A,7,REVIEW,LEGACY — NEEDS STATIC UPGRADE,0,0,0,0,GLOBAL AGGREGATE — FRANCE CONTAMINATION POSSIBLE,NONE,Bangladesh-filtered GSC page/query export required,47.5,Phase 2B tier/quality + global impressions/position; clicks excluded from score
box,https://ovidhan.net/word/box.html,A,7,REVIEW,LEGACY — NEEDS STATIC UPGRADE,0,0,0,0,GLOBAL AGGREGATE — FRANCE CONTAMINATION POSSIBLE,NONE,Bangladesh-filtered GSC page/query export required,47.5,Phase 2B tier/quality + global impressions/position; clicks excluded from score
boxes,https://ovidhan.net/word/boxes.html,A,7,REVIEW,LEGACY — NEEDS STATIC UPGRADE,0,0,0,0,GLOBAL AGGREGATE — FRANCE CONTAMINATION POSSIBLE,NONE,Bangladesh-filtered GSC page/query export required,47.5,Phase 2B tier/quality + global impressions/position; clicks excluded from score
boy,https://ovidhan.net/word/boy.html,A,7,REVIEW,LEGACY — NEEDS STATIC UPGRADE,0,0,0,0,GLOBAL AGGREGATE — FRANCE CONTAMINATION POSSIBLE,NONE,Bangladesh-filtered GSC page/query export required,47.5,Phase 2B tier/quality + global impressions/position; clicks excluded from score
boys,https://ovidhan.net/word/boys.html,A,7,REVIEW,LEGACY — NEEDS STATIC UPGRADE,0,0,0,0,GLOBAL AGGREGATE — FRANCE CONTAMINATION POSSIBLE,NONE,Bangladesh-filtered GSC page/query export required,47.5,Phase 2B tier/quality + global impressions/position; clicks excluded from score
brain,https://ovidhan.net/word/brain.html,A,7,REVIEW,LEGACY — NEEDS STATIC UPGRADE,0,0,0,0,GLOBAL AGGREGATE — FRANCE CONTAMINATION POSSIBLE,NONE,Bangladesh-filtered GSC page/query export required,47.5,Phase 2B tier/quality + global impressions/position; clicks excluded from score
branch,https://ovidhan.net/word/branch.html,A,7,REVIEW,LEGACY — NEEDS STATIC UPGRADE,0,0,0,0,GLOBAL AGGREGATE — FRANCE CONTAMINATION POSSIBLE,NONE,Bangladesh-filtered GSC page/query export required,47.5,Phase 2B tier/quality + global impressions/position; clicks excluded from score
brand,https://ovidhan.net/word/brand.html,A,7,REVIEW,LEGACY — NEEDS STATIC UPGRADE,0,0,0,0,GLOBAL AGGREGATE — FRANCE CONTAMINATION POSSIBLE,NONE,Bangladesh-filtered GSC page/query export required,47.5,Phase 2B tier/quality + global impressions/position; clicks excluded from score
brands,https://ovidhan.net/word/brands.html,A,7,REVIEW,LEGACY — NEEDS STATIC UPGRADE,0,0,0,0,GLOBAL AGGREGATE — FRANCE CONTAMINATION POSSIBLE,NONE,Bangladesh-filtered GSC page/query export required,47.5,Phase 2B tier/quality + global impressions/position; clicks excluded from score
brass,https://ovidhan.net/word/brass.html,A,7,REVIEW,LEGACY — NEEDS STATIC UPGRADE,0,0,0,0,GLOBAL AGGREGATE — FRANCE CONTAMINATION POSSIBLE,NONE,Bangladesh-filtered GSC page/query export required,47.5,Phase 2B tier/quality + global impressions/position; clicks excluded from score
brazil,https://ovidhan.net/word/brazil.html,A,7,REVIEW,LEGACY — NEEDS STATIC UPGRADE,0,0,0,0,GLOBAL AGGREGATE — FRANCE CONTAMINATION POSSIBLE,NONE,Bangladesh-filtered GSC page/query export required,47.5,Phase 2B tier/quality + global impressions/position; clicks excluded from score
bread,https://ovidhan.net/word/bread.html,A,7,REVIEW,LEGACY — NEEDS STATIC UPGRADE,0,0,0,0,GLOBAL AGGREGATE — FRANCE CONTAMINATION POSSIBLE,NONE,Bangladesh-filtered GSC page/query export required,47.5,Phase 2B tier/quality + global impressions/position; clicks excluded from score
break,https://ovidhan.net/word/break.html,A,7,REVIEW,LEGACY — NEEDS STATIC UPGRADE,0,0,0,0,GLOBAL AGGREGATE — FRANCE CONTAMINATION POSSIBLE,NONE,Bangladesh-filtered GSC page/query export required,47.5,Phase 2B tier/quality + global impressions/position; clicks excluded from score
breakfast,https://ovidhan.net/word/breakfast.html,A,7,REVIEW,LEGACY — NEEDS STATIC UPGRADE,0,0,0,0,GLOBAL AGGREGATE — FRANCE CONTAMINATION POSSIBLE,NONE,Bangladesh-filtered GSC page/query export required,47.5,Phase 2B tier/quality + global impressions/position; clicks excluded from score
breaking,https://ovidhan.net/word/breaking.html,A,7,REVIEW,LEGACY — NEEDS STATIC UPGRADE,0,0,0,0,GLOBAL AGGREGATE — FRANCE CONTAMINATION POSSIBLE,NONE,Bangladesh-filtered GSC page/query export required,47.5,Phase 2B tier/quality + global impressions/position; clicks excluded from score
breaks,https://ovidhan.net/word/breaks.html,A,7,REVIEW,LEGACY — NEEDS STATIC UPGRADE,0,0,0,0,GLOBAL AGGREGATE — FRANCE CONTAMINATION POSSIBLE,NONE,Bangladesh-filtered GSC page/query export required,47.5,Phase 2B tier/quality + global impressions/position; clicks excluded from score
breast,https://ovidhan.net/word/breast.html,A,7,REVIEW,LEGACY — NEEDS STATIC UPGRADE,0,0,0,0,GLOBAL AGGREGATE — FRANCE CONTAMINATION POSSIBLE,NONE,Bangladesh-filtered GSC page/query export required,47.5,Phase 2B tier/quality + global impressions/position; clicks excluded from score
breasts,https://ovidhan.net/word/breasts.html,A,7,REVIEW,LEGACY — NEEDS STATIC UPGRADE,0,0,0,0,GLOBAL AGGREGATE — FRANCE CONTAMINATION POSSIBLE,NONE,Bangladesh-filtered GSC page/query export required,47.5,Phase 2B tier/quality + global impressions/position; clicks excluded from score
bridge,https://ovidhan.net/word/bridge.html,A,7,REVIEW,LEGACY — NEEDS STATIC UPGRADE,0,0,0,0,GLOBAL AGGREGATE — FRANCE CONTAMINATION POSSIBLE,NONE,Bangladesh-filtered GSC page/query export required,47.5,Phase 2B tier/quality + global impressions/position; clicks excluded from score
brief,https://ovidhan.net/word/brief.html,A,7,REVIEW,LEGACY — NEEDS STATIC UPGRADE,0,0,0,0,GLOBAL AGGREGATE — FRANCE CONTAMINATION POSSIBLE,NONE,Bangladesh-filtered GSC page/query export required,47.5,Phase 2B tier/quality + global impressions/position; clicks excluded from score
bright,https://ovidhan.net/word/bright.html,A,7,REVIEW,LEGACY — NEEDS STATIC UPGRADE,0,0,0,0,GLOBAL AGGREGATE — FRANCE CONTAMINATION POSSIBLE,NONE,Bangladesh-filtered GSC page/query export required,47.5,Phase 2B tier/quality + global impressions/position; clicks excluded from score
bring,https://ovidhan.net/word/bring.html,A,7,REVIEW,LEGACY — NEEDS STATIC UPGRADE,0,0,0,0,GLOBAL AGGREGATE — FRANCE CONTAMINATION POSSIBLE,NONE,Bangladesh-filtered GSC page/query export required,47.5,Phase 2B tier/quality + global impressions/position; clicks excluded from score
bringing,https://ovidhan.net/word/bringing.html,A,7,REVIEW,LEGACY — NEEDS STATIC UPGRADE,0,0,0,0,GLOBAL AGGREGATE — FRANCE CONTAMINATION POSSIBLE,NONE,Bangladesh-filtered GSC page/query export required,47.5,Phase 2B tier/quality + global impressions/position; clicks excluded from score
brings,https://ovidhan.net/word/brings.html,A,7,REVIEW,LEGACY — NEEDS STATIC UPGRADE,0,0,0,0,GLOBAL AGGREGATE — FRANCE CONTAMINATION POSSIBLE,NONE,Bangladesh-filtered GSC page/query export required,47.5,Phase 2B tier/quality + global impressions/position; clicks excluded from score
britain,https://ovidhan.net/word/britain.html,A,7,REVIEW,LEGACY — NEEDS STATIC UPGRADE,0,0,0,0,GLOBAL AGGREGATE — FRANCE CONTAMINATION POSSIBLE,NONE,Bangladesh-filtered GSC page/query export required,47.5,Phase 2B tier/quality + global impressions/position; clicks excluded from score
british,https://ovidhan.net/word/british.html,A,7,REVIEW,LEGACY — NEEDS STATIC UPGRADE,0,0,0,0,GLOBAL AGGREGATE — FRANCE CONTAMINATION POSSIBLE,NONE,Bangladesh-filtered GSC page/query export required,47.5,Phase 2B tier/quality + global impressions/position; clicks excluded from score
broad,https://ovidhan.net/word/broad.html,A,7,REVIEW,LEGACY — NEEDS STATIC UPGRADE,0,0,0,0,GLOBAL AGGREGATE — FRANCE CONTAMINATION POSSIBLE,NONE,Bangladesh-filtered GSC page/query export required,47.5,Phase 2B tier/quality + global impressions/position; clicks excluded from score
broadband,https://ovidhan.net/word/broadband.html,A,7,REVIEW,LEGACY — NEEDS STATIC UPGRADE,0,0,0,0,GLOBAL AGGREGATE — FRANCE CONTAMINATION POSSIBLE,NONE,Bangladesh-filtered GSC page/query export required,47.5,Phase 2B tier/quality + global impressions/position; clicks excluded from score
broadcast,https://ovidhan.net/word/broadcast.html,A,7,REVIEW,LEGACY — NEEDS STATIC UPGRADE,0,0,0,0,GLOBAL AGGREGATE — FRANCE CONTAMINATION POSSIBLE,NONE,Bangladesh-filtered GSC page/query export required,47.5,Phase 2B tier/quality + global impressions/position; clicks excluded from score
broken,https://ovidhan.net/word/broken.html,A,7,REVIEW,LEGACY — NEEDS STATIC UPGRADE,0,0,0,0,GLOBAL AGGREGATE — FRANCE CONTAMINATION POSSIBLE,NONE,Bangladesh-filtered GSC page/query export required,47.5,Phase 2B tier/quality + global impressions/position; clicks excluded from score
broker,https://ovidhan.net/word/broker.html,A,7,REVIEW,LEGACY — NEEDS STATIC UPGRADE,0,0,0,0,GLOBAL AGGREGATE — FRANCE CONTAMINATION POSSIBLE,NONE,Bangladesh-filtered GSC page/query export required,47.5,Phase 2B tier/quality + global impressions/position; clicks excluded from score
brother,https://ovidhan.net/word/brother.html,A,7,REVIEW,LEGACY — NEEDS STATIC UPGRADE,0,0,0,0,GLOBAL AGGREGATE — FRANCE CONTAMINATION POSSIBLE,NONE,Bangladesh-filtered GSC page/query export required,47.5,Phase 2B tier/quality + global impressions/position; clicks excluded from score
brothers,https://ovidhan.net/word/brothers.html,A,7,REVIEW,LEGACY — NEEDS STATIC UPGRADE,0,0,0,0,GLOBAL AGGREGATE — FRANCE CONTAMINATION POSSIBLE,NONE,Bangladesh-filtered GSC page/query export required,47.5,Phase 2B tier/quality + global impressions/position; clicks excluded from score
brought,https://ovidhan.net/word/brought.html,A,7,REVIEW,LEGACY — NEEDS STATIC UPGRADE,0,0,0,0,GLOBAL AGGREGATE — FRANCE CONTAMINATION POSSIBLE,NONE,Bangladesh-filtered GSC page/query export required,47.5,Phase 2B tier/quality + global impressions/position; clicks excluded from score
brown,https://ovidhan.net/word/brown.html,A,7,REVIEW,LEGACY — NEEDS STATIC UPGRADE,0,0,0,0,GLOBAL AGGREGATE — FRANCE CONTAMINATION POSSIBLE,NONE,Bangladesh-filtered GSC page/query export required,47.5,Phase 2B tier/quality + global impressions/position; clicks excluded from score
browse,https://ovidhan.net/word/browse.html,A,7,REVIEW,LEGACY — NEEDS STATIC UPGRADE,0,0,0,0,GLOBAL AGGREGATE — FRANCE CONTAMINATION POSSIBLE,NONE,Bangladesh-filtered GSC page/query export required,47.5,Phase 2B tier/quality + global impressions/position; clicks excluded from score
browser,https://ovidhan.net/word/browser.html,A,7,REVIEW,LEGACY — NEEDS STATIC UPGRADE,0,0,0,0,GLOBAL AGGREGATE — FRANCE CONTAMINATION POSSIBLE,NONE,Bangladesh-filtered GSC page/query export required,47.5,Phase 2B tier/quality + global impressions/position; clicks excluded from score
bruce,https://ovidhan.net/word/bruce.html,A,7,REVIEW,LEGACY — NEEDS STATIC UPGRADE,0,0,0,0,GLOBAL AGGREGATE — FRANCE CONTAMINATION POSSIBLE,NONE,Bangladesh-filtered GSC page/query export required,47.5,Phase 2B tier/quality + global impressions/position; clicks excluded from score
buddy,https://ovidhan.net/word/buddy.html,A,7,REVIEW,LEGACY — NEEDS STATIC UPGRADE,0,0,0,0,GLOBAL AGGREGATE — FRANCE CONTAMINATION POSSIBLE,NONE,Bangladesh-filtered GSC page/query export required,47.5,Phase 2B tier/quality + global impressions/position; clicks excluded from score
budget,https://ovidhan.net/word/budget.html,A,7,REVIEW,LEGACY — NEEDS STATIC UPGRADE,0,0,0,0,GLOBAL AGGREGATE — FRANCE CONTAMINATION POSSIBLE,NONE,Bangladesh-filtered GSC page/query export required,47.5,Phase 2B tier/quality + global impressions/position; clicks excluded from score
buffalo,https://ovidhan.net/word/buffalo.html,A,7,REVIEW,LEGACY — NEEDS STATIC UPGRADE,0,0,0,0,GLOBAL AGGREGATE — FRANCE CONTAMINATION POSSIBLE,NONE,Bangladesh-filtered GSC page/query export required,47.5,Phase 2B tier/quality + global impressions/position; clicks excluded from score
buffer,https://ovidhan.net/word/buffer.html,A,7,REVIEW,LEGACY — NEEDS STATIC UPGRADE,0,0,0,0,GLOBAL AGGREGATE — FRANCE CONTAMINATION POSSIBLE,NONE,Bangladesh-filtered GSC page/query export required,47.5,Phase 2B tier/quality + global impressions/position; clicks excluded from score
bug,https://ovidhan.net/word/bug.html,A,7,REVIEW,LEGACY — NEEDS STATIC UPGRADE,0,0,0,0,GLOBAL AGGREGATE — FRANCE CONTAMINATION POSSIBLE,NONE,Bangladesh-filtered GSC page/query export required,47.5,Phase 2B tier/quality + global impressions/position; clicks excluded from score
bugs,https://ovidhan.net/word/bugs.html,A,7,REVIEW,LEGACY — NEEDS STATIC UPGRADE,0,0,0,0,GLOBAL AGGREGATE — FRANCE CONTAMINATION POSSIBLE,NONE,Bangladesh-filtered GSC page/query export required,47.5,Phase 2B tier/quality + global impressions/position; clicks excluded from score
build,https://ovidhan.net/word/build.html,A,7,REVIEW,LEGACY — NEEDS STATIC UPGRADE,0,0,0,0,GLOBAL AGGREGATE — FRANCE CONTAMINATION POSSIBLE,NONE,Bangladesh-filtered GSC page/query export required,47.5,Phase 2B tier/quality + global impressions/position; clicks excluded from score
builder,https://ovidhan.net/word/builder.html,A,7,REVIEW,LEGACY — NEEDS STATIC UPGRADE,0,0,0,0,GLOBAL AGGREGATE — FRANCE CONTAMINATION POSSIBLE,NONE,Bangladesh-filtered GSC page/query export required,47.5,Phase 2B tier/quality + global impressions/position; clicks excluded from score
building,https://ovidhan.net/word/building.html,A,7,REVIEW,LEGACY — NEEDS STATIC UPGRADE,0,0,0,0,GLOBAL AGGREGATE — FRANCE CONTAMINATION POSSIBLE,NONE,Bangladesh-filtered GSC page/query export required,47.5,Phase 2B tier/quality + global impressions/position; clicks excluded from score
buildings,https://ovidhan.net/word/buildings.html,A,7,REVIEW,LEGACY — NEEDS STATIC UPGRADE,0,0,0,0,GLOBAL AGGREGATE — FRANCE CONTAMINATION POSSIBLE,NONE,Bangladesh-filtered GSC page/query export required,47.5,Phase 2B tier/quality + global impressions/position; clicks excluded from score
built,https://ovidhan.net/word/built.html,A,7,REVIEW,LEGACY — NEEDS STATIC UPGRADE,0,0,0,0,GLOBAL AGGREGATE — FRANCE CONTAMINATION POSSIBLE,NONE,Bangladesh-filtered GSC page/query export required,47.5,Phase 2B tier/quality + global impressions/position; clicks excluded from score
bulgaria,https://ovidhan.net/word/bulgaria.html,A,7,REVIEW,LEGACY — NEEDS STATIC UPGRADE,0,0,0,0,GLOBAL AGGREGATE — FRANCE CONTAMINATION POSSIBLE,NONE,Bangladesh-filtered GSC page/query export required,47.5,Phase 2B tier/quality + global impressions/position; clicks excluded from score
bulk,https://ovidhan.net/word/bulk.html,A,7,REVIEW,LEGACY — NEEDS STATIC UPGRADE,0,0,0,0,GLOBAL AGGREGATE — FRANCE CONTAMINATION POSSIBLE,NONE,Bangladesh-filtered GSC page/query export required,47.5,Phase 2B tier/quality + global impressions/position; clicks excluded from score
bulletin,https://ovidhan.net/word/bulletin.html,A,7,REVIEW,LEGACY — NEEDS STATIC UPGRADE,0,0,0,0,GLOBAL AGGREGATE — FRANCE CONTAMINATION POSSIBLE,NONE,Bangladesh-filtered GSC page/query export required,47.5,Phase 2B tier/quality + global impressions/position; clicks excluded from score
bureau,https://ovidhan.net/word/bureau.html,A,7,REVIEW,LEGACY — NEEDS STATIC UPGRADE,0,0,0,0,GLOBAL AGGREGATE — FRANCE CONTAMINATION POSSIBLE,NONE,Bangladesh-filtered GSC page/query export required,47.5,Phase 2B tier/quality + global impressions/position; clicks excluded from score
burn,https://ovidhan.net/word/burn.html,A,7,REVIEW,LEGACY — NEEDS STATIC UPGRADE,0,0,0,0,GLOBAL AGGREGATE — FRANCE CONTAMINATION POSSIBLE,NONE,Bangladesh-filtered GSC page/query export required,47.5,Phase 2B tier/quality + global impressions/position; clicks excluded from score
burning,https://ovidhan.net/word/burning.html,A,7,REVIEW,LEGACY — NEEDS STATIC UPGRADE,0,0,0,0,GLOBAL AGGREGATE — FRANCE CONTAMINATION POSSIBLE,NONE,Bangladesh-filtered GSC page/query export required,47.5,Phase 2B tier/quality + global impressions/position; clicks excluded from score
bus,https://ovidhan.net/word/bus.html,A,7,REVIEW,LEGACY — NEEDS STATIC UPGRADE,0,0,0,0,GLOBAL AGGREGATE — FRANCE CONTAMINATION POSSIBLE,NONE,Bangladesh-filtered GSC page/query export required,47.5,Phase 2B tier/quality + global impressions/position; clicks excluded from score
bush,https://ovidhan.net/word/bush.html,A,7,REVIEW,LEGACY — NEEDS STATIC UPGRADE,0,0,0,0,GLOBAL AGGREGATE — FRANCE CONTAMINATION POSSIBLE,NONE,Bangladesh-filtered GSC page/query export required,47.5,Phase 2B tier/quality + global impressions/position; clicks excluded from score
business,https://ovidhan.net/word/business.html,A,7,REVIEW,LEGACY — NEEDS STATIC UPGRADE,0,0,0,0,GLOBAL AGGREGATE — FRANCE CONTAMINATION POSSIBLE,NONE,Bangladesh-filtered GSC page/query export required,47.5,Phase 2B tier/quality + global impressions/position; clicks excluded from score
businesses,https://ovidhan.net/word/businesses.html,A,7,REVIEW,LEGACY — NEEDS STATIC UPGRADE,0,0,0,0,GLOBAL AGGREGATE — FRANCE CONTAMINATION POSSIBLE,NONE,Bangladesh-filtered GSC page/query export required,47.5,Phase 2B tier/quality + global impressions/position; clicks excluded from score
busy,https://ovidhan.net/word/busy.html,A,7,REVIEW,LEGACY — NEEDS STATIC UPGRADE,0,0,0,0,GLOBAL AGGREGATE — FRANCE CONTAMINATION POSSIBLE,NONE,Bangladesh-filtered GSC page/query export required,47.5,Phase 2B tier/quality + global impressions/position; clicks excluded from score
but,https://ovidhan.net/word/but.html,A,7,REVIEW,LEGACY — NEEDS STATIC UPGRADE,0,0,0,0,GLOBAL AGGREGATE — FRANCE CONTAMINATION POSSIBLE,NONE,Bangladesh-filtered GSC page/query export required,47.5,Phase 2B tier/quality + global impressions/position; clicks excluded from score
butt,https://ovidhan.net/word/butt.html,A,7,REVIEW,LEGACY — NEEDS STATIC UPGRADE,0,0,0,0,GLOBAL AGGREGATE — FRANCE CONTAMINATION POSSIBLE,NONE,Bangladesh-filtered GSC page/query export required,47.5,Phase 2B tier/quality + global impressions/position; clicks excluded from score
button,https://ovidhan.net/word/button.html,A,7,REVIEW,LEGACY — NEEDS STATIC UPGRADE,0,0,0,0,GLOBAL AGGREGATE — FRANCE CONTAMINATION POSSIBLE,NONE,Bangladesh-filtered GSC page/query export required,47.5,Phase 2B tier/quality + global impressions/position; clicks excluded from score
buttons,https://ovidhan.net/word/buttons.html,A,7,REVIEW,LEGACY — NEEDS STATIC UPGRADE,0,0,0,0,GLOBAL AGGREGATE — FRANCE CONTAMINATION POSSIBLE,NONE,Bangladesh-filtered GSC page/query export required,47.5,Phase 2B tier/quality + global impressions/position; clicks excluded from score
buy,https://ovidhan.net/word/buy.html,A,7,REVIEW,LEGACY — NEEDS STATIC UPGRADE,0,0,0,0,GLOBAL AGGREGATE — FRANCE CONTAMINATION POSSIBLE,NONE,Bangladesh-filtered GSC page/query export required,47.5,Phase 2B tier/quality + global impressions/position; clicks excluded from score
buyer,https://ovidhan.net/word/buyer.html,A,7,REVIEW,LEGACY — NEEDS STATIC UPGRADE,0,0,0,0,GLOBAL AGGREGATE — FRANCE CONTAMINATION POSSIBLE,NONE,Bangladesh-filtered GSC page/query export required,47.5,Phase 2B tier/quality + global impressions/position; clicks excluded from score
buyers,https://ovidhan.net/word/buyers.html,A,7,REVIEW,LEGACY — NEEDS STATIC UPGRADE,0,0,0,0,GLOBAL AGGREGATE — FRANCE CONTAMINATION POSSIBLE,NONE,Bangladesh-filtered GSC page/query export required,47.5,Phase 2B tier/quality + global impressions/position; clicks excluded from score
buying,https://ovidhan.net/word/buying.html,A,7,REVIEW,LEGACY — NEEDS STATIC UPGRADE,0,0,0,0,GLOBAL AGGREGATE — FRANCE CONTAMINATION POSSIBLE,NONE,Bangladesh-filtered GSC page/query export required,47.5,Phase 2B tier/quality + global impressions/position; clicks excluded from score
by,https://ovidhan.net/word/by.html,A,7,REVIEW,LEGACY — NEEDS STATIC UPGRADE,0,0,0,0,GLOBAL AGGREGATE — FRANCE CONTAMINATION POSSIBLE,NONE,Bangladesh-filtered GSC page/query export required,47.5,Phase 2B tier/quality + global impressions/position; clicks excluded from score
bytes,https://ovidhan.net/word/bytes.html,A,7,REVIEW,LEGACY — NEEDS STATIC UPGRADE,0,0,0,0,GLOBAL AGGREGATE — FRANCE CONTAMINATION POSSIBLE,NONE,Bangladesh-filtered GSC page/query export required,47.5,Phase 2B tier/quality + global impressions/position; clicks excluded from score
c,https://ovidhan.net/word/c.html,A,7,REVIEW,LEGACY — NEEDS STATIC UPGRADE,0,0,0,0,GLOBAL AGGREGATE — FRANCE CONTAMINATION POSSIBLE,NONE,Bangladesh-filtered GSC page/query export required,47.5,Phase 2B tier/quality + global impressions/position; clicks excluded from score
cabinet,https://ovidhan.net/word/cabinet.html,A,7,REVIEW,LEGACY — NEEDS STATIC UPGRADE,0,0,0,0,GLOBAL AGGREGATE — FRANCE CONTAMINATION POSSIBLE,NONE,Bangladesh-filtered GSC page/query export required,47.5,Phase 2B tier/quality + global impressions/position; clicks excluded from score
cable,https://ovidhan.net/word/cable.html,A,7,REVIEW,LEGACY — NEEDS STATIC UPGRADE,0,0,0,0,GLOBAL AGGREGATE — FRANCE CONTAMINATION POSSIBLE,NONE,Bangladesh-filtered GSC page/query export required,47.5,Phase 2B tier/quality + global impressions/position; clicks excluded from score
cables,https://ovidhan.net/word/cables.html,A,7,REVIEW,LEGACY — NEEDS STATIC UPGRADE,0,0,0,0,GLOBAL AGGREGATE — FRANCE CONTAMINATION POSSIBLE,NONE,Bangladesh-filtered GSC page/query export required,47.5,Phase 2B tier/quality + global impressions/position; clicks excluded from score
cache,https://ovidhan.net/word/cache.html,A,7,REVIEW,LEGACY — NEEDS STATIC UPGRADE,0,0,0,0,GLOBAL AGGREGATE — FRANCE CONTAMINATION POSSIBLE,NONE,Bangladesh-filtered GSC page/query export required,47.5,Phase 2B tier/quality + global impressions/position; clicks excluded from score
cafe,https://ovidhan.net/word/cafe.html,A,7,REVIEW,LEGACY — NEEDS STATIC UPGRADE,0,0,0,0,GLOBAL AGGREGATE — FRANCE CONTAMINATION POSSIBLE,NONE,Bangladesh-filtered GSC page/query export required,47.5,Phase 2B tier/quality + global impressions/position; clicks excluded from score
cake,https://ovidhan.net/word/cake.html,A,7,REVIEW,LEGACY — NEEDS STATIC UPGRADE,0,0,0,0,GLOBAL AGGREGATE — FRANCE CONTAMINATION POSSIBLE,NONE,Bangladesh-filtered GSC page/query export required,47.5,Phase 2B tier/quality + global impressions/position; clicks excluded from score
calculate,https://ovidhan.net/word/calculate.html,A,7,REVIEW,LEGACY — NEEDS STATIC UPGRADE,0,0,0,0,GLOBAL AGGREGATE — FRANCE CONTAMINATION POSSIBLE,NONE,Bangladesh-filtered GSC page/query export required,47.5,Phase 2B tier/quality + global impressions/position; clicks excluded from score
calculated,https://ovidhan.net/word/calculated.html,A,7,REVIEW,LEGACY — NEEDS STATIC UPGRADE,0,0,0,0,GLOBAL AGGREGATE — FRANCE CONTAMINATION POSSIBLE,NONE,Bangladesh-filtered GSC page/query export required,47.5,Phase 2B tier/quality + global impressions/position; clicks excluded from score
calculator,https://ovidhan.net/word/calculator.html,A,7,REVIEW,LEGACY — NEEDS STATIC UPGRADE,0,0,0,0,GLOBAL AGGREGATE — FRANCE CONTAMINATION POSSIBLE,NONE,Bangladesh-filtered GSC page/query export required,47.5,Phase 2B tier/quality + global impressions/position; clicks excluded from score
calendar,https://ovidhan.net/word/calendar.html,A,7,REVIEW,LEGACY — NEEDS STATIC UPGRADE,0,0,0,0,GLOBAL AGGREGATE — FRANCE CONTAMINATION POSSIBLE,NONE,Bangladesh-filtered GSC page/query export required,47.5,Phase 2B tier/quality + global impressions/position; clicks excluded from score
california,https://ovidhan.net/word/california.html,A,7,REVIEW,LEGACY — NEEDS STATIC UPGRADE,0,0,0,0,GLOBAL AGGREGATE — FRANCE CONTAMINATION POSSIBLE,NONE,Bangladesh-filtered GSC page/query export required,47.5,Phase 2B tier/quality + global impressions/position; clicks excluded from score
call,https://ovidhan.net/word/call.html,A,7,REVIEW,LEGACY — NEEDS STATIC UPGRADE,0,0,0,0,GLOBAL AGGREGATE — FRANCE CONTAMINATION POSSIBLE,NONE,Bangladesh-filtered GSC page/query export required,47.5,Phase 2B tier/quality + global impressions/position; clicks excluded from score
called,https://ovidhan.net/word/called.html,A,7,REVIEW,LEGACY — NEEDS STATIC UPGRADE,0,0,0,0,GLOBAL AGGREGATE — FRANCE CONTAMINATION POSSIBLE,NONE,Bangladesh-filtered GSC page/query export required,47.5,Phase 2B tier/quality + global impressions/position; clicks excluded from score
calling,https://ovidhan.net/word/calling.html,A,7,REVIEW,LEGACY — NEEDS STATIC UPGRADE,0,0,0,0,GLOBAL AGGREGATE — FRANCE CONTAMINATION POSSIBLE,NONE,Bangladesh-filtered GSC page/query export required,47.5,Phase 2B tier/quality + global impressions/position; clicks excluded from score
calls,https://ovidhan.net/word/calls.html,A,7,REVIEW,LEGACY — NEEDS STATIC UPGRADE,0,0,0,0,GLOBAL AGGREGATE — FRANCE CONTAMINATION POSSIBLE,NONE,Bangladesh-filtered GSC page/query export required,47.5,Phase 2B tier/quality + global impressions/position; clicks excluded from score
cam,https://ovidhan.net/word/cam.html,A,7,REVIEW,LEGACY — NEEDS STATIC UPGRADE,0,0,0,0,GLOBAL AGGREGATE — FRANCE CONTAMINATION POSSIBLE,NONE,Bangladesh-filtered GSC page/query export required,47.5,Phase 2B tier/quality + global impressions/position; clicks excluded from score
cambridge,https://ovidhan.net/word/cambridge.html,A,7,REVIEW,LEGACY — NEEDS STATIC UPGRADE,0,0,0,0,GLOBAL AGGREGATE — FRANCE CONTAMINATION POSSIBLE,NONE,Bangladesh-filtered GSC page/query export required,47.5,Phase 2B tier/quality + global impressions/position; clicks excluded from score
camcorder,https://ovidhan.net/word/camcorder.html,A,7,REVIEW,LEGACY — NEEDS STATIC UPGRADE,0,0,0,0,GLOBAL AGGREGATE — FRANCE CONTAMINATION POSSIBLE,NONE,Bangladesh-filtered GSC page/query export required,47.5,Phase 2B tier/quality + global impressions/position; clicks excluded from score
came,https://ovidhan.net/word/came.html,A,7,REVIEW,LEGACY — NEEDS STATIC UPGRADE,0,0,0,0,GLOBAL AGGREGATE — FRANCE CONTAMINATION POSSIBLE,NONE,Bangladesh-filtered GSC page/query export required,47.5,Phase 2B tier/quality + global impressions/position; clicks excluded from score
camera,https://ovidhan.net/word/camera.html,A,7,REVIEW,LEGACY — NEEDS STATIC UPGRADE,0,0,0,0,GLOBAL AGGREGATE — FRANCE CONTAMINATION POSSIBLE,NONE,Bangladesh-filtered GSC page/query export required,47.5,Phase 2B tier/quality + global impressions/position; clicks excluded from score
cameras,https://ovidhan.net/word/cameras.html,A,7,REVIEW,LEGACY — NEEDS STATIC UPGRADE,0,0,0,0,GLOBAL AGGREGATE — FRANCE CONTAMINATION POSSIBLE,NONE,Bangladesh-filtered GSC page/query export required,47.5,Phase 2B tier/quality + global impressions/position; clicks excluded from score
camp,https://ovidhan.net/word/camp.html,A,7,REVIEW,LEGACY — NEEDS STATIC UPGRADE,0,0,0,0,GLOBAL AGGREGATE — FRANCE CONTAMINATION POSSIBLE,NONE,Bangladesh-filtered GSC page/query export required,47.5,Phase 2B tier/quality + global impressions/position; clicks excluded from score
campaign,https://ovidhan.net/word/campaign.html,A,7,REVIEW,LEGACY — NEEDS STATIC UPGRADE,0,0,0,0,GLOBAL AGGREGATE — FRANCE CONTAMINATION POSSIBLE,NONE,Bangladesh-filtered GSC page/query export required,47.5,Phase 2B tier/quality + global impressions/position; clicks excluded from score
campbell,https://ovidhan.net/word/campbell.html,A,7,REVIEW,LEGACY — NEEDS STATIC UPGRADE,0,0,0,0,GLOBAL AGGREGATE — FRANCE CONTAMINATION POSSIBLE,NONE,Bangladesh-filtered GSC page/query export required,47.5,Phase 2B tier/quality + global impressions/position; clicks excluded from score
camping,https://ovidhan.net/word/camping.html,A,7,REVIEW,LEGACY — NEEDS STATIC UPGRADE,0,0,0,0,GLOBAL AGGREGATE — FRANCE CONTAMINATION POSSIBLE,NONE,Bangladesh-filtered GSC page/query export required,47.5,Phase 2B tier/quality + global impressions/position; clicks excluded from score
campus,https://ovidhan.net/word/campus.html,A,7,REVIEW,LEGACY — NEEDS STATIC UPGRADE,0,0,0,0,GLOBAL AGGREGATE — FRANCE CONTAMINATION POSSIBLE,NONE,Bangladesh-filtered GSC page/query export required,47.5,Phase 2B tier/quality + global impressions/position; clicks excluded from score
can,https://ovidhan.net/word/can.html,A,7,REVIEW,LEGACY — NEEDS STATIC UPGRADE,0,0,0,0,GLOBAL AGGREGATE — FRANCE CONTAMINATION POSSIBLE,NONE,Bangladesh-filtered GSC page/query export required,47.5,Phase 2B tier/quality + global impressions/position; clicks excluded from score
canada,https://ovidhan.net/word/canada.html,A,7,REVIEW,LEGACY — NEEDS STATIC UPGRADE,0,0,0,0,GLOBAL AGGREGATE — FRANCE CONTAMINATION POSSIBLE,NONE,Bangladesh-filtered GSC page/query export required,47.5,Phase 2B tier/quality + global impressions/position; clicks excluded from score
canadian,https://ovidhan.net/word/canadian.html,A,7,REVIEW,LEGACY — NEEDS STATIC UPGRADE,0,0,0,0,GLOBAL AGGREGATE — FRANCE CONTAMINATION POSSIBLE,NONE,Bangladesh-filtered GSC page/query export required,47.5,Phase 2B tier/quality + global impressions/position; clicks excluded from score
cancel,https://ovidhan.net/word/cancel.html,A,7,REVIEW,LEGACY — NEEDS STATIC UPGRADE,0,0,0,0,GLOBAL AGGREGATE — FRANCE CONTAMINATION POSSIBLE,NONE,Bangladesh-filtered GSC page/query export required,47.5,Phase 2B tier/quality + global impressions/position; clicks excluded from score
cancer,https://ovidhan.net/word/cancer.html,A,7,REVIEW,LEGACY — NEEDS STATIC UPGRADE,0,0,0,0,GLOBAL AGGREGATE — FRANCE CONTAMINATION POSSIBLE,NONE,Bangladesh-filtered GSC page/query export required,47.5,Phase 2B tier/quality + global impressions/position; clicks excluded from score
candidate,https://ovidhan.net/word/candidate.html,A,7,REVIEW,LEGACY — NEEDS STATIC UPGRADE,0,0,0,0,GLOBAL AGGREGATE — FRANCE CONTAMINATION POSSIBLE,NONE,Bangladesh-filtered GSC page/query export required,47.5,Phase 2B tier/quality + global impressions/position; clicks excluded from score
candidates,https://ovidhan.net/word/candidates.html,A,7,REVIEW,LEGACY — NEEDS STATIC UPGRADE,0,0,0,0,GLOBAL AGGREGATE — FRANCE CONTAMINATION POSSIBLE,NONE,Bangladesh-filtered GSC page/query export required,47.5,Phase 2B tier/quality + global impressions/position; clicks excluded from score
candy,https://ovidhan.net/word/candy.html,A,7,REVIEW,LEGACY — NEEDS STATIC UPGRADE,0,0,0,0,GLOBAL AGGREGATE — FRANCE CONTAMINATION POSSIBLE,NONE,Bangladesh-filtered GSC page/query export required,47.5,Phase 2B tier/quality + global impressions/position; clicks excluded from score
canon,https://ovidhan.net/word/canon.html,A,7,REVIEW,LEGACY — NEEDS STATIC UPGRADE,0,0,0,0,GLOBAL AGGREGATE — FRANCE CONTAMINATION POSSIBLE,NONE,Bangladesh-filtered GSC page/query export required,47.5,Phase 2B tier/quality + global impressions/position; clicks excluded from score
cap,https://ovidhan.net/word/cap.html,A,7,REVIEW,LEGACY — NEEDS STATIC UPGRADE,0,0,0,0,GLOBAL AGGREGATE — FRANCE CONTAMINATION POSSIBLE,NONE,Bangladesh-filtered GSC page/query export required,47.5,Phase 2B tier/quality + global impressions/position; clicks excluded from score
capabilities,https://ovidhan.net/word/capabilities.html,A,7,REVIEW,LEGACY — NEEDS STATIC UPGRADE,0,0,0,0,GLOBAL AGGREGATE — FRANCE CONTAMINATION POSSIBLE,NONE,Bangladesh-filtered GSC page/query export required,47.5,Phase 2B tier/quality + global impressions/position; clicks excluded from score
capability,https://ovidhan.net/word/capability.html,A,7,REVIEW,LEGACY — NEEDS STATIC UPGRADE,0,0,0,0,GLOBAL AGGREGATE — FRANCE CONTAMINATION POSSIBLE,NONE,Bangladesh-filtered GSC page/query export required,47.5,Phase 2B tier/quality + global impressions/position; clicks excluded from score
capable,https://ovidhan.net/word/capable.html,A,7,REVIEW,LEGACY — NEEDS STATIC UPGRADE,0,0,0,0,GLOBAL AGGREGATE — FRANCE CONTAMINATION POSSIBLE,NONE,Bangladesh-filtered GSC page/query export required,47.5,Phase 2B tier/quality + global impressions/position; clicks excluded from score
capacity,https://ovidhan.net/word/capacity.html,A,7,REVIEW,LEGACY — NEEDS STATIC UPGRADE,0,0,0,0,GLOBAL AGGREGATE — FRANCE CONTAMINATION POSSIBLE,NONE,Bangladesh-filtered GSC page/query export required,47.5,Phase 2B tier/quality + global impressions/position; clicks excluded from score
cape,https://ovidhan.net/word/cape.html,A,7,REVIEW,LEGACY — NEEDS STATIC UPGRADE,0,0,0,0,GLOBAL AGGREGATE — FRANCE CONTAMINATION POSSIBLE,NONE,Bangladesh-filtered GSC page/query export required,47.5,Phase 2B tier/quality + global impressions/position; clicks excluded from score
capital,https://ovidhan.net/word/capital.html,A,7,REVIEW,LEGACY — NEEDS STATIC UPGRADE,0,0,0,0,GLOBAL AGGREGATE — FRANCE CONTAMINATION POSSIBLE,NONE,Bangladesh-filtered GSC page/query export required,47.5,Phase 2B tier/quality + global impressions/position; clicks excluded from score
captain,https://ovidhan.net/word/captain.html,A,7,REVIEW,LEGACY — NEEDS STATIC UPGRADE,0,0,0,0,GLOBAL AGGREGATE — FRANCE CONTAMINATION POSSIBLE,NONE,Bangladesh-filtered GSC page/query export required,47.5,Phase 2B tier/quality + global impressions/position; clicks excluded from score
capture,https://ovidhan.net/word/capture.html,A,7,REVIEW,LEGACY — NEEDS STATIC UPGRADE,0,0,0,0,GLOBAL AGGREGATE — FRANCE CONTAMINATION POSSIBLE,NONE,Bangladesh-filtered GSC page/query export required,47.5,Phase 2B tier/quality + global impressions/position; clicks excluded from score
car,https://ovidhan.net/word/car.html,A,7,REVIEW,LEGACY — NEEDS STATIC UPGRADE,0,0,0,0,GLOBAL AGGREGATE — FRANCE CONTAMINATION POSSIBLE,NONE,Bangladesh-filtered GSC page/query export required,47.5,Phase 2B tier/quality + global impressions/position; clicks excluded from score
carbon,https://ovidhan.net/word/carbon.html,A,7,REVIEW,LEGACY — NEEDS STATIC UPGRADE,0,0,0,0,GLOBAL AGGREGATE — FRANCE CONTAMINATION POSSIBLE,NONE,Bangladesh-filtered GSC page/query export required,47.5,Phase 2B tier/quality + global impressions/position; clicks excluded from score
card,https://ovidhan.net/word/card.html,A,7,REVIEW,LEGACY — NEEDS STATIC UPGRADE,0,0,0,0,GLOBAL AGGREGATE — FRANCE CONTAMINATION POSSIBLE,NONE,Bangladesh-filtered GSC page/query export required,47.5,Phase 2B tier/quality + global impressions/position; clicks excluded from score
cards,https://ovidhan.net/word/cards.html,A,7,REVIEW,LEGACY — NEEDS STATIC UPGRADE,0,0,0,0,GLOBAL AGGREGATE — FRANCE CONTAMINATION POSSIBLE,NONE,Bangladesh-filtered GSC page/query export required,47.5,Phase 2B tier/quality + global impressions/position; clicks excluded from score
care,https://ovidhan.net/word/care.html,A,7,REVIEW,LEGACY — NEEDS STATIC UPGRADE,0,0,0,0,GLOBAL AGGREGATE — FRANCE CONTAMINATION POSSIBLE,NONE,Bangladesh-filtered GSC page/query export required,47.5,Phase 2B tier/quality + global impressions/position; clicks excluded from score
career,https://ovidhan.net/word/career.html,A,7,REVIEW,LEGACY — NEEDS STATIC UPGRADE,0,0,0,0,GLOBAL AGGREGATE — FRANCE CONTAMINATION POSSIBLE,NONE,Bangladesh-filtered GSC page/query export required,47.5,Phase 2B tier/quality + global impressions/position; clicks excluded from score
careers,https://ovidhan.net/word/careers.html,A,7,REVIEW,LEGACY — NEEDS STATIC UPGRADE,0,0,0,0,GLOBAL AGGREGATE — FRANCE CONTAMINATION POSSIBLE,NONE,Bangladesh-filtered GSC page/query export required,47.5,Phase 2B tier/quality + global impressions/position; clicks excluded from score
carefully,https://ovidhan.net/word/carefully.html,A,7,REVIEW,LEGACY — NEEDS STATIC UPGRADE,0,0,0,0,GLOBAL AGGREGATE — FRANCE CONTAMINATION POSSIBLE,NONE,Bangladesh-filtered GSC page/query export required,47.5,Phase 2B tier/quality + global impressions/position; clicks excluded from score
caribbean,https://ovidhan.net/word/caribbean.html,A,7,REVIEW,LEGACY — NEEDS STATIC UPGRADE,0,0,0,0,GLOBAL AGGREGATE — FRANCE CONTAMINATION POSSIBLE,NONE,Bangladesh-filtered GSC page/query export required,47.5,Phase 2B tier/quality + global impressions/position; clicks excluded from score
carolina,https://ovidhan.net/word/carolina.html,A,7,REVIEW,LEGACY — NEEDS STATIC UPGRADE,0,0,0,0,GLOBAL AGGREGATE — FRANCE CONTAMINATION POSSIBLE,NONE,Bangladesh-filtered GSC page/query export required,47.5,Phase 2B tier/quality + global impressions/position; clicks excluded from score
carried,https://ovidhan.net/word/carried.html,A,7,REVIEW,LEGACY — NEEDS STATIC UPGRADE,0,0,0,0,GLOBAL AGGREGATE — FRANCE CONTAMINATION POSSIBLE,NONE,Bangladesh-filtered GSC page/query export required,47.5,Phase 2B tier/quality + global impressions/position; clicks excluded from score
carrier,https://ovidhan.net/word/carrier.html,A,7,REVIEW,LEGACY — NEEDS STATIC UPGRADE,0,0,0,0,GLOBAL AGGREGATE — FRANCE CONTAMINATION POSSIBLE,NONE,Bangladesh-filtered GSC page/query export required,47.5,Phase 2B tier/quality + global impressions/position; clicks excluded from score
carry,https://ovidhan.net/word/carry.html,A,7,REVIEW,LEGACY — NEEDS STATIC UPGRADE,0,0,0,0,GLOBAL AGGREGATE — FRANCE CONTAMINATION POSSIBLE,NONE,Bangladesh-filtered GSC page/query export required,47.5,Phase 2B tier/quality + global impressions/position; clicks excluded from score
carrying,https://ovidhan.net/word/carrying.html,A,7,REVIEW,LEGACY — NEEDS STATIC UPGRADE,0,0,0,0,GLOBAL AGGREGATE — FRANCE CONTAMINATION POSSIBLE,NONE,Bangladesh-filtered GSC page/query export required,47.5,Phase 2B tier/quality + global impressions/position; clicks excluded from score
cars,https://ovidhan.net/word/cars.html,A,7,REVIEW,LEGACY — NEEDS STATIC UPGRADE,0,0,0,0,GLOBAL AGGREGATE — FRANCE CONTAMINATION POSSIBLE,NONE,Bangladesh-filtered GSC page/query export required,47.5,Phase 2B tier/quality + global impressions/position; clicks excluded from score
cart,https://ovidhan.net/word/cart.html,A,7,REVIEW,LEGACY — NEEDS STATIC UPGRADE,0,0,0,0,GLOBAL AGGREGATE — FRANCE CONTAMINATION POSSIBLE,NONE,Bangladesh-filtered GSC page/query export required,47.5,Phase 2B tier/quality + global impressions/position; clicks excluded from score
cartoon,https://ovidhan.net/word/cartoon.html,A,7,REVIEW,LEGACY — NEEDS STATIC UPGRADE,0,0,0,0,GLOBAL AGGREGATE — FRANCE CONTAMINATION POSSIBLE,NONE,Bangladesh-filtered GSC page/query export required,47.5,Phase 2B tier/quality + global impressions/position; clicks excluded from score
cartoons,https://ovidhan.net/word/cartoons.html,A,7,REVIEW,LEGACY — NEEDS STATIC UPGRADE,0,0,0,0,GLOBAL AGGREGATE — FRANCE CONTAMINATION POSSIBLE,NONE,Bangladesh-filtered GSC page/query export required,47.5,Phase 2B tier/quality + global impressions/position; clicks excluded from score
cartridge,https://ovidhan.net/word/cartridge.html,A,7,REVIEW,LEGACY — NEEDS STATIC UPGRADE,0,0,0,0,GLOBAL AGGREGATE — FRANCE CONTAMINATION POSSIBLE,NONE,Bangladesh-filtered GSC page/query export required,47.5,Phase 2B tier/quality + global impressions/position; clicks excluded from score
case,https://ovidhan.net/word/case.html,A,7,REVIEW,LEGACY — NEEDS STATIC UPGRADE,0,0,0,0,GLOBAL AGGREGATE — FRANCE CONTAMINATION POSSIBLE,NONE,Bangladesh-filtered GSC page/query export required,47.5,Phase 2B tier/quality + global impressions/position; clicks excluded from score
cases,https://ovidhan.net/word/cases.html,A,7,REVIEW,LEGACY — NEEDS STATIC UPGRADE,0,0,0,0,GLOBAL AGGREGATE — FRANCE CONTAMINATION POSSIBLE,NONE,Bangladesh-filtered GSC page/query export required,47.5,Phase 2B tier/quality + global impressions/position; clicks excluded from score
cash,https://ovidhan.net/word/cash.html,A,7,REVIEW,LEGACY — NEEDS STATIC UPGRADE,0,0,0,0,GLOBAL AGGREGATE — FRANCE CONTAMINATION POSSIBLE,NONE,Bangladesh-filtered GSC page/query export required,47.5,Phase 2B tier/quality + global impressions/position; clicks excluded from score
casino,https://ovidhan.net/word/casino.html,A,7,REVIEW,LEGACY — NEEDS STATIC UPGRADE,0,0,0,0,GLOBAL AGGREGATE — FRANCE CONTAMINATION POSSIBLE,NONE,Bangladesh-filtered GSC page/query export required,47.5,Phase 2B tier/quality + global impressions/position; clicks excluded from score
casinos,https://ovidhan.net/word/casinos.html,A,7,REVIEW,LEGACY — NEEDS STATIC UPGRADE,0,0,0,0,GLOBAL AGGREGATE — FRANCE CONTAMINATION POSSIBLE,NONE,Bangladesh-filtered GSC page/query export required,47.5,Phase 2B tier/quality + global impressions/position; clicks excluded from score
cast,https://ovidhan.net/word/cast.html,A,7,REVIEW,LEGACY — NEEDS STATIC UPGRADE,0,0,0,0,GLOBAL AGGREGATE — FRANCE CONTAMINATION POSSIBLE,NONE,Bangladesh-filtered GSC page/query export required,47.5,Phase 2B tier/quality + global impressions/position; clicks excluded from score
castle,https://ovidhan.net/word/castle.html,A,7,REVIEW,LEGACY — NEEDS STATIC UPGRADE,0,0,0,0,GLOBAL AGGREGATE — FRANCE CONTAMINATION POSSIBLE,NONE,Bangladesh-filtered GSC page/query export required,47.5,Phase 2B tier/quality + global impressions/position; clicks excluded from score
casual,https://ovidhan.net/word/casual.html,A,7,REVIEW,LEGACY — NEEDS STATIC UPGRADE,0,0,0,0,GLOBAL AGGREGATE — FRANCE CONTAMINATION POSSIBLE,NONE,Bangladesh-filtered GSC page/query export required,47.5,Phase 2B tier/quality + global impressions/position; clicks excluded from score
cat,https://ovidhan.net/word/cat.html,A,7,REVIEW,LEGACY — NEEDS STATIC UPGRADE,0,0,0,0,GLOBAL AGGREGATE — FRANCE CONTAMINATION POSSIBLE,NONE,Bangladesh-filtered GSC page/query export required,47.5,Phase 2B tier/quality + global impressions/position; clicks excluded from score
catalog,https://ovidhan.net/word/catalog.html,A,7,REVIEW,LEGACY — NEEDS STATIC UPGRADE,0,0,0,0,GLOBAL AGGREGATE — FRANCE CONTAMINATION POSSIBLE,NONE,Bangladesh-filtered GSC page/query export required,47.5,Phase 2B tier/quality + global impressions/position; clicks excluded from score
catalogue,https://ovidhan.net/word/catalogue.html,A,7,REVIEW,LEGACY — NEEDS STATIC UPGRADE,0,0,0,0,GLOBAL AGGREGATE — FRANCE CONTAMINATION POSSIBLE,NONE,Bangladesh-filtered GSC page/query export required,47.5,Phase 2B tier/quality + global impressions/position; clicks excluded from score
catch,https://ovidhan.net/word/catch.html,A,7,REVIEW,LEGACY — NEEDS STATIC UPGRADE,0,0,0,0,GLOBAL AGGREGATE — FRANCE CONTAMINATION POSSIBLE,NONE,Bangladesh-filtered GSC page/query export required,47.5,Phase 2B tier/quality + global impressions/position; clicks excluded from score
categories,https://ovidhan.net/word/categories.html,A,7,REVIEW,LEGACY — NEEDS STATIC UPGRADE,0,0,0,0,GLOBAL AGGREGATE — FRANCE CONTAMINATION POSSIBLE,NONE,Bangladesh-filtered GSC page/query export required,47.5,Phase 2B tier/quality + global impressions/position; clicks excluded from score
category,https://ovidhan.net/word/category.html,A,7,REVIEW,LEGACY — NEEDS STATIC UPGRADE,0,0,0,0,GLOBAL AGGREGATE — FRANCE CONTAMINATION POSSIBLE,NONE,Bangladesh-filtered GSC page/query export required,47.5,Phase 2B tier/quality + global impressions/position; clicks excluded from score
catering,https://ovidhan.net/word/catering.html,A,7,REVIEW,LEGACY — NEEDS STATIC UPGRADE,0,0,0,0,GLOBAL AGGREGATE — FRANCE CONTAMINATION POSSIBLE,NONE,Bangladesh-filtered GSC page/query export required,47.5,Phase 2B tier/quality + global impressions/position; clicks excluded from score
catholic,https://ovidhan.net/word/catholic.html,A,7,REVIEW,LEGACY — NEEDS STATIC UPGRADE,0,0,0,0,GLOBAL AGGREGATE — FRANCE CONTAMINATION POSSIBLE,NONE,Bangladesh-filtered GSC page/query export required,47.5,Phase 2B tier/quality + global impressions/position; clicks excluded from score
cats,https://ovidhan.net/word/cats.html,A,7,REVIEW,LEGACY — NEEDS STATIC UPGRADE,0,0,0,0,GLOBAL AGGREGATE — FRANCE CONTAMINATION POSSIBLE,NONE,Bangladesh-filtered GSC page/query export required,47.5,Phase 2B tier/quality + global impressions/position; clicks excluded from score
caught,https://ovidhan.net/word/caught.html,A,7,REVIEW,LEGACY — NEEDS STATIC UPGRADE,0,0,0,0,GLOBAL AGGREGATE — FRANCE CONTAMINATION POSSIBLE,NONE,Bangladesh-filtered GSC page/query export required,47.5,Phase 2B tier/quality + global impressions/position; clicks excluded from score
cause,https://ovidhan.net/word/cause.html,A,7,REVIEW,LEGACY — NEEDS STATIC UPGRADE,0,0,0,0,GLOBAL AGGREGATE — FRANCE CONTAMINATION POSSIBLE,NONE,Bangladesh-filtered GSC page/query export required,47.5,Phase 2B tier/quality + global impressions/position; clicks excluded from score
caused,https://ovidhan.net/word/caused.html,A,7,REVIEW,LEGACY — NEEDS STATIC UPGRADE,0,0,0,0,GLOBAL AGGREGATE — FRANCE CONTAMINATION POSSIBLE,NONE,Bangladesh-filtered GSC page/query export required,47.5,Phase 2B tier/quality + global impressions/position; clicks excluded from score
causes,https://ovidhan.net/word/causes.html,A,7,REVIEW,LEGACY — NEEDS STATIC UPGRADE,0,0,0,0,GLOBAL AGGREGATE — FRANCE CONTAMINATION POSSIBLE,NONE,Bangladesh-filtered GSC page/query export required,47.5,Phase 2B tier/quality + global impressions/position; clicks excluded from score
cd,https://ovidhan.net/word/cd.html,A,7,REVIEW,LEGACY — NEEDS STATIC UPGRADE,0,0,0,0,GLOBAL AGGREGATE — FRANCE CONTAMINATION POSSIBLE,NONE,Bangladesh-filtered GSC page/query export required,47.5,Phase 2B tier/quality + global impressions/position; clicks excluded from score
cds,https://ovidhan.net/word/cds.html,A,7,REVIEW,LEGACY — NEEDS STATIC UPGRADE,0,0,0,0,GLOBAL AGGREGATE — FRANCE CONTAMINATION POSSIBLE,NONE,Bangladesh-filtered GSC page/query export required,47.5,Phase 2B tier/quality + global impressions/position; clicks excluded from score
celebrity,https://ovidhan.net/word/celebrity.html,A,7,REVIEW,LEGACY — NEEDS STATIC UPGRADE,0,0,0,0,GLOBAL AGGREGATE — FRANCE CONTAMINATION POSSIBLE,NONE,Bangladesh-filtered GSC page/query export required,47.5,Phase 2B tier/quality + global impressions/position; clicks excluded from score
cell,https://ovidhan.net/word/cell.html,A,7,REVIEW,LEGACY — NEEDS STATIC UPGRADE,0,0,0,0,GLOBAL AGGREGATE — FRANCE CONTAMINATION POSSIBLE,NONE,Bangladesh-filtered GSC page/query export required,47.5,Phase 2B tier/quality + global impressions/position; clicks excluded from score
cells,https://ovidhan.net/word/cells.html,A,7,REVIEW,LEGACY — NEEDS STATIC UPGRADE,0,0,0,0,GLOBAL AGGREGATE — FRANCE CONTAMINATION POSSIBLE,NONE,Bangladesh-filtered GSC page/query export required,47.5,Phase 2B tier/quality + global impressions/position; clicks excluded from score
cellular,https://ovidhan.net/word/cellular.html,A,7,REVIEW,LEGACY — NEEDS STATIC UPGRADE,0,0,0,0,GLOBAL AGGREGATE — FRANCE CONTAMINATION POSSIBLE,NONE,Bangladesh-filtered GSC page/query export required,47.5,Phase 2B tier/quality + global impressions/position; clicks excluded from score
census,https://ovidhan.net/word/census.html,A,7,REVIEW,LEGACY — NEEDS STATIC UPGRADE,0,0,0,0,GLOBAL AGGREGATE — FRANCE CONTAMINATION POSSIBLE,NONE,Bangladesh-filtered GSC page/query export required,47.5,Phase 2B tier/quality + global impressions/position; clicks excluded from score
cent,https://ovidhan.net/word/cent.html,A,7,REVIEW,LEGACY — NEEDS STATIC UPGRADE,0,0,0,0,GLOBAL AGGREGATE — FRANCE CONTAMINATION POSSIBLE,NONE,Bangladesh-filtered GSC page/query export required,47.5,Phase 2B tier/quality + global impressions/position; clicks excluded from score
center,https://ovidhan.net/word/center.html,A,7,REVIEW,LEGACY — NEEDS STATIC UPGRADE,0,0,0,0,GLOBAL AGGREGATE — FRANCE CONTAMINATION POSSIBLE,NONE,Bangladesh-filtered GSC page/query export required,47.5,Phase 2B tier/quality + global impressions/position; clicks excluded from score
centers,https://ovidhan.net/word/centers.html,A,7,REVIEW,LEGACY — NEEDS STATIC UPGRADE,0,0,0,0,GLOBAL AGGREGATE — FRANCE CONTAMINATION POSSIBLE,NONE,Bangladesh-filtered GSC page/query export required,47.5,Phase 2B tier/quality + global impressions/position; clicks excluded from score
central,https://ovidhan.net/word/central.html,A,7,REVIEW,LEGACY — NEEDS STATIC UPGRADE,0,0,0,0,GLOBAL AGGREGATE — FRANCE CONTAMINATION POSSIBLE,NONE,Bangladesh-filtered GSC page/query export required,47.5,Phase 2B tier/quality + global impressions/position; clicks excluded from score
centre,https://ovidhan.net/word/centre.html,A,7,REVIEW,LEGACY — NEEDS STATIC UPGRADE,0,0,0,0,GLOBAL AGGREGATE — FRANCE CONTAMINATION POSSIBLE,NONE,Bangladesh-filtered GSC page/query export required,47.5,Phase 2B tier/quality + global impressions/position; clicks excluded from score
centres,https://ovidhan.net/word/centres.html,A,7,REVIEW,LEGACY — NEEDS STATIC UPGRADE,0,0,0,0,GLOBAL AGGREGATE — FRANCE CONTAMINATION POSSIBLE,NONE,Bangladesh-filtered GSC page/query export required,47.5,Phase 2B tier/quality + global impressions/position; clicks excluded from score
century,https://ovidhan.net/word/century.html,A,7,REVIEW,LEGACY — NEEDS STATIC UPGRADE,0,0,0,0,GLOBAL AGGREGATE — FRANCE CONTAMINATION POSSIBLE,NONE,Bangladesh-filtered GSC page/query export required,47.5,Phase 2B tier/quality + global impressions/position; clicks excluded from score
ceo,https://ovidhan.net/word/ceo.html,A,7,REVIEW,LEGACY — NEEDS STATIC UPGRADE,0,0,0,0,GLOBAL AGGREGATE — FRANCE CONTAMINATION POSSIBLE,NONE,Bangladesh-filtered GSC page/query export required,47.5,Phase 2B tier/quality + global impressions/position; clicks excluded from score
certain,https://ovidhan.net/word/certain.html,A,7,REVIEW,LEGACY — NEEDS STATIC UPGRADE,0,0,0,0,GLOBAL AGGREGATE — FRANCE CONTAMINATION POSSIBLE,NONE,Bangladesh-filtered GSC page/query export required,47.5,Phase 2B tier/quality + global impressions/position; clicks excluded from score
certainly,https://ovidhan.net/word/certainly.html,A,7,REVIEW,LEGACY — NEEDS STATIC UPGRADE,0,0,0,0,GLOBAL AGGREGATE — FRANCE CONTAMINATION POSSIBLE,NONE,Bangladesh-filtered GSC page/query export required,47.5,Phase 2B tier/quality + global impressions/position; clicks excluded from score
certificate,https://ovidhan.net/word/certificate.html,A,7,REVIEW,LEGACY — NEEDS STATIC UPGRADE,0,0,0,0,GLOBAL AGGREGATE — FRANCE CONTAMINATION POSSIBLE,NONE,Bangladesh-filtered GSC page/query export required,47.5,Phase 2B tier/quality + global impressions/position; clicks excluded from score
certificates,https://ovidhan.net/word/certificates.html,A,7,REVIEW,LEGACY — NEEDS STATIC UPGRADE,0,0,0,0,GLOBAL AGGREGATE — FRANCE CONTAMINATION POSSIBLE,NONE,Bangladesh-filtered GSC page/query export required,47.5,Phase 2B tier/quality + global impressions/position; clicks excluded from score
certification,https://ovidhan.net/word/certification.html,A,7,REVIEW,LEGACY — NEEDS STATIC UPGRADE,0,0,0,0,GLOBAL AGGREGATE — FRANCE CONTAMINATION POSSIBLE,NONE,Bangladesh-filtered GSC page/query export required,47.5,Phase 2B tier/quality + global impressions/position; clicks excluded from score
certified,https://ovidhan.net/word/certified.html,A,7,REVIEW,LEGACY — NEEDS STATIC UPGRADE,0,0,0,0,GLOBAL AGGREGATE — FRANCE CONTAMINATION POSSIBLE,NONE,Bangladesh-filtered GSC page/query export required,47.5,Phase 2B tier/quality + global impressions/position; clicks excluded from score
chain,https://ovidhan.net/word/chain.html,A,7,REVIEW,LEGACY — NEEDS STATIC UPGRADE,0,0,0,0,GLOBAL AGGREGATE — FRANCE CONTAMINATION POSSIBLE,NONE,Bangladesh-filtered GSC page/query export required,47.5,Phase 2B tier/quality + global impressions/position; clicks excluded from score
chair,https://ovidhan.net/word/chair.html,A,7,REVIEW,LEGACY — NEEDS STATIC UPGRADE,0,0,0,0,GLOBAL AGGREGATE — FRANCE CONTAMINATION POSSIBLE,NONE,Bangladesh-filtered GSC page/query export required,47.5,Phase 2B tier/quality + global impressions/position; clicks excluded from score
chairman,https://ovidhan.net/word/chairman.html,A,7,REVIEW,LEGACY — NEEDS STATIC UPGRADE,0,0,0,0,GLOBAL AGGREGATE — FRANCE CONTAMINATION POSSIBLE,NONE,Bangladesh-filtered GSC page/query export required,47.5,Phase 2B tier/quality + global impressions/position; clicks excluded from score
chairs,https://ovidhan.net/word/chairs.html,A,7,REVIEW,LEGACY — NEEDS STATIC UPGRADE,0,0,0,0,GLOBAL AGGREGATE — FRANCE CONTAMINATION POSSIBLE,NONE,Bangladesh-filtered GSC page/query export required,47.5,Phase 2B tier/quality + global impressions/position; clicks excluded from score
challenge,https://ovidhan.net/word/challenge.html,A,7,REVIEW,LEGACY — NEEDS STATIC UPGRADE,0,0,0,0,GLOBAL AGGREGATE — FRANCE CONTAMINATION POSSIBLE,NONE,Bangladesh-filtered GSC page/query export required,47.5,Phase 2B tier/quality + global impressions/position; clicks excluded from score
challenges,https://ovidhan.net/word/challenges.html,A,7,REVIEW,LEGACY — NEEDS STATIC UPGRADE,0,0,0,0,GLOBAL AGGREGATE — FRANCE CONTAMINATION POSSIBLE,NONE,Bangladesh-filtered GSC page/query export required,47.5,Phase 2B tier/quality + global impressions/position; clicks excluded from score
chamber,https://ovidhan.net/word/chamber.html,A,7,REVIEW,LEGACY — NEEDS STATIC UPGRADE,0,0,0,0,GLOBAL AGGREGATE — FRANCE CONTAMINATION POSSIBLE,NONE,Bangladesh-filtered GSC page/query export required,47.5,Phase 2B tier/quality + global impressions/position; clicks excluded from score
champion,https://ovidhan.net/word/champion.html,A,7,REVIEW,LEGACY — NEEDS STATIC UPGRADE,0,0,0,0,GLOBAL AGGREGATE — FRANCE CONTAMINATION POSSIBLE,NONE,Bangladesh-filtered GSC page/query export required,47.5,Phase 2B tier/quality + global impressions/position; clicks excluded from score
championship,https://ovidhan.net/word/championship.html,A,7,REVIEW,LEGACY — NEEDS STATIC UPGRADE,0,0,0,0,GLOBAL AGGREGATE — FRANCE CONTAMINATION POSSIBLE,NONE,Bangladesh-filtered GSC page/query export required,47.5,Phase 2B tier/quality + global impressions/position; clicks excluded from score
chance,https://ovidhan.net/word/chance.html,A,7,REVIEW,LEGACY — NEEDS STATIC UPGRADE,0,0,0,0,GLOBAL AGGREGATE — FRANCE CONTAMINATION POSSIBLE,NONE,Bangladesh-filtered GSC page/query export required,47.5,Phase 2B tier/quality + global impressions/position; clicks excluded from score
change,https://ovidhan.net/word/change.html,A,7,REVIEW,LEGACY — NEEDS STATIC UPGRADE,0,0,0,0,GLOBAL AGGREGATE — FRANCE CONTAMINATION POSSIBLE,NONE,Bangladesh-filtered GSC page/query export required,47.5,Phase 2B tier/quality + global impressions/position; clicks excluded from score
changed,https://ovidhan.net/word/changed.html,A,7,REVIEW,LEGACY — NEEDS STATIC UPGRADE,0,0,0,0,GLOBAL AGGREGATE — FRANCE CONTAMINATION POSSIBLE,NONE,Bangladesh-filtered GSC page/query export required,47.5,Phase 2B tier/quality + global impressions/position; clicks excluded from score
changes,https://ovidhan.net/word/changes.html,A,7,REVIEW,LEGACY — NEEDS STATIC UPGRADE,0,0,0,0,GLOBAL AGGREGATE — FRANCE CONTAMINATION POSSIBLE,NONE,Bangladesh-filtered GSC page/query export required,47.5,Phase 2B tier/quality + global impressions/position; clicks excluded from score
changing,https://ovidhan.net/word/changing.html,A,7,REVIEW,LEGACY — NEEDS STATIC UPGRADE,0,0,0,0,GLOBAL AGGREGATE — FRANCE CONTAMINATION POSSIBLE,NONE,Bangladesh-filtered GSC page/query export required,47.5,Phase 2B tier/quality + global impressions/position; clicks excluded from score
channel,https://ovidhan.net/word/channel.html,A,7,REVIEW,LEGACY — NEEDS STATIC UPGRADE,0,0,0,0,GLOBAL AGGREGATE — FRANCE CONTAMINATION POSSIBLE,NONE,Bangladesh-filtered GSC page/query export required,47.5,Phase 2B tier/quality + global impressions/position; clicks excluded from score
channels,https://ovidhan.net/word/channels.html,A,7,REVIEW,LEGACY — NEEDS STATIC UPGRADE,0,0,0,0,GLOBAL AGGREGATE — FRANCE CONTAMINATION POSSIBLE,NONE,Bangladesh-filtered GSC page/query export required,47.5,Phase 2B tier/quality + global impressions/position; clicks excluded from score
chapter,https://ovidhan.net/word/chapter.html,A,7,REVIEW,LEGACY — NEEDS STATIC UPGRADE,0,0,0,0,GLOBAL AGGREGATE — FRANCE CONTAMINATION POSSIBLE,NONE,Bangladesh-filtered GSC page/query export required,47.5,Phase 2B tier/quality + global impressions/position; clicks excluded from score
char,https://ovidhan.net/word/char.html,A,7,REVIEW,LEGACY — NEEDS STATIC UPGRADE,0,0,0,0,GLOBAL AGGREGATE — FRANCE CONTAMINATION POSSIBLE,NONE,Bangladesh-filtered GSC page/query export required,47.5,Phase 2B tier/quality + global impressions/position; clicks excluded from score
character,https://ovidhan.net/word/character.html,A,7,REVIEW,LEGACY — NEEDS STATIC UPGRADE,0,0,0,0,GLOBAL AGGREGATE — FRANCE CONTAMINATION POSSIBLE,NONE,Bangladesh-filtered GSC page/query export required,47.5,Phase 2B tier/quality + global impressions/position; clicks excluded from score
characteristics,https://ovidhan.net/word/characteristics.html,A,7,REVIEW,LEGACY — NEEDS STATIC UPGRADE,0,0,0,0,GLOBAL AGGREGATE — FRANCE CONTAMINATION POSSIBLE,NONE,Bangladesh-filtered GSC page/query export required,47.5,Phase 2B tier/quality + global impressions/position; clicks excluded from score
characters,https://ovidhan.net/word/characters.html,A,7,REVIEW,LEGACY — NEEDS STATIC UPGRADE,0,0,0,0,GLOBAL AGGREGATE — FRANCE CONTAMINATION POSSIBLE,NONE,Bangladesh-filtered GSC page/query export required,47.5,Phase 2B tier/quality + global impressions/position; clicks excluded from score
charge,https://ovidhan.net/word/charge.html,A,7,REVIEW,LEGACY — NEEDS STATIC UPGRADE,0,0,0,0,GLOBAL AGGREGATE — FRANCE CONTAMINATION POSSIBLE,NONE,Bangladesh-filtered GSC page/query export required,47.5,Phase 2B tier/quality + global impressions/position; clicks excluded from score
charged,https://ovidhan.net/word/charged.html,A,7,REVIEW,LEGACY — NEEDS STATIC UPGRADE,0,0,0,0,GLOBAL AGGREGATE — FRANCE CONTAMINATION POSSIBLE,NONE,Bangladesh-filtered GSC page/query export required,47.5,Phase 2B tier/quality + global impressions/position; clicks excluded from score
charger,https://ovidhan.net/word/charger.html,A,7,REVIEW,LEGACY — NEEDS STATIC UPGRADE,0,0,0,0,GLOBAL AGGREGATE — FRANCE CONTAMINATION POSSIBLE,NONE,Bangladesh-filtered GSC page/query export required,47.5,Phase 2B tier/quality + global impressions/position; clicks excluded from score
charges,https://ovidhan.net/word/charges.html,A,7,REVIEW,LEGACY — NEEDS STATIC UPGRADE,0,0,0,0,GLOBAL AGGREGATE — FRANCE CONTAMINATION POSSIBLE,NONE,Bangladesh-filtered GSC page/query export required,47.5,Phase 2B tier/quality + global impressions/position; clicks excluded from score
charity,https://ovidhan.net/word/charity.html,A,7,REVIEW,LEGACY — NEEDS STATIC UPGRADE,0,0,0,0,GLOBAL AGGREGATE — FRANCE CONTAMINATION POSSIBLE,NONE,Bangladesh-filtered GSC page/query export required,47.5,Phase 2B tier/quality + global impressions/position; clicks excluded from score
charles,https://ovidhan.net/word/charles.html,A,7,REVIEW,LEGACY — NEEDS STATIC UPGRADE,0,0,0,0,GLOBAL AGGREGATE — FRANCE CONTAMINATION POSSIBLE,NONE,Bangladesh-filtered GSC page/query export required,47.5,Phase 2B tier/quality + global impressions/position; clicks excluded from score
charlotte,https://ovidhan.net/word/charlotte.html,A,7,REVIEW,LEGACY — NEEDS STATIC UPGRADE,0,0,0,0,GLOBAL AGGREGATE — FRANCE CONTAMINATION POSSIBLE,NONE,Bangladesh-filtered GSC page/query export required,47.5,Phase 2B tier/quality + global impressions/position; clicks excluded from score
chart,https://ovidhan.net/word/chart.html,A,7,REVIEW,LEGACY — NEEDS STATIC UPGRADE,0,0,0,0,GLOBAL AGGREGATE — FRANCE CONTAMINATION POSSIBLE,NONE,Bangladesh-filtered GSC page/query export required,47.5,Phase 2B tier/quality + global impressions/position; clicks excluded from score
charter,https://ovidhan.net/word/charter.html,A,7,REVIEW,LEGACY — NEEDS STATIC UPGRADE,0,0,0,0,GLOBAL AGGREGATE — FRANCE CONTAMINATION POSSIBLE,NONE,Bangladesh-filtered GSC page/query export required,47.5,Phase 2B tier/quality + global impressions/position; clicks excluded from score
charts,https://ovidhan.net/word/charts.html,A,7,REVIEW,LEGACY — NEEDS STATIC UPGRADE,0,0,0,0,GLOBAL AGGREGATE — FRANCE CONTAMINATION POSSIBLE,NONE,Bangladesh-filtered GSC page/query export required,47.5,Phase 2B tier/quality + global impressions/position; clicks excluded from score
chat,https://ovidhan.net/word/chat.html,A,7,REVIEW,LEGACY — NEEDS STATIC UPGRADE,0,0,0,0,GLOBAL AGGREGATE — FRANCE CONTAMINATION POSSIBLE,NONE,Bangladesh-filtered GSC page/query export required,47.5,Phase 2B tier/quality + global impressions/position; clicks excluded from score
cheap,https://ovidhan.net/word/cheap.html,A,7,REVIEW,LEGACY — NEEDS STATIC UPGRADE,0,0,0,0,GLOBAL AGGREGATE — FRANCE CONTAMINATION POSSIBLE,NONE,Bangladesh-filtered GSC page/query export required,47.5,Phase 2B tier/quality + global impressions/position; clicks excluded from score
cheats,https://ovidhan.net/word/cheats.html,A,7,REVIEW,LEGACY — NEEDS STATIC UPGRADE,0,0,0,0,GLOBAL AGGREGATE — FRANCE CONTAMINATION POSSIBLE,NONE,Bangladesh-filtered GSC page/query export required,47.5,Phase 2B tier/quality + global impressions/position; clicks excluded from score
check,https://ovidhan.net/word/check.html,A,7,REVIEW,LEGACY — NEEDS STATIC UPGRADE,0,0,0,0,GLOBAL AGGREGATE — FRANCE CONTAMINATION POSSIBLE,NONE,Bangladesh-filtered GSC page/query export required,47.5,Phase 2B tier/quality + global impressions/position; clicks excluded from score
checked,https://ovidhan.net/word/checked.html,A,7,REVIEW,LEGACY — NEEDS STATIC UPGRADE,0,0,0,0,GLOBAL AGGREGATE — FRANCE CONTAMINATION POSSIBLE,NONE,Bangladesh-filtered GSC page/query export required,47.5,Phase 2B tier/quality + global impressions/position; clicks excluded from score
checking,https://ovidhan.net/word/checking.html,A,7,REVIEW,LEGACY — NEEDS STATIC UPGRADE,0,0,0,0,GLOBAL AGGREGATE — FRANCE CONTAMINATION POSSIBLE,NONE,Bangladesh-filtered GSC page/query export required,47.5,Phase 2B tier/quality + global impressions/position; clicks excluded from score
checkout,https://ovidhan.net/word/checkout.html,A,7,REVIEW,LEGACY — NEEDS STATIC UPGRADE,0,0,0,0,GLOBAL AGGREGATE — FRANCE CONTAMINATION POSSIBLE,NONE,Bangladesh-filtered GSC page/query export required,47.5,Phase 2B tier/quality + global impressions/position; clicks excluded from score
checks,https://ovidhan.net/word/checks.html,A,7,REVIEW,LEGACY — NEEDS STATIC UPGRADE,0,0,0,0,GLOBAL AGGREGATE — FRANCE CONTAMINATION POSSIBLE,NONE,Bangladesh-filtered GSC page/query export required,47.5,Phase 2B tier/quality + global impressions/position; clicks excluded from score
cheese,https://ovidhan.net/word/cheese.html,A,7,REVIEW,LEGACY — NEEDS STATIC UPGRADE,0,0,0,0,GLOBAL AGGREGATE — FRANCE CONTAMINATION POSSIBLE,NONE,Bangladesh-filtered GSC page/query export required,47.5,Phase 2B tier/quality + global impressions/position; clicks excluded from score
chemical,https://ovidhan.net/word/chemical.html,A,7,REVIEW,LEGACY — NEEDS STATIC UPGRADE,0,0,0,0,GLOBAL AGGREGATE — FRANCE CONTAMINATION POSSIBLE,NONE,Bangladesh-filtered GSC page/query export required,47.5,Phase 2B tier/quality + global impressions/position; clicks excluded from score
chemicals,https://ovidhan.net/word/chemicals.html,A,7,REVIEW,LEGACY — NEEDS STATIC UPGRADE,0,0,0,0,GLOBAL AGGREGATE — FRANCE CONTAMINATION POSSIBLE,NONE,Bangladesh-filtered GSC page/query export required,47.5,Phase 2B tier/quality + global impressions/position; clicks excluded from score
chemistry,https://ovidhan.net/word/chemistry.html,A,7,REVIEW,LEGACY — NEEDS STATIC UPGRADE,0,0,0,0,GLOBAL AGGREGATE — FRANCE CONTAMINATION POSSIBLE,NONE,Bangladesh-filtered GSC page/query export required,47.5,Phase 2B tier/quality + global impressions/position; clicks excluded from score
chest,https://ovidhan.net/word/chest.html,A,7,REVIEW,LEGACY — NEEDS STATIC UPGRADE,0,0,0,0,GLOBAL AGGREGATE — FRANCE CONTAMINATION POSSIBLE,NONE,Bangladesh-filtered GSC page/query export required,47.5,Phase 2B tier/quality + global impressions/position; clicks excluded from score
chicago,https://ovidhan.net/word/chicago.html,A,7,REVIEW,LEGACY — NEEDS STATIC UPGRADE,0,0,0,0,GLOBAL AGGREGATE — FRANCE CONTAMINATION POSSIBLE,NONE,Bangladesh-filtered GSC page/query export required,47.5,Phase 2B tier/quality + global impressions/position; clicks excluded from score
chicken,https://ovidhan.net/word/chicken.html,A,7,REVIEW,LEGACY — NEEDS STATIC UPGRADE,0,0,0,0,GLOBAL AGGREGATE — FRANCE CONTAMINATION POSSIBLE,NONE,Bangladesh-filtered GSC page/query export required,47.5,Phase 2B tier/quality + global impressions/position; clicks excluded from score
chief,https://ovidhan.net/word/chief.html,A,7,REVIEW,LEGACY — NEEDS STATIC UPGRADE,0,0,0,0,GLOBAL AGGREGATE — FRANCE CONTAMINATION POSSIBLE,NONE,Bangladesh-filtered GSC page/query export required,47.5,Phase 2B tier/quality + global impressions/position; clicks excluded from score
child,https://ovidhan.net/word/child.html,A,7,REVIEW,LEGACY — NEEDS STATIC UPGRADE,0,0,0,0,GLOBAL AGGREGATE — FRANCE CONTAMINATION POSSIBLE,NONE,Bangladesh-filtered GSC page/query export required,47.5,Phase 2B tier/quality + global impressions/position; clicks excluded from score
children,https://ovidhan.net/word/children.html,A,7,REVIEW,LEGACY — NEEDS STATIC UPGRADE,0,0,0,0,GLOBAL AGGREGATE — FRANCE CONTAMINATION POSSIBLE,NONE,Bangladesh-filtered GSC page/query export required,47.5,Phase 2B tier/quality + global impressions/position; clicks excluded from score
chile,https://ovidhan.net/word/chile.html,A,7,REVIEW,LEGACY — NEEDS STATIC UPGRADE,0,0,0,0,GLOBAL AGGREGATE — FRANCE CONTAMINATION POSSIBLE,NONE,Bangladesh-filtered GSC page/query export required,47.5,Phase 2B tier/quality + global impressions/position; clicks excluded from score
china,https://ovidhan.net/word/china.html,A,7,REVIEW,LEGACY — NEEDS STATIC UPGRADE,0,0,0,0,GLOBAL AGGREGATE — FRANCE CONTAMINATION POSSIBLE,NONE,Bangladesh-filtered GSC page/query export required,47.5,Phase 2B tier/quality + global impressions/position; clicks excluded from score
chinese,https://ovidhan.net/word/chinese.html,A,7,REVIEW,LEGACY — NEEDS STATIC UPGRADE,0,0,0,0,GLOBAL AGGREGATE — FRANCE CONTAMINATION POSSIBLE,NONE,Bangladesh-filtered GSC page/query export required,47.5,Phase 2B tier/quality + global impressions/position; clicks excluded from score
chip,https://ovidhan.net/word/chip.html,A,7,REVIEW,LEGACY — NEEDS STATIC UPGRADE,0,0,0,0,GLOBAL AGGREGATE — FRANCE CONTAMINATION POSSIBLE,NONE,Bangladesh-filtered GSC page/query export required,47.5,Phase 2B tier/quality + global impressions/position; clicks excluded from score
chips,https://ovidhan.net/word/chips.html,A,7,REVIEW,LEGACY — NEEDS STATIC UPGRADE,0,0,0,0,GLOBAL AGGREGATE — FRANCE CONTAMINATION POSSIBLE,NONE,Bangladesh-filtered GSC page/query export required,47.5,Phase 2B tier/quality + global impressions/position; clicks excluded from score
chocolate,https://ovidhan.net/word/chocolate.html,A,7,REVIEW,LEGACY — NEEDS STATIC UPGRADE,0,0,0,0,GLOBAL AGGREGATE — FRANCE CONTAMINATION POSSIBLE,NONE,Bangladesh-filtered GSC page/query export required,47.5,Phase 2B tier/quality + global impressions/position; clicks excluded from score
choice,https://ovidhan.net/word/choice.html,A,7,REVIEW,LEGACY — NEEDS STATIC UPGRADE,0,0,0,0,GLOBAL AGGREGATE — FRANCE CONTAMINATION POSSIBLE,NONE,Bangladesh-filtered GSC page/query export required,47.5,Phase 2B tier/quality + global impressions/position; clicks excluded from score
choices,https://ovidhan.net/word/choices.html,A,7,REVIEW,LEGACY — NEEDS STATIC UPGRADE,0,0,0,0,GLOBAL AGGREGATE — FRANCE CONTAMINATION POSSIBLE,NONE,Bangladesh-filtered GSC page/query export required,47.5,Phase 2B tier/quality + global impressions/position; clicks excluded from score
choose,https://ovidhan.net/word/choose.html,A,7,REVIEW,LEGACY — NEEDS STATIC UPGRADE,0,0,0,0,GLOBAL AGGREGATE — FRANCE CONTAMINATION POSSIBLE,NONE,Bangladesh-filtered GSC page/query export required,47.5,Phase 2B tier/quality + global impressions/position; clicks excluded from score
chosen,https://ovidhan.net/word/chosen.html,A,7,REVIEW,LEGACY — NEEDS STATIC UPGRADE,0,0,0,0,GLOBAL AGGREGATE — FRANCE CONTAMINATION POSSIBLE,NONE,Bangladesh-filtered GSC page/query export required,47.5,Phase 2B tier/quality + global impressions/position; clicks excluded from score
christ,https://ovidhan.net/word/christ.html,A,7,REVIEW,LEGACY — NEEDS STATIC UPGRADE,0,0,0,0,GLOBAL AGGREGATE — FRANCE CONTAMINATION POSSIBLE,NONE,Bangladesh-filtered GSC page/query export required,47.5,Phase 2B tier/quality + global impressions/position; clicks excluded from score
christian,https://ovidhan.net/word/christian.html,A,7,REVIEW,LEGACY — NEEDS STATIC UPGRADE,0,0,0,0,GLOBAL AGGREGATE — FRANCE CONTAMINATION POSSIBLE,NONE,Bangladesh-filtered GSC page/query export required,47.5,Phase 2B tier/quality + global impressions/position; clicks excluded from score
christmas,https://ovidhan.net/word/christmas.html,A,7,REVIEW,LEGACY — NEEDS STATIC UPGRADE,0,0,0,0,GLOBAL AGGREGATE — FRANCE CONTAMINATION POSSIBLE,NONE,Bangladesh-filtered GSC page/query export required,47.5,Phase 2B tier/quality + global impressions/position; clicks excluded from score
christopher,https://ovidhan.net/word/christopher.html,A,7,REVIEW,LEGACY — NEEDS STATIC UPGRADE,0,0,0,0,GLOBAL AGGREGATE — FRANCE CONTAMINATION POSSIBLE,NONE,Bangladesh-filtered GSC page/query export required,47.5,Phase 2B tier/quality + global impressions/position; clicks excluded from score
chronic,https://ovidhan.net/word/chronic.html,A,7,REVIEW,LEGACY — NEEDS STATIC UPGRADE,0,0,0,0,GLOBAL AGGREGATE — FRANCE CONTAMINATION POSSIBLE,NONE,Bangladesh-filtered GSC page/query export required,47.5,Phase 2B tier/quality + global impressions/position; clicks excluded from score
church,https://ovidhan.net/word/church.html,A,7,REVIEW,LEGACY — NEEDS STATIC UPGRADE,0,0,0,0,GLOBAL AGGREGATE — FRANCE CONTAMINATION POSSIBLE,NONE,Bangladesh-filtered GSC page/query export required,47.5,Phase 2B tier/quality + global impressions/position; clicks excluded from score
churches,https://ovidhan.net/word/churches.html,A,7,REVIEW,LEGACY — NEEDS STATIC UPGRADE,0,0,0,0,GLOBAL AGGREGATE — FRANCE CONTAMINATION POSSIBLE,NONE,Bangladesh-filtered GSC page/query export required,47.5,Phase 2B tier/quality + global impressions/position; clicks excluded from score
cincinnati,https://ovidhan.net/word/cincinnati.html,A,7,REVIEW,LEGACY — NEEDS STATIC UPGRADE,0,0,0,0,GLOBAL AGGREGATE — FRANCE CONTAMINATION POSSIBLE,NONE,Bangladesh-filtered GSC page/query export required,47.5,Phase 2B tier/quality + global impressions/position; clicks excluded from score
cinema,https://ovidhan.net/word/cinema.html,A,7,REVIEW,LEGACY — NEEDS STATIC UPGRADE,0,0,0,0,GLOBAL AGGREGATE — FRANCE CONTAMINATION POSSIBLE,NONE,Bangladesh-filtered GSC page/query export required,47.5,Phase 2B tier/quality + global impressions/position; clicks excluded from score
circle,https://ovidhan.net/word/circle.html,A,7,REVIEW,LEGACY — NEEDS STATIC UPGRADE,0,0,0,0,GLOBAL AGGREGATE — FRANCE CONTAMINATION POSSIBLE,NONE,Bangladesh-filtered GSC page/query export required,47.5,Phase 2B tier/quality + global impressions/position; clicks excluded from score
circuit,https://ovidhan.net/word/circuit.html,A,7,REVIEW,LEGACY — NEEDS STATIC UPGRADE,0,0,0,0,GLOBAL AGGREGATE — FRANCE CONTAMINATION POSSIBLE,NONE,Bangladesh-filtered GSC page/query export required,47.5,Phase 2B tier/quality + global impressions/position; clicks excluded from score
circumstances,https://ovidhan.net/word/circumstances.html,A,7,REVIEW,LEGACY — NEEDS STATIC UPGRADE,0,0,0,0,GLOBAL AGGREGATE — FRANCE CONTAMINATION POSSIBLE,NONE,Bangladesh-filtered GSC page/query export required,47.5,Phase 2B tier/quality + global impressions/position; clicks excluded from score
cisco,https://ovidhan.net/word/cisco.html,A,7,REVIEW,LEGACY — NEEDS STATIC UPGRADE,0,0,0,0,GLOBAL AGGREGATE — FRANCE CONTAMINATION POSSIBLE,NONE,Bangladesh-filtered GSC page/query export required,47.5,Phase 2B tier/quality + global impressions/position; clicks excluded from score
cities,https://ovidhan.net/word/cities.html,A,7,REVIEW,LEGACY — NEEDS STATIC UPGRADE,0,0,0,0,GLOBAL AGGREGATE — FRANCE CONTAMINATION POSSIBLE,NONE,Bangladesh-filtered GSC page/query export required,47.5,Phase 2B tier/quality + global impressions/position; clicks excluded from score
citizen,https://ovidhan.net/word/citizen.html,A,7,REVIEW,LEGACY — NEEDS STATIC UPGRADE,0,0,0,0,GLOBAL AGGREGATE — FRANCE CONTAMINATION POSSIBLE,NONE,Bangladesh-filtered GSC page/query export required,47.5,Phase 2B tier/quality + global impressions/position; clicks excluded from score
citizens,https://ovidhan.net/word/citizens.html,A,7,REVIEW,LEGACY — NEEDS STATIC UPGRADE,0,0,0,0,GLOBAL AGGREGATE — FRANCE CONTAMINATION POSSIBLE,NONE,Bangladesh-filtered GSC page/query export required,47.5,Phase 2B tier/quality + global impressions/position; clicks excluded from score
city,https://ovidhan.net/word/city.html,A,7,REVIEW,LEGACY — NEEDS STATIC UPGRADE,0,0,0,0,GLOBAL AGGREGATE — FRANCE CONTAMINATION POSSIBLE,NONE,Bangladesh-filtered GSC page/query export required,47.5,Phase 2B tier/quality + global impressions/position; clicks excluded from score
civil,https://ovidhan.net/word/civil.html,A,7,REVIEW,LEGACY — NEEDS STATIC UPGRADE,0,0,0,0,GLOBAL AGGREGATE — FRANCE CONTAMINATION POSSIBLE,NONE,Bangladesh-filtered GSC page/query export required,47.5,Phase 2B tier/quality + global impressions/position; clicks excluded from score
claim,https://ovidhan.net/word/claim.html,A,7,REVIEW,LEGACY — NEEDS STATIC UPGRADE,0,0,0,0,GLOBAL AGGREGATE — FRANCE CONTAMINATION POSSIBLE,NONE,Bangladesh-filtered GSC page/query export required,47.5,Phase 2B tier/quality + global impressions/position; clicks excluded from score
claims,https://ovidhan.net/word/claims.html,A,7,REVIEW,LEGACY — NEEDS STATIC UPGRADE,0,0,0,0,GLOBAL AGGREGATE — FRANCE CONTAMINATION POSSIBLE,NONE,Bangladesh-filtered GSC page/query export required,47.5,Phase 2B tier/quality + global impressions/position; clicks excluded from score
clark,https://ovidhan.net/word/clark.html,A,7,REVIEW,LEGACY — NEEDS STATIC UPGRADE,0,0,0,0,GLOBAL AGGREGATE — FRANCE CONTAMINATION POSSIBLE,NONE,Bangladesh-filtered GSC page/query export required,47.5,Phase 2B tier/quality + global impressions/position; clicks excluded from score
class,https://ovidhan.net/word/class.html,A,7,REVIEW,LEGACY — NEEDS STATIC UPGRADE,0,0,0,0,GLOBAL AGGREGATE — FRANCE CONTAMINATION POSSIBLE,NONE,Bangladesh-filtered GSC page/query export required,47.5,Phase 2B tier/quality + global impressions/position; clicks excluded from score
classes,https://ovidhan.net/word/classes.html,A,7,REVIEW,LEGACY — NEEDS STATIC UPGRADE,0,0,0,0,GLOBAL AGGREGATE — FRANCE CONTAMINATION POSSIBLE,NONE,Bangladesh-filtered GSC page/query export required,47.5,Phase 2B tier/quality + global impressions/position; clicks excluded from score
classic,https://ovidhan.net/word/classic.html,A,7,REVIEW,LEGACY — NEEDS STATIC UPGRADE,0,0,0,0,GLOBAL AGGREGATE — FRANCE CONTAMINATION POSSIBLE,NONE,Bangladesh-filtered GSC page/query export required,47.5,Phase 2B tier/quality + global impressions/position; clicks excluded from score
classical,https://ovidhan.net/word/classical.html,A,7,REVIEW,LEGACY — NEEDS STATIC UPGRADE,0,0,0,0,GLOBAL AGGREGATE — FRANCE CONTAMINATION POSSIBLE,NONE,Bangladesh-filtered GSC page/query export required,47.5,Phase 2B tier/quality + global impressions/position; clicks excluded from score
classics,https://ovidhan.net/word/classics.html,A,7,REVIEW,LEGACY — NEEDS STATIC UPGRADE,0,0,0,0,GLOBAL AGGREGATE — FRANCE CONTAMINATION POSSIBLE,NONE,Bangladesh-filtered GSC page/query export required,47.5,Phase 2B tier/quality + global impressions/position; clicks excluded from score
classification,https://ovidhan.net/word/classification.html,A,7,REVIEW,LEGACY — NEEDS STATIC UPGRADE,0,0,0,0,GLOBAL AGGREGATE — FRANCE CONTAMINATION POSSIBLE,NONE,Bangladesh-filtered GSC page/query export required,47.5,Phase 2B tier/quality + global impressions/position; clicks excluded from score
classified,https://ovidhan.net/word/classified.html,A,7,REVIEW,LEGACY — NEEDS STATIC UPGRADE,0,0,0,0,GLOBAL AGGREGATE — FRANCE CONTAMINATION POSSIBLE,NONE,Bangladesh-filtered GSC page/query export required,47.5,Phase 2B tier/quality + global impressions/position; clicks excluded from score
classifieds,https://ovidhan.net/word/classifieds.html,A,7,REVIEW,LEGACY — NEEDS STATIC UPGRADE,0,0,0,0,GLOBAL AGGREGATE — FRANCE CONTAMINATION POSSIBLE,NONE,Bangladesh-filtered GSC page/query export required,47.5,Phase 2B tier/quality + global impressions/position; clicks excluded from score
classroom,https://ovidhan.net/word/classroom.html,A,7,REVIEW,LEGACY — NEEDS STATIC UPGRADE,0,0,0,0,GLOBAL AGGREGATE — FRANCE CONTAMINATION POSSIBLE,NONE,Bangladesh-filtered GSC page/query export required,47.5,Phase 2B tier/quality + global impressions/position; clicks excluded from score
clause,https://ovidhan.net/word/clause.html,A,7,REVIEW,LEGACY — NEEDS STATIC UPGRADE,0,0,0,0,GLOBAL AGGREGATE — FRANCE CONTAMINATION POSSIBLE,NONE,Bangladesh-filtered GSC page/query export required,47.5,Phase 2B tier/quality + global impressions/position; clicks excluded from score
clay,https://ovidhan.net/word/clay.html,A,7,REVIEW,LEGACY — NEEDS STATIC UPGRADE,0,0,0,0,GLOBAL AGGREGATE — FRANCE CONTAMINATION POSSIBLE,NONE,Bangladesh-filtered GSC page/query export required,47.5,Phase 2B tier/quality + global impressions/position; clicks excluded from score
clean,https://ovidhan.net/word/clean.html,A,7,REVIEW,LEGACY — NEEDS STATIC UPGRADE,0,0,0,0,GLOBAL AGGREGATE — FRANCE CONTAMINATION POSSIBLE,NONE,Bangladesh-filtered GSC page/query export required,47.5,Phase 2B tier/quality + global impressions/position; clicks excluded from score
cleaning,https://ovidhan.net/word/cleaning.html,A,7,REVIEW,LEGACY — NEEDS STATIC UPGRADE,0,0,0,0,GLOBAL AGGREGATE — FRANCE CONTAMINATION POSSIBLE,NONE,Bangladesh-filtered GSC page/query export required,47.5,Phase 2B tier/quality + global impressions/position; clicks excluded from score
clear,https://ovidhan.net/word/clear.html,A,7,REVIEW,LEGACY — NEEDS STATIC UPGRADE,0,0,0,0,GLOBAL AGGREGATE — FRANCE CONTAMINATION POSSIBLE,NONE,Bangladesh-filtered GSC page/query export required,47.5,Phase 2B tier/quality + global impressions/position; clicks excluded from score
clearance,https://ovidhan.net/word/clearance.html,A,7,REVIEW,LEGACY — NEEDS STATIC UPGRADE,0,0,0,0,GLOBAL AGGREGATE — FRANCE CONTAMINATION POSSIBLE,NONE,Bangladesh-filtered GSC page/query export required,47.5,Phase 2B tier/quality + global impressions/position; clicks excluded from score
clearly,https://ovidhan.net/word/clearly.html,A,7,REVIEW,LEGACY — NEEDS STATIC UPGRADE,0,0,0,0,GLOBAL AGGREGATE — FRANCE CONTAMINATION POSSIBLE,NONE,Bangladesh-filtered GSC page/query export required,47.5,Phase 2B tier/quality + global impressions/position; clicks excluded from score
cleveland,https://ovidhan.net/word/cleveland.html,A,7,REVIEW,LEGACY — NEEDS STATIC UPGRADE,0,0,0,0,GLOBAL AGGREGATE — FRANCE CONTAMINATION POSSIBLE,NONE,Bangladesh-filtered GSC page/query export required,47.5,Phase 2B tier/quality + global impressions/position; clicks excluded from score
click,https://ovidhan.net/word/click.html,A,7,REVIEW,LEGACY — NEEDS STATIC UPGRADE,0,0,0,0,GLOBAL AGGREGATE — FRANCE CONTAMINATION POSSIBLE,NONE,Bangladesh-filtered GSC page/query export required,47.5,Phase 2B tier/quality + global impressions/position; clicks excluded from score
clicking,https://ovidhan.net/word/clicking.html,A,7,REVIEW,LEGACY — NEEDS STATIC UPGRADE,0,0,0,0,GLOBAL AGGREGATE — FRANCE CONTAMINATION POSSIBLE,NONE,Bangladesh-filtered GSC page/query export required,47.5,Phase 2B tier/quality + global impressions/position; clicks excluded from score
client,https://ovidhan.net/word/client.html,A,7,REVIEW,LEGACY — NEEDS STATIC UPGRADE,0,0,0,0,GLOBAL AGGREGATE — FRANCE CONTAMINATION POSSIBLE,NONE,Bangladesh-filtered GSC page/query export required,47.5,Phase 2B tier/quality + global impressions/position; clicks excluded from score
clients,https://ovidhan.net/word/clients.html,A,7,REVIEW,LEGACY — NEEDS STATIC UPGRADE,0,0,0,0,GLOBAL AGGREGATE — FRANCE CONTAMINATION POSSIBLE,NONE,Bangladesh-filtered GSC page/query export required,47.5,Phase 2B tier/quality + global impressions/position; clicks excluded from score
climate,https://ovidhan.net/word/climate.html,A,7,REVIEW,LEGACY — NEEDS STATIC UPGRADE,0,0,0,0,GLOBAL AGGREGATE — FRANCE CONTAMINATION POSSIBLE,NONE,Bangladesh-filtered GSC page/query export required,47.5,Phase 2B tier/quality + global impressions/position; clicks excluded from score
clinic,https://ovidhan.net/word/clinic.html,A,7,REVIEW,LEGACY — NEEDS STATIC UPGRADE,0,0,0,0,GLOBAL AGGREGATE — FRANCE CONTAMINATION POSSIBLE,NONE,Bangladesh-filtered GSC page/query export required,47.5,Phase 2B tier/quality + global impressions/position; clicks excluded from score
clinical,https://ovidhan.net/word/clinical.html,A,7,REVIEW,LEGACY — NEEDS STATIC UPGRADE,0,0,0,0,GLOBAL AGGREGATE — FRANCE CONTAMINATION POSSIBLE,NONE,Bangladesh-filtered GSC page/query export required,47.5,Phase 2B tier/quality + global impressions/position; clicks excluded from score
clinton,https://ovidhan.net/word/clinton.html,A,7,REVIEW,LEGACY — NEEDS STATIC UPGRADE,0,0,0,0,GLOBAL AGGREGATE — FRANCE CONTAMINATION POSSIBLE,NONE,Bangladesh-filtered GSC page/query export required,47.5,Phase 2B tier/quality + global impressions/position; clicks excluded from score
clip,https://ovidhan.net/word/clip.html,A,7,REVIEW,LEGACY — NEEDS STATIC UPGRADE,0,0,0,0,GLOBAL AGGREGATE — FRANCE CONTAMINATION POSSIBLE,NONE,Bangladesh-filtered GSC page/query export required,47.5,Phase 2B tier/quality + global impressions/position; clicks excluded from score
clips,https://ovidhan.net/word/clips.html,A,7,REVIEW,LEGACY — NEEDS STATIC UPGRADE,0,0,0,0,GLOBAL AGGREGATE — FRANCE CONTAMINATION POSSIBLE,NONE,Bangladesh-filtered GSC page/query export required,47.5,Phase 2B tier/quality + global impressions/position; clicks excluded from score
clock,https://ovidhan.net/word/clock.html,A,7,REVIEW,LEGACY — NEEDS STATIC UPGRADE,0,0,0,0,GLOBAL AGGREGATE — FRANCE CONTAMINATION POSSIBLE,NONE,Bangladesh-filtered GSC page/query export required,47.5,Phase 2B tier/quality + global impressions/position; clicks excluded from score
close,https://ovidhan.net/word/close.html,A,7,REVIEW,LEGACY — NEEDS STATIC UPGRADE,0,0,0,0,GLOBAL AGGREGATE — FRANCE CONTAMINATION POSSIBLE,NONE,Bangladesh-filtered GSC page/query export required,47.5,Phase 2B tier/quality + global impressions/position; clicks excluded from score
closed,https://ovidhan.net/word/closed.html,A,7,REVIEW,LEGACY — NEEDS STATIC UPGRADE,0,0,0,0,GLOBAL AGGREGATE — FRANCE CONTAMINATION POSSIBLE,NONE,Bangladesh-filtered GSC page/query export required,47.5,Phase 2B tier/quality + global impressions/position; clicks excluded from score
closely,https://ovidhan.net/word/closely.html,A,7,REVIEW,LEGACY — NEEDS STATIC UPGRADE,0,0,0,0,GLOBAL AGGREGATE — FRANCE CONTAMINATION POSSIBLE,NONE,Bangladesh-filtered GSC page/query export required,47.5,Phase 2B tier/quality + global impressions/position; clicks excluded from score
closer,https://ovidhan.net/word/closer.html,A,7,REVIEW,LEGACY — NEEDS STATIC UPGRADE,0,0,0,0,GLOBAL AGGREGATE — FRANCE CONTAMINATION POSSIBLE,NONE,Bangladesh-filtered GSC page/query export required,47.5,Phase 2B tier/quality + global impressions/position; clicks excluded from score
closing,https://ovidhan.net/word/closing.html,A,7,REVIEW,LEGACY — NEEDS STATIC UPGRADE,0,0,0,0,GLOBAL AGGREGATE — FRANCE CONTAMINATION POSSIBLE,NONE,Bangladesh-filtered GSC page/query export required,47.5,Phase 2B tier/quality + global impressions/position; clicks excluded from score
clothes,https://ovidhan.net/word/clothes.html,A,7,REVIEW,LEGACY — NEEDS STATIC UPGRADE,0,0,0,0,GLOBAL AGGREGATE — FRANCE CONTAMINATION POSSIBLE,NONE,Bangladesh-filtered GSC page/query export required,47.5,Phase 2B tier/quality + global impressions/position; clicks excluded from score
clothing,https://ovidhan.net/word/clothing.html,A,7,REVIEW,LEGACY — NEEDS STATIC UPGRADE,0,0,0,0,GLOBAL AGGREGATE — FRANCE CONTAMINATION POSSIBLE,NONE,Bangladesh-filtered GSC page/query export required,47.5,Phase 2B tier/quality + global impressions/position; clicks excluded from score
cloudy,https://ovidhan.net/word/cloudy.html,A,7,REVIEW,LEGACY — NEEDS STATIC UPGRADE,0,0,0,0,GLOBAL AGGREGATE — FRANCE CONTAMINATION POSSIBLE,NONE,Bangladesh-filtered GSC page/query export required,47.5,Phase 2B tier/quality + global impressions/position; clicks excluded from score
club,https://ovidhan.net/word/club.html,A,7,REVIEW,LEGACY — NEEDS STATIC UPGRADE,0,0,0,0,GLOBAL AGGREGATE — FRANCE CONTAMINATION POSSIBLE,NONE,Bangladesh-filtered GSC page/query export required,47.5,Phase 2B tier/quality + global impressions/position; clicks excluded from score
clubs,https://ovidhan.net/word/clubs.html,A,7,REVIEW,LEGACY — NEEDS STATIC UPGRADE,0,0,0,0,GLOBAL AGGREGATE — FRANCE CONTAMINATION POSSIBLE,NONE,Bangladesh-filtered GSC page/query export required,47.5,Phase 2B tier/quality + global impressions/position; clicks excluded from score
cluster,https://ovidhan.net/word/cluster.html,A,7,REVIEW,LEGACY — NEEDS STATIC UPGRADE,0,0,0,0,GLOBAL AGGREGATE — FRANCE CONTAMINATION POSSIBLE,NONE,Bangladesh-filtered GSC page/query export required,47.5,Phase 2B tier/quality + global impressions/position; clicks excluded from score
cm,https://ovidhan.net/word/cm.html,A,7,REVIEW,LEGACY — NEEDS STATIC UPGRADE,0,0,0,0,GLOBAL AGGREGATE — FRANCE CONTAMINATION POSSIBLE,NONE,Bangladesh-filtered GSC page/query export required,47.5,Phase 2B tier/quality + global impressions/position; clicks excluded from score
co,https://ovidhan.net/word/co.html,A,7,REVIEW,LEGACY — NEEDS STATIC UPGRADE,0,0,0,0,GLOBAL AGGREGATE — FRANCE CONTAMINATION POSSIBLE,NONE,Bangladesh-filtered GSC page/query export required,47.5,Phase 2B tier/quality + global impressions/position; clicks excluded from score
coach,https://ovidhan.net/word/coach.html,A,7,REVIEW,LEGACY — NEEDS STATIC UPGRADE,0,0,0,0,GLOBAL AGGREGATE — FRANCE CONTAMINATION POSSIBLE,NONE,Bangladesh-filtered GSC page/query export required,47.5,Phase 2B tier/quality + global impressions/position; clicks excluded from score
coast,https://ovidhan.net/word/coast.html,A,7,REVIEW,LEGACY — NEEDS STATIC UPGRADE,0,0,0,0,GLOBAL AGGREGATE — FRANCE CONTAMINATION POSSIBLE,NONE,Bangladesh-filtered GSC page/query export required,47.5,Phase 2B tier/quality + global impressions/position; clicks excluded from score
coastal,https://ovidhan.net/word/coastal.html,A,7,REVIEW,LEGACY — NEEDS STATIC UPGRADE,0,0,0,0,GLOBAL AGGREGATE — FRANCE CONTAMINATION POSSIBLE,NONE,Bangladesh-filtered GSC page/query export required,47.5,Phase 2B tier/quality + global impressions/position; clicks excluded from score
cock,https://ovidhan.net/word/cock.html,A,7,REVIEW,LEGACY — NEEDS STATIC UPGRADE,0,0,0,0,GLOBAL AGGREGATE — FRANCE CONTAMINATION POSSIBLE,NONE,Bangladesh-filtered GSC page/query export required,47.5,Phase 2B tier/quality + global impressions/position; clicks excluded from score
code,https://ovidhan.net/word/code.html,A,7,REVIEW,LEGACY — NEEDS STATIC UPGRADE,0,0,0,0,GLOBAL AGGREGATE — FRANCE CONTAMINATION POSSIBLE,NONE,Bangladesh-filtered GSC page/query export required,47.5,Phase 2B tier/quality + global impressions/position; clicks excluded from score
codes,https://ovidhan.net/word/codes.html,A,7,REVIEW,LEGACY — NEEDS STATIC UPGRADE,0,0,0,0,GLOBAL AGGREGATE — FRANCE CONTAMINATION POSSIBLE,NONE,Bangladesh-filtered GSC page/query export required,47.5,Phase 2B tier/quality + global impressions/position; clicks excluded from score
coffee,https://ovidhan.net/word/coffee.html,A,7,REVIEW,LEGACY — NEEDS STATIC UPGRADE,0,0,0,0,GLOBAL AGGREGATE — FRANCE CONTAMINATION POSSIBLE,NONE,Bangladesh-filtered GSC page/query export required,47.5,Phase 2B tier/quality + global impressions/position; clicks excluded from score
coins,https://ovidhan.net/word/coins.html,A,7,REVIEW,LEGACY — NEEDS STATIC UPGRADE,0,0,0,0,GLOBAL AGGREGATE — FRANCE CONTAMINATION POSSIBLE,NONE,Bangladesh-filtered GSC page/query export required,47.5,Phase 2B tier/quality + global impressions/position; clicks excluded from score
cold,https://ovidhan.net/word/cold.html,A,7,REVIEW,LEGACY — NEEDS STATIC UPGRADE,0,0,0,0,GLOBAL AGGREGATE — FRANCE CONTAMINATION POSSIBLE,NONE,Bangladesh-filtered GSC page/query export required,47.5,Phase 2B tier/quality + global impressions/position; clicks excluded from score
collaboration,https://ovidhan.net/word/collaboration.html,A,7,REVIEW,LEGACY — NEEDS STATIC UPGRADE,0,0,0,0,GLOBAL AGGREGATE — FRANCE CONTAMINATION POSSIBLE,NONE,Bangladesh-filtered GSC page/query export required,47.5,Phase 2B tier/quality + global impressions/position; clicks excluded from score
collect,https://ovidhan.net/word/collect.html,A,7,REVIEW,LEGACY — NEEDS STATIC UPGRADE,0,0,0,0,GLOBAL AGGREGATE — FRANCE CONTAMINATION POSSIBLE,NONE,Bangladesh-filtered GSC page/query export required,47.5,Phase 2B tier/quality + global impressions/position; clicks excluded from score
collectables,https://ovidhan.net/word/collectables.html,A,7,REVIEW,LEGACY — NEEDS STATIC UPGRADE,0,0,0,0,GLOBAL AGGREGATE — FRANCE CONTAMINATION POSSIBLE,NONE,Bangladesh-filtered GSC page/query export required,47.5,Phase 2B tier/quality + global impressions/position; clicks excluded from score
collected,https://ovidhan.net/word/collected.html,A,7,REVIEW,LEGACY — NEEDS STATIC UPGRADE,0,0,0,0,GLOBAL AGGREGATE — FRANCE CONTAMINATION POSSIBLE,NONE,Bangladesh-filtered GSC page/query export required,47.5,Phase 2B tier/quality + global impressions/position; clicks excluded from score
collectibles,https://ovidhan.net/word/collectibles.html,A,7,REVIEW,LEGACY — NEEDS STATIC UPGRADE,0,0,0,0,GLOBAL AGGREGATE — FRANCE CONTAMINATION POSSIBLE,NONE,Bangladesh-filtered GSC page/query export required,47.5,Phase 2B tier/quality + global impressions/position; clicks excluded from score
collection,https://ovidhan.net/word/collection.html,A,7,REVIEW,LEGACY — NEEDS STATIC UPGRADE,0,0,0,0,GLOBAL AGGREGATE — FRANCE CONTAMINATION POSSIBLE,NONE,Bangladesh-filtered GSC page/query export required,47.5,Phase 2B tier/quality + global impressions/position; clicks excluded from score
collections,https://ovidhan.net/word/collections.html,A,7,REVIEW,LEGACY — NEEDS STATIC UPGRADE,0,0,0,0,GLOBAL AGGREGATE — FRANCE CONTAMINATION POSSIBLE,NONE,Bangladesh-filtered GSC page/query export required,47.5,Phase 2B tier/quality + global impressions/position; clicks excluded from score
college,https://ovidhan.net/word/college.html,A,7,REVIEW,LEGACY — NEEDS STATIC UPGRADE,0,0,0,0,GLOBAL AGGREGATE — FRANCE CONTAMINATION POSSIBLE,NONE,Bangladesh-filtered GSC page/query export required,47.5,Phase 2B tier/quality + global impressions/position; clicks excluded from score
colleges,https://ovidhan.net/word/colleges.html,A,7,REVIEW,LEGACY — NEEDS STATIC UPGRADE,0,0,0,0,GLOBAL AGGREGATE — FRANCE CONTAMINATION POSSIBLE,NONE,Bangladesh-filtered GSC page/query export required,47.5,Phase 2B tier/quality + global impressions/position; clicks excluded from score
color,https://ovidhan.net/word/color.html,A,7,REVIEW,LEGACY — NEEDS STATIC UPGRADE,0,0,0,0,GLOBAL AGGREGATE — FRANCE CONTAMINATION POSSIBLE,NONE,Bangladesh-filtered GSC page/query export required,47.5,Phase 2B tier/quality + global impressions/position; clicks excluded from score
colorado,https://ovidhan.net/word/colorado.html,A,7,REVIEW,LEGACY — NEEDS STATIC UPGRADE,0,0,0,0,GLOBAL AGGREGATE — FRANCE CONTAMINATION POSSIBLE,NONE,Bangladesh-filtered GSC page/query export required,47.5,Phase 2B tier/quality + global impressions/position; clicks excluded from score
colors,https://ovidhan.net/word/colors.html,A,7,REVIEW,LEGACY — NEEDS STATIC UPGRADE,0,0,0,0,GLOBAL AGGREGATE — FRANCE CONTAMINATION POSSIBLE,NONE,Bangladesh-filtered GSC page/query export required,47.5,Phase 2B tier/quality + global impressions/position; clicks excluded from score
columbia,https://ovidhan.net/word/columbia.html,A,7,REVIEW,LEGACY — NEEDS STATIC UPGRADE,0,0,0,0,GLOBAL AGGREGATE — FRANCE CONTAMINATION POSSIBLE,NONE,Bangladesh-filtered GSC page/query export required,47.5,Phase 2B tier/quality + global impressions/position; clicks excluded from score
columbus,https://ovidhan.net/word/columbus.html,A,7,REVIEW,LEGACY — NEEDS STATIC UPGRADE,0,0,0,0,GLOBAL AGGREGATE — FRANCE CONTAMINATION POSSIBLE,NONE,Bangladesh-filtered GSC page/query export required,47.5,Phase 2B tier/quality + global impressions/position; clicks excluded from score
column,https://ovidhan.net/word/column.html,A,7,REVIEW,LEGACY — NEEDS STATIC UPGRADE,0,0,0,0,GLOBAL AGGREGATE — FRANCE CONTAMINATION POSSIBLE,NONE,Bangladesh-filtered GSC page/query export required,47.5,Phase 2B tier/quality + global impressions/position; clicks excluded from score
columns,https://ovidhan.net/word/columns.html,A,7,REVIEW,LEGACY — NEEDS STATIC UPGRADE,0,0,0,0,GLOBAL AGGREGATE — FRANCE CONTAMINATION POSSIBLE,NONE,Bangladesh-filtered GSC page/query export required,47.5,Phase 2B tier/quality + global impressions/position; clicks excluded from score
combat,https://ovidhan.net/word/combat.html,A,7,REVIEW,LEGACY — NEEDS STATIC UPGRADE,0,0,0,0,GLOBAL AGGREGATE — FRANCE CONTAMINATION POSSIBLE,NONE,Bangladesh-filtered GSC page/query export required,47.5,Phase 2B tier/quality + global impressions/position; clicks excluded from score
combination,https://ovidhan.net/word/combination.html,A,7,REVIEW,LEGACY — NEEDS STATIC UPGRADE,0,0,0,0,GLOBAL AGGREGATE — FRANCE CONTAMINATION POSSIBLE,NONE,Bangladesh-filtered GSC page/query export required,47.5,Phase 2B tier/quality + global impressions/position; clicks excluded from score
combined,https://ovidhan.net/word/combined.html,A,7,REVIEW,LEGACY — NEEDS STATIC UPGRADE,0,0,0,0,GLOBAL AGGREGATE — FRANCE CONTAMINATION POSSIBLE,NONE,Bangladesh-filtered GSC page/query export required,47.5,Phase 2B tier/quality + global impressions/position; clicks excluded from score
come,https://ovidhan.net/word/come.html,A,7,REVIEW,LEGACY — NEEDS STATIC UPGRADE,0,0,0,0,GLOBAL AGGREGATE — FRANCE CONTAMINATION POSSIBLE,NONE,Bangladesh-filtered GSC page/query export required,47.5,Phase 2B tier/quality + global impressions/position; clicks excluded from score
comedy,https://ovidhan.net/word/comedy.html,A,7,REVIEW,LEGACY — NEEDS STATIC UPGRADE,0,0,0,0,GLOBAL AGGREGATE — FRANCE CONTAMINATION POSSIBLE,NONE,Bangladesh-filtered GSC page/query export required,47.5,Phase 2B tier/quality + global impressions/position; clicks excluded from score
comes,https://ovidhan.net/word/comes.html,A,7,REVIEW,LEGACY — NEEDS STATIC UPGRADE,0,0,0,0,GLOBAL AGGREGATE — FRANCE CONTAMINATION POSSIBLE,NONE,Bangladesh-filtered GSC page/query export required,47.5,Phase 2B tier/quality + global impressions/position; clicks excluded from score
comfort,https://ovidhan.net/word/comfort.html,A,7,REVIEW,LEGACY — NEEDS STATIC UPGRADE,0,0,0,0,GLOBAL AGGREGATE — FRANCE CONTAMINATION POSSIBLE,NONE,Bangladesh-filtered GSC page/query export required,47.5,Phase 2B tier/quality + global impressions/position; clicks excluded from score
comfortable,https://ovidhan.net/word/comfortable.html,A,7,REVIEW,LEGACY — NEEDS STATIC UPGRADE,0,0,0,0,GLOBAL AGGREGATE — FRANCE CONTAMINATION POSSIBLE,NONE,Bangladesh-filtered GSC page/query export required,47.5,Phase 2B tier/quality + global impressions/position; clicks excluded from score
comic,https://ovidhan.net/word/comic.html,A,7,REVIEW,LEGACY — NEEDS STATIC UPGRADE,0,0,0,0,GLOBAL AGGREGATE — FRANCE CONTAMINATION POSSIBLE,NONE,Bangladesh-filtered GSC page/query export required,47.5,Phase 2B tier/quality + global impressions/position; clicks excluded from score
comics,https://ovidhan.net/word/comics.html,A,7,REVIEW,LEGACY — NEEDS STATIC UPGRADE,0,0,0,0,GLOBAL AGGREGATE — FRANCE CONTAMINATION POSSIBLE,NONE,Bangladesh-filtered GSC page/query export required,47.5,Phase 2B tier/quality + global impressions/position; clicks excluded from score
coming,https://ovidhan.net/word/coming.html,A,7,REVIEW,LEGACY — NEEDS STATIC UPGRADE,0,0,0,0,GLOBAL AGGREGATE — FRANCE CONTAMINATION POSSIBLE,NONE,Bangladesh-filtered GSC page/query export required,47.5,Phase 2B tier/quality + global impressions/position; clicks excluded from score
command,https://ovidhan.net/word/command.html,A,7,REVIEW,LEGACY — NEEDS STATIC UPGRADE,0,0,0,0,GLOBAL AGGREGATE — FRANCE CONTAMINATION POSSIBLE,NONE,Bangladesh-filtered GSC page/query export required,47.5,Phase 2B tier/quality + global impressions/position; clicks excluded from score
commands,https://ovidhan.net/word/commands.html,A,7,REVIEW,LEGACY — NEEDS STATIC UPGRADE,0,0,0,0,GLOBAL AGGREGATE — FRANCE CONTAMINATION POSSIBLE,NONE,Bangladesh-filtered GSC page/query export required,47.5,Phase 2B tier/quality + global impressions/position; clicks excluded from score
comment,https://ovidhan.net/word/comment.html,A,7,REVIEW,LEGACY — NEEDS STATIC UPGRADE,0,0,0,0,GLOBAL AGGREGATE — FRANCE CONTAMINATION POSSIBLE,NONE,Bangladesh-filtered GSC page/query export required,47.5,Phase 2B tier/quality + global impressions/position; clicks excluded from score
commentary,https://ovidhan.net/word/commentary.html,A,7,REVIEW,LEGACY — NEEDS STATIC UPGRADE,0,0,0,0,GLOBAL AGGREGATE — FRANCE CONTAMINATION POSSIBLE,NONE,Bangladesh-filtered GSC page/query export required,47.5,Phase 2B tier/quality + global impressions/position; clicks excluded from score
comments,https://ovidhan.net/word/comments.html,A,7,REVIEW,LEGACY — NEEDS STATIC UPGRADE,0,0,0,0,GLOBAL AGGREGATE — FRANCE CONTAMINATION POSSIBLE,NONE,Bangladesh-filtered GSC page/query export required,47.5,Phase 2B tier/quality + global impressions/position; clicks excluded from score
commerce,https://ovidhan.net/word/commerce.html,A,7,REVIEW,LEGACY — NEEDS STATIC UPGRADE,0,0,0,0,GLOBAL AGGREGATE — FRANCE CONTAMINATION POSSIBLE,NONE,Bangladesh-filtered GSC page/query export required,47.5,Phase 2B tier/quality + global impressions/position; clicks excluded from score
commercial,https://ovidhan.net/word/commercial.html,A,7,REVIEW,LEGACY — NEEDS STATIC UPGRADE,0,0,0,0,GLOBAL AGGREGATE — FRANCE CONTAMINATION POSSIBLE,NONE,Bangladesh-filtered GSC page/query export required,47.5,Phase 2B tier/quality + global impressions/position; clicks excluded from score
commission,https://ovidhan.net/word/commission.html,A,7,REVIEW,LEGACY — NEEDS STATIC UPGRADE,0,0,0,0,GLOBAL AGGREGATE — FRANCE CONTAMINATION POSSIBLE,NONE,Bangladesh-filtered GSC page/query export required,47.5,Phase 2B tier/quality + global impressions/position; clicks excluded from score
commissioner,https://ovidhan.net/word/commissioner.html,A,7,REVIEW,LEGACY — NEEDS STATIC UPGRADE,0,0,0,0,GLOBAL AGGREGATE — FRANCE CONTAMINATION POSSIBLE,NONE,Bangladesh-filtered GSC page/query export required,47.5,Phase 2B tier/quality + global impressions/position; clicks excluded from score
commit,https://ovidhan.net/word/commit.html,A,7,REVIEW,LEGACY — NEEDS STATIC UPGRADE,0,0,0,0,GLOBAL AGGREGATE — FRANCE CONTAMINATION POSSIBLE,NONE,Bangladesh-filtered GSC page/query export required,47.5,Phase 2B tier/quality + global impressions/position; clicks excluded from score
commitment,https://ovidhan.net/word/commitment.html,A,7,REVIEW,LEGACY — NEEDS STATIC UPGRADE,0,0,0,0,GLOBAL AGGREGATE — FRANCE CONTAMINATION POSSIBLE,NONE,Bangladesh-filtered GSC page/query export required,47.5,Phase 2B tier/quality + global impressions/position; clicks excluded from score
committed,https://ovidhan.net/word/committed.html,A,7,REVIEW,LEGACY — NEEDS STATIC UPGRADE,0,0,0,0,GLOBAL AGGREGATE — FRANCE CONTAMINATION POSSIBLE,NONE,Bangladesh-filtered GSC page/query export required,47.5,Phase 2B tier/quality + global impressions/position; clicks excluded from score
committee,https://ovidhan.net/word/committee.html,A,7,REVIEW,LEGACY — NEEDS STATIC UPGRADE,0,0,0,0,GLOBAL AGGREGATE — FRANCE CONTAMINATION POSSIBLE,NONE,Bangladesh-filtered GSC page/query export required,47.5,Phase 2B tier/quality + global impressions/position; clicks excluded from score
committees,https://ovidhan.net/word/committees.html,A,7,REVIEW,LEGACY — NEEDS STATIC UPGRADE,0,0,0,0,GLOBAL AGGREGATE — FRANCE CONTAMINATION POSSIBLE,NONE,Bangladesh-filtered GSC page/query export required,47.5,Phase 2B tier/quality + global impressions/position; clicks excluded from score
common,https://ovidhan.net/word/common.html,A,7,REVIEW,LEGACY — NEEDS STATIC UPGRADE,0,0,0,0,GLOBAL AGGREGATE — FRANCE CONTAMINATION POSSIBLE,NONE,Bangladesh-filtered GSC page/query export required,47.5,Phase 2B tier/quality + global impressions/position; clicks excluded from score
commons,https://ovidhan.net/word/commons.html,A,7,REVIEW,LEGACY — NEEDS STATIC UPGRADE,0,0,0,0,GLOBAL AGGREGATE — FRANCE CONTAMINATION POSSIBLE,NONE,Bangladesh-filtered GSC page/query export required,47.5,Phase 2B tier/quality + global impressions/position; clicks excluded from score
communication,https://ovidhan.net/word/communication.html,A,7,REVIEW,LEGACY — NEEDS STATIC UPGRADE,0,0,0,0,GLOBAL AGGREGATE — FRANCE CONTAMINATION POSSIBLE,NONE,Bangladesh-filtered GSC page/query export required,47.5,Phase 2B tier/quality + global impressions/position; clicks excluded from score
communications,https://ovidhan.net/word/communications.html,A,7,REVIEW,LEGACY — NEEDS STATIC UPGRADE,0,0,0,0,GLOBAL AGGREGATE — FRANCE CONTAMINATION POSSIBLE,NONE,Bangladesh-filtered GSC page/query export required,47.5,Phase 2B tier/quality + global impressions/position; clicks excluded from score
communities,https://ovidhan.net/word/communities.html,A,7,REVIEW,LEGACY — NEEDS STATIC UPGRADE,0,0,0,0,GLOBAL AGGREGATE — FRANCE CONTAMINATION POSSIBLE,NONE,Bangladesh-filtered GSC page/query export required,47.5,Phase 2B tier/quality + global impressions/position; clicks excluded from score
community,https://ovidhan.net/word/community.html,A,7,REVIEW,LEGACY — NEEDS STATIC UPGRADE,0,0,0,0,GLOBAL AGGREGATE — FRANCE CONTAMINATION POSSIBLE,NONE,Bangladesh-filtered GSC page/query export required,47.5,Phase 2B tier/quality + global impressions/position; clicks excluded from score
compact,https://ovidhan.net/word/compact.html,A,7,REVIEW,LEGACY — NEEDS STATIC UPGRADE,0,0,0,0,GLOBAL AGGREGATE — FRANCE CONTAMINATION POSSIBLE,NONE,Bangladesh-filtered GSC page/query export required,47.5,Phase 2B tier/quality + global impressions/position; clicks excluded from score
companies,https://ovidhan.net/word/companies.html,A,7,REVIEW,LEGACY — NEEDS STATIC UPGRADE,0,0,0,0,GLOBAL AGGREGATE — FRANCE CONTAMINATION POSSIBLE,NONE,Bangladesh-filtered GSC page/query export required,47.5,Phase 2B tier/quality + global impressions/position; clicks excluded from score
company,https://ovidhan.net/word/company.html,A,7,REVIEW,LEGACY — NEEDS STATIC UPGRADE,0,0,0,0,GLOBAL AGGREGATE — FRANCE CONTAMINATION POSSIBLE,NONE,Bangladesh-filtered GSC page/query export required,47.5,Phase 2B tier/quality + global impressions/position; clicks excluded from score
compare,https://ovidhan.net/word/compare.html,A,7,REVIEW,LEGACY — NEEDS STATIC UPGRADE,0,0,0,0,GLOBAL AGGREGATE — FRANCE CONTAMINATION POSSIBLE,NONE,Bangladesh-filtered GSC page/query export required,47.5,Phase 2B tier/quality + global impressions/position; clicks excluded from score
compared,https://ovidhan.net/word/compared.html,A,7,REVIEW,LEGACY — NEEDS STATIC UPGRADE,0,0,0,0,GLOBAL AGGREGATE — FRANCE CONTAMINATION POSSIBLE,NONE,Bangladesh-filtered GSC page/query export required,47.5,Phase 2B tier/quality + global impressions/position; clicks excluded from score
comparison,https://ovidhan.net/word/comparison.html,A,7,REVIEW,LEGACY — NEEDS STATIC UPGRADE,0,0,0,0,GLOBAL AGGREGATE — FRANCE CONTAMINATION POSSIBLE,NONE,Bangladesh-filtered GSC page/query export required,47.5,Phase 2B tier/quality + global impressions/position; clicks excluded from score
compatible,https://ovidhan.net/word/compatible.html,A,7,REVIEW,LEGACY — NEEDS STATIC UPGRADE,0,0,0,0,GLOBAL AGGREGATE — FRANCE CONTAMINATION POSSIBLE,NONE,Bangladesh-filtered GSC page/query export required,47.5,Phase 2B tier/quality + global impressions/position; clicks excluded from score
compensation,https://ovidhan.net/word/compensation.html,A,7,REVIEW,LEGACY — NEEDS STATIC UPGRADE,0,0,0,0,GLOBAL AGGREGATE — FRANCE CONTAMINATION POSSIBLE,NONE,Bangladesh-filtered GSC page/query export required,47.5,Phase 2B tier/quality + global impressions/position; clicks excluded from score
competition,https://ovidhan.net/word/competition.html,A,7,REVIEW,LEGACY — NEEDS STATIC UPGRADE,0,0,0,0,GLOBAL AGGREGATE — FRANCE CONTAMINATION POSSIBLE,NONE,Bangladesh-filtered GSC page/query export required,47.5,Phase 2B tier/quality + global impressions/position; clicks excluded from score
competitive,https://ovidhan.net/word/competitive.html,A,7,REVIEW,LEGACY — NEEDS STATIC UPGRADE,0,0,0,0,GLOBAL AGGREGATE — FRANCE CONTAMINATION POSSIBLE,NONE,Bangladesh-filtered GSC page/query export required,47.5,Phase 2B tier/quality + global impressions/position; clicks excluded from score
complaint,https://ovidhan.net/word/complaint.html,A,7,REVIEW,LEGACY — NEEDS STATIC UPGRADE,0,0,0,0,GLOBAL AGGREGATE — FRANCE CONTAMINATION POSSIBLE,NONE,Bangladesh-filtered GSC page/query export required,47.5,Phase 2B tier/quality + global impressions/position; clicks excluded from score
complaints,https://ovidhan.net/word/complaints.html,A,7,REVIEW,LEGACY — NEEDS STATIC UPGRADE,0,0,0,0,GLOBAL AGGREGATE — FRANCE CONTAMINATION POSSIBLE,NONE,Bangladesh-filtered GSC page/query export required,47.5,Phase 2B tier/quality + global impressions/position; clicks excluded from score
complete,https://ovidhan.net/word/complete.html,A,7,REVIEW,LEGACY — NEEDS STATIC UPGRADE,0,0,0,0,GLOBAL AGGREGATE — FRANCE CONTAMINATION POSSIBLE,NONE,Bangladesh-filtered GSC page/query export required,47.5,Phase 2B tier/quality + global impressions/position; clicks excluded from score
completed,https://ovidhan.net/word/completed.html,A,7,REVIEW,LEGACY — NEEDS STATIC UPGRADE,0,0,0,0,GLOBAL AGGREGATE — FRANCE CONTAMINATION POSSIBLE,NONE,Bangladesh-filtered GSC page/query export required,47.5,Phase 2B tier/quality + global impressions/position; clicks excluded from score
completely,https://ovidhan.net/word/completely.html,A,7,REVIEW,LEGACY — NEEDS STATIC UPGRADE,0,0,0,0,GLOBAL AGGREGATE — FRANCE CONTAMINATION POSSIBLE,NONE,Bangladesh-filtered GSC page/query export required,47.5,Phase 2B tier/quality + global impressions/position; clicks excluded from score
completion,https://ovidhan.net/word/completion.html,A,7,REVIEW,LEGACY — NEEDS STATIC UPGRADE,0,0,0,0,GLOBAL AGGREGATE — FRANCE CONTAMINATION POSSIBLE,NONE,Bangladesh-filtered GSC page/query export required,47.5,Phase 2B tier/quality + global impressions/position; clicks excluded from score
complex,https://ovidhan.net/word/complex.html,A,7,REVIEW,LEGACY — NEEDS STATIC UPGRADE,0,0,0,0,GLOBAL AGGREGATE — FRANCE CONTAMINATION POSSIBLE,NONE,Bangladesh-filtered GSC page/query export required,47.5,Phase 2B tier/quality + global impressions/position; clicks excluded from score
compliance,https://ovidhan.net/word/compliance.html,A,7,REVIEW,LEGACY — NEEDS STATIC UPGRADE,0,0,0,0,GLOBAL AGGREGATE — FRANCE CONTAMINATION POSSIBLE,NONE,Bangladesh-filtered GSC page/query export required,47.5,Phase 2B tier/quality + global impressions/position; clicks excluded from score
component,https://ovidhan.net/word/component.html,A,7,REVIEW,LEGACY — NEEDS STATIC UPGRADE,0,0,0,0,GLOBAL AGGREGATE — FRANCE CONTAMINATION POSSIBLE,NONE,Bangladesh-filtered GSC page/query export required,47.5,Phase 2B tier/quality + global impressions/position; clicks excluded from score
components,https://ovidhan.net/word/components.html,A,7,REVIEW,LEGACY — NEEDS STATIC UPGRADE,0,0,0,0,GLOBAL AGGREGATE — FRANCE CONTAMINATION POSSIBLE,NONE,Bangladesh-filtered GSC page/query export required,47.5,Phase 2B tier/quality + global impressions/position; clicks excluded from score
composition,https://ovidhan.net/word/composition.html,A,7,REVIEW,LEGACY — NEEDS STATIC UPGRADE,0,0,0,0,GLOBAL AGGREGATE — FRANCE CONTAMINATION POSSIBLE,NONE,Bangladesh-filtered GSC page/query export required,47.5,Phase 2B tier/quality + global impressions/position; clicks excluded from score
comprehensive,https://ovidhan.net/word/comprehensive.html,A,7,REVIEW,LEGACY — NEEDS STATIC UPGRADE,0,0,0,0,GLOBAL AGGREGATE — FRANCE CONTAMINATION POSSIBLE,NONE,Bangladesh-filtered GSC page/query export required,47.5,Phase 2B tier/quality + global impressions/position; clicks excluded from score
computer,https://ovidhan.net/word/computer.html,A,7,REVIEW,LEGACY — NEEDS STATIC UPGRADE,0,0,0,0,GLOBAL AGGREGATE — FRANCE CONTAMINATION POSSIBLE,NONE,Bangladesh-filtered GSC page/query export required,47.5,Phase 2B tier/quality + global impressions/position; clicks excluded from score
computers,https://ovidhan.net/word/computers.html,A,7,REVIEW,LEGACY — NEEDS STATIC UPGRADE,0,0,0,0,GLOBAL AGGREGATE — FRANCE CONTAMINATION POSSIBLE,NONE,Bangladesh-filtered GSC page/query export required,47.5,Phase 2B tier/quality + global impressions/position; clicks excluded from score
computing,https://ovidhan.net/word/computing.html,A,7,REVIEW,LEGACY — NEEDS STATIC UPGRADE,0,0,0,0,GLOBAL AGGREGATE — FRANCE CONTAMINATION POSSIBLE,NONE,Bangladesh-filtered GSC page/query export required,47.5,Phase 2B tier/quality + global impressions/position; clicks excluded from score
concentration,https://ovidhan.net/word/concentration.html,A,7,REVIEW,LEGACY — NEEDS STATIC UPGRADE,0,0,0,0,GLOBAL AGGREGATE — FRANCE CONTAMINATION POSSIBLE,NONE,Bangladesh-filtered GSC page/query export required,47.5,Phase 2B tier/quality + global impressions/position; clicks excluded from score
concept,https://ovidhan.net/word/concept.html,A,7,REVIEW,LEGACY — NEEDS STATIC UPGRADE,0,0,0,0,GLOBAL AGGREGATE — FRANCE CONTAMINATION POSSIBLE,NONE,Bangladesh-filtered GSC page/query export required,47.5,Phase 2B tier/quality + global impressions/position; clicks excluded from score
concepts,https://ovidhan.net/word/concepts.html,A,7,REVIEW,LEGACY — NEEDS STATIC UPGRADE,0,0,0,0,GLOBAL AGGREGATE — FRANCE CONTAMINATION POSSIBLE,NONE,Bangladesh-filtered GSC page/query export required,47.5,Phase 2B tier/quality + global impressions/position; clicks excluded from score
concern,https://ovidhan.net/word/concern.html,A,7,REVIEW,LEGACY — NEEDS STATIC UPGRADE,0,0,0,0,GLOBAL AGGREGATE — FRANCE CONTAMINATION POSSIBLE,NONE,Bangladesh-filtered GSC page/query export required,47.5,Phase 2B tier/quality + global impressions/position; clicks excluded from score
concerned,https://ovidhan.net/word/concerned.html,A,7,REVIEW,LEGACY — NEEDS STATIC UPGRADE,0,0,0,0,GLOBAL AGGREGATE — FRANCE CONTAMINATION POSSIBLE,NONE,Bangladesh-filtered GSC page/query export required,47.5,Phase 2B tier/quality + global impressions/position; clicks excluded from score
concerning,https://ovidhan.net/word/concerning.html,A,7,REVIEW,LEGACY — NEEDS STATIC UPGRADE,0,0,0,0,GLOBAL AGGREGATE — FRANCE CONTAMINATION POSSIBLE,NONE,Bangladesh-filtered GSC page/query export required,47.5,Phase 2B tier/quality + global impressions/position; clicks excluded from score
concerns,https://ovidhan.net/word/concerns.html,A,7,REVIEW,LEGACY — NEEDS STATIC UPGRADE,0,0,0,0,GLOBAL AGGREGATE — FRANCE CONTAMINATION POSSIBLE,NONE,Bangladesh-filtered GSC page/query export required,47.5,Phase 2B tier/quality + global impressions/position; clicks excluded from score
concert,https://ovidhan.net/word/concert.html,A,7,REVIEW,LEGACY — NEEDS STATIC UPGRADE,0,0,0,0,GLOBAL AGGREGATE — FRANCE CONTAMINATION POSSIBLE,NONE,Bangladesh-filtered GSC page/query export required,47.5,Phase 2B tier/quality + global impressions/position; clicks excluded from score
conclusion,https://ovidhan.net/word/conclusion.html,A,7,REVIEW,LEGACY — NEEDS STATIC UPGRADE,0,0,0,0,GLOBAL AGGREGATE — FRANCE CONTAMINATION POSSIBLE,NONE,Bangladesh-filtered GSC page/query export required,47.5,Phase 2B tier/quality + global impressions/position; clicks excluded from score
concrete,https://ovidhan.net/word/concrete.html,A,7,REVIEW,LEGACY — NEEDS STATIC UPGRADE,0,0,0,0,GLOBAL AGGREGATE — FRANCE CONTAMINATION POSSIBLE,NONE,Bangladesh-filtered GSC page/query export required,47.5,Phase 2B tier/quality + global impressions/position; clicks excluded from score
condition,https://ovidhan.net/word/condition.html,A,7,REVIEW,LEGACY — NEEDS STATIC UPGRADE,0,0,0,0,GLOBAL AGGREGATE — FRANCE CONTAMINATION POSSIBLE,NONE,Bangladesh-filtered GSC page/query export required,47.5,Phase 2B tier/quality + global impressions/position; clicks excluded from score
conditions,https://ovidhan.net/word/conditions.html,A,7,REVIEW,LEGACY — NEEDS STATIC UPGRADE,0,0,0,0,GLOBAL AGGREGATE — FRANCE CONTAMINATION POSSIBLE,NONE,Bangladesh-filtered GSC page/query export required,47.5,Phase 2B tier/quality + global impressions/position; clicks excluded from score
conduct,https://ovidhan.net/word/conduct.html,A,7,REVIEW,LEGACY — NEEDS STATIC UPGRADE,0,0,0,0,GLOBAL AGGREGATE — FRANCE CONTAMINATION POSSIBLE,NONE,Bangladesh-filtered GSC page/query export required,47.5,Phase 2B tier/quality + global impressions/position; clicks excluded from score
conducted,https://ovidhan.net/word/conducted.html,A,7,REVIEW,LEGACY — NEEDS STATIC UPGRADE,0,0,0,0,GLOBAL AGGREGATE — FRANCE CONTAMINATION POSSIBLE,NONE,Bangladesh-filtered GSC page/query export required,47.5,Phase 2B tier/quality + global impressions/position; clicks excluded from score
conference,https://ovidhan.net/word/conference.html,A,7,REVIEW,LEGACY — NEEDS STATIC UPGRADE,0,0,0,0,GLOBAL AGGREGATE — FRANCE CONTAMINATION POSSIBLE,NONE,Bangladesh-filtered GSC page/query export required,47.5,Phase 2B tier/quality + global impressions/position; clicks excluded from score
conferences,https://ovidhan.net/word/conferences.html,A,7,REVIEW,LEGACY — NEEDS STATIC UPGRADE,0,0,0,0,GLOBAL AGGREGATE — FRANCE CONTAMINATION POSSIBLE,NONE,Bangladesh-filtered GSC page/query export required,47.5,Phase 2B tier/quality + global impressions/position; clicks excluded from score
confidence,https://ovidhan.net/word/confidence.html,A,7,REVIEW,LEGACY — NEEDS STATIC UPGRADE,0,0,0,0,GLOBAL AGGREGATE — FRANCE CONTAMINATION POSSIBLE,NONE,Bangladesh-filtered GSC page/query export required,47.5,Phase 2B tier/quality + global impressions/position; clicks excluded from score
configuration,https://ovidhan.net/word/configuration.html,A,7,REVIEW,LEGACY — NEEDS STATIC UPGRADE,0,0,0,0,GLOBAL AGGREGATE — FRANCE CONTAMINATION POSSIBLE,NONE,Bangladesh-filtered GSC page/query export required,47.5,Phase 2B tier/quality + global impressions/position; clicks excluded from score
configure,https://ovidhan.net/word/configure.html,A,7,REVIEW,LEGACY — NEEDS STATIC UPGRADE,0,0,0,0,GLOBAL AGGREGATE — FRANCE CONTAMINATION POSSIBLE,NONE,Bangladesh-filtered GSC page/query export required,47.5,Phase 2B tier/quality + global impressions/position; clicks excluded from score
confirm,https://ovidhan.net/word/confirm.html,A,7,REVIEW,LEGACY — NEEDS STATIC UPGRADE,0,0,0,0,GLOBAL AGGREGATE — FRANCE CONTAMINATION POSSIBLE,NONE,Bangladesh-filtered GSC page/query export required,47.5,Phase 2B tier/quality + global impressions/position; clicks excluded from score
confirmed,https://ovidhan.net/word/confirmed.html,A,7,REVIEW,LEGACY — NEEDS STATIC UPGRADE,0,0,0,0,GLOBAL AGGREGATE — FRANCE CONTAMINATION POSSIBLE,NONE,Bangladesh-filtered GSC page/query export required,47.5,Phase 2B tier/quality + global impressions/position; clicks excluded from score
conflict,https://ovidhan.net/word/conflict.html,A,7,REVIEW,LEGACY — NEEDS STATIC UPGRADE,0,0,0,0,GLOBAL AGGREGATE — FRANCE CONTAMINATION POSSIBLE,NONE,Bangladesh-filtered GSC page/query export required,47.5,Phase 2B tier/quality + global impressions/position; clicks excluded from score
congress,https://ovidhan.net/word/congress.html,A,7,REVIEW,LEGACY — NEEDS STATIC UPGRADE,0,0,0,0,GLOBAL AGGREGATE — FRANCE CONTAMINATION POSSIBLE,NONE,Bangladesh-filtered GSC page/query export required,47.5,Phase 2B tier/quality + global impressions/position; clicks excluded from score
connect,https://ovidhan.net/word/connect.html,A,7,REVIEW,LEGACY — NEEDS STATIC UPGRADE,0,0,0,0,GLOBAL AGGREGATE — FRANCE CONTAMINATION POSSIBLE,NONE,Bangladesh-filtered GSC page/query export required,47.5,Phase 2B tier/quality + global impressions/position; clicks excluded from score
connected,https://ovidhan.net/word/connected.html,A,7,REVIEW,LEGACY — NEEDS STATIC UPGRADE,0,0,0,0,GLOBAL AGGREGATE — FRANCE CONTAMINATION POSSIBLE,NONE,Bangladesh-filtered GSC page/query export required,47.5,Phase 2B tier/quality + global impressions/position; clicks excluded from score
connecticut,https://ovidhan.net/word/connecticut.html,A,7,REVIEW,LEGACY — NEEDS STATIC UPGRADE,0,0,0,0,GLOBAL AGGREGATE — FRANCE CONTAMINATION POSSIBLE,NONE,Bangladesh-filtered GSC page/query export required,47.5,Phase 2B tier/quality + global impressions/position; clicks excluded from score
connection,https://ovidhan.net/word/connection.html,A,7,REVIEW,LEGACY — NEEDS STATIC UPGRADE,0,0,0,0,GLOBAL AGGREGATE — FRANCE CONTAMINATION POSSIBLE,NONE,Bangladesh-filtered GSC page/query export required,47.5,Phase 2B tier/quality + global impressions/position; clicks excluded from score
connections,https://ovidhan.net/word/connections.html,A,7,REVIEW,LEGACY — NEEDS STATIC UPGRADE,0,0,0,0,GLOBAL AGGREGATE — FRANCE CONTAMINATION POSSIBLE,NONE,Bangladesh-filtered GSC page/query export required,47.5,Phase 2B tier/quality + global impressions/position; clicks excluded from score
consent,https://ovidhan.net/word/consent.html,A,7,REVIEW,LEGACY — NEEDS STATIC UPGRADE,0,0,0,0,GLOBAL AGGREGATE — FRANCE CONTAMINATION POSSIBLE,NONE,Bangladesh-filtered GSC page/query export required,47.5,Phase 2B tier/quality + global impressions/position; clicks excluded from score
consequences,https://ovidhan.net/word/consequences.html,A,7,REVIEW,LEGACY — NEEDS STATIC UPGRADE,0,0,0,0,GLOBAL AGGREGATE — FRANCE CONTAMINATION POSSIBLE,NONE,Bangladesh-filtered GSC page/query export required,47.5,Phase 2B tier/quality + global impressions/position; clicks excluded from score
conservation,https://ovidhan.net/word/conservation.html,A,7,REVIEW,LEGACY — NEEDS STATIC UPGRADE,0,0,0,0,GLOBAL AGGREGATE — FRANCE CONTAMINATION POSSIBLE,NONE,Bangladesh-filtered GSC page/query export required,47.5,Phase 2B tier/quality + global impressions/position; clicks excluded from score
conservative,https://ovidhan.net/word/conservative.html,A,7,REVIEW,LEGACY — NEEDS STATIC UPGRADE,0,0,0,0,GLOBAL AGGREGATE — FRANCE CONTAMINATION POSSIBLE,NONE,Bangladesh-filtered GSC page/query export required,47.5,Phase 2B tier/quality + global impressions/position; clicks excluded from score
consider,https://ovidhan.net/word/consider.html,A,7,REVIEW,LEGACY — NEEDS STATIC UPGRADE,0,0,0,0,GLOBAL AGGREGATE — FRANCE CONTAMINATION POSSIBLE,NONE,Bangladesh-filtered GSC page/query export required,47.5,Phase 2B tier/quality + global impressions/position; clicks excluded from score
consideration,https://ovidhan.net/word/consideration.html,A,7,REVIEW,LEGACY — NEEDS STATIC UPGRADE,0,0,0,0,GLOBAL AGGREGATE — FRANCE CONTAMINATION POSSIBLE,NONE,Bangladesh-filtered GSC page/query export required,47.5,Phase 2B tier/quality + global impressions/position; clicks excluded from score
considered,https://ovidhan.net/word/considered.html,A,7,REVIEW,LEGACY — NEEDS STATIC UPGRADE,0,0,0,0,GLOBAL AGGREGATE — FRANCE CONTAMINATION POSSIBLE,NONE,Bangladesh-filtered GSC page/query export required,47.5,Phase 2B tier/quality + global impressions/position; clicks excluded from score
considering,https://ovidhan.net/word/considering.html,A,7,REVIEW,LEGACY — NEEDS STATIC UPGRADE,0,0,0,0,GLOBAL AGGREGATE — FRANCE CONTAMINATION POSSIBLE,NONE,Bangladesh-filtered GSC page/query export required,47.5,Phase 2B tier/quality + global impressions/position; clicks excluded from score
consistent,https://ovidhan.net/word/consistent.html,A,7,REVIEW,LEGACY — NEEDS STATIC UPGRADE,0,0,0,0,GLOBAL AGGREGATE — FRANCE CONTAMINATION POSSIBLE,NONE,Bangladesh-filtered GSC page/query export required,47.5,Phase 2B tier/quality + global impressions/position; clicks excluded from score
consists,https://ovidhan.net/word/consists.html,A,7,REVIEW,LEGACY — NEEDS STATIC UPGRADE,0,0,0,0,GLOBAL AGGREGATE — FRANCE CONTAMINATION POSSIBLE,NONE,Bangladesh-filtered GSC page/query export required,47.5,Phase 2B tier/quality + global impressions/position; clicks excluded from score
console,https://ovidhan.net/word/console.html,A,7,REVIEW,LEGACY — NEEDS STATIC UPGRADE,0,0,0,0,GLOBAL AGGREGATE — FRANCE CONTAMINATION POSSIBLE,NONE,Bangladesh-filtered GSC page/query export required,47.5,Phase 2B tier/quality + global impressions/position; clicks excluded from score
consolidation,https://ovidhan.net/word/consolidation.html,A,7,REVIEW,LEGACY — NEEDS STATIC UPGRADE,0,0,0,0,GLOBAL AGGREGATE — FRANCE CONTAMINATION POSSIBLE,NONE,Bangladesh-filtered GSC page/query export required,47.5,Phase 2B tier/quality + global impressions/position; clicks excluded from score
constant,https://ovidhan.net/word/constant.html,A,7,REVIEW,LEGACY — NEEDS STATIC UPGRADE,0,0,0,0,GLOBAL AGGREGATE — FRANCE CONTAMINATION POSSIBLE,NONE,Bangladesh-filtered GSC page/query export required,47.5,Phase 2B tier/quality + global impressions/position; clicks excluded from score
constitutes,https://ovidhan.net/word/constitutes.html,A,7,REVIEW,LEGACY — NEEDS STATIC UPGRADE,0,0,0,0,GLOBAL AGGREGATE — FRANCE CONTAMINATION POSSIBLE,NONE,Bangladesh-filtered GSC page/query export required,47.5,Phase 2B tier/quality + global impressions/position; clicks excluded from score
constitution,https://ovidhan.net/word/constitution.html,A,7,REVIEW,LEGACY — NEEDS STATIC UPGRADE,0,0,0,0,GLOBAL AGGREGATE — FRANCE CONTAMINATION POSSIBLE,NONE,Bangladesh-filtered GSC page/query export required,47.5,Phase 2B tier/quality + global impressions/position; clicks excluded from score
construction,https://ovidhan.net/word/construction.html,A,7,REVIEW,LEGACY — NEEDS STATIC UPGRADE,0,0,0,0,GLOBAL AGGREGATE — FRANCE CONTAMINATION POSSIBLE,NONE,Bangladesh-filtered GSC page/query export required,47.5,Phase 2B tier/quality + global impressions/position; clicks excluded from score
consultant,https://ovidhan.net/word/consultant.html,A,7,REVIEW,LEGACY — NEEDS STATIC UPGRADE,0,0,0,0,GLOBAL AGGREGATE — FRANCE CONTAMINATION POSSIBLE,NONE,Bangladesh-filtered GSC page/query export required,47.5,Phase 2B tier/quality + global impressions/position; clicks excluded from score
consultants,https://ovidhan.net/word/consultants.html,A,7,REVIEW,LEGACY — NEEDS STATIC UPGRADE,0,0,0,0,GLOBAL AGGREGATE — FRANCE CONTAMINATION POSSIBLE,NONE,Bangladesh-filtered GSC page/query export required,47.5,Phase 2B tier/quality + global impressions/position; clicks excluded from score
consultation,https://ovidhan.net/word/consultation.html,A,7,REVIEW,LEGACY — NEEDS STATIC UPGRADE,0,0,0,0,GLOBAL AGGREGATE — FRANCE CONTAMINATION POSSIBLE,NONE,Bangladesh-filtered GSC page/query export required,47.5,Phase 2B tier/quality + global impressions/position; clicks excluded from score
consulting,https://ovidhan.net/word/consulting.html,A,7,REVIEW,LEGACY — NEEDS STATIC UPGRADE,0,0,0,0,GLOBAL AGGREGATE — FRANCE CONTAMINATION POSSIBLE,NONE,Bangladesh-filtered GSC page/query export required,47.5,Phase 2B tier/quality + global impressions/position; clicks excluded from score
consumer,https://ovidhan.net/word/consumer.html,A,7,REVIEW,LEGACY — NEEDS STATIC UPGRADE,0,0,0,0,GLOBAL AGGREGATE — FRANCE CONTAMINATION POSSIBLE,NONE,Bangladesh-filtered GSC page/query export required,47.5,Phase 2B tier/quality + global impressions/position; clicks excluded from score
consumers,https://ovidhan.net/word/consumers.html,A,7,REVIEW,LEGACY — NEEDS STATIC UPGRADE,0,0,0,0,GLOBAL AGGREGATE — FRANCE CONTAMINATION POSSIBLE,NONE,Bangladesh-filtered GSC page/query export required,47.5,Phase 2B tier/quality + global impressions/position; clicks excluded from score
consumption,https://ovidhan.net/word/consumption.html,A,7,REVIEW,LEGACY — NEEDS STATIC UPGRADE,0,0,0,0,GLOBAL AGGREGATE — FRANCE CONTAMINATION POSSIBLE,NONE,Bangladesh-filtered GSC page/query export required,47.5,Phase 2B tier/quality + global impressions/position; clicks excluded from score
contact,https://ovidhan.net/word/contact.html,A,7,REVIEW,LEGACY — NEEDS STATIC UPGRADE,0,0,0,0,GLOBAL AGGREGATE — FRANCE CONTAMINATION POSSIBLE,NONE,Bangladesh-filtered GSC page/query export required,47.5,Phase 2B tier/quality + global impressions/position; clicks excluded from score
contacts,https://ovidhan.net/word/contacts.html,A,7,REVIEW,LEGACY — NEEDS STATIC UPGRADE,0,0,0,0,GLOBAL AGGREGATE — FRANCE CONTAMINATION POSSIBLE,NONE,Bangladesh-filtered GSC page/query export required,47.5,Phase 2B tier/quality + global impressions/position; clicks excluded from score
contain,https://ovidhan.net/word/contain.html,A,7,REVIEW,LEGACY — NEEDS STATIC UPGRADE,0,0,0,0,GLOBAL AGGREGATE — FRANCE CONTAMINATION POSSIBLE,NONE,Bangladesh-filtered GSC page/query export required,47.5,Phase 2B tier/quality + global impressions/position; clicks excluded from score
contained,https://ovidhan.net/word/contained.html,A,7,REVIEW,LEGACY — NEEDS STATIC UPGRADE,0,0,0,0,GLOBAL AGGREGATE — FRANCE CONTAMINATION POSSIBLE,NONE,Bangladesh-filtered GSC page/query export required,47.5,Phase 2B tier/quality + global impressions/position; clicks excluded from score
containing,https://ovidhan.net/word/containing.html,A,7,REVIEW,LEGACY — NEEDS STATIC UPGRADE,0,0,0,0,GLOBAL AGGREGATE — FRANCE CONTAMINATION POSSIBLE,NONE,Bangladesh-filtered GSC page/query export required,47.5,Phase 2B tier/quality + global impressions/position; clicks excluded from score
contains,https://ovidhan.net/word/contains.html,A,7,REVIEW,LEGACY — NEEDS STATIC UPGRADE,0,0,0,0,GLOBAL AGGREGATE — FRANCE CONTAMINATION POSSIBLE,NONE,Bangladesh-filtered GSC page/query export required,47.5,Phase 2B tier/quality + global impressions/position; clicks excluded from score
contemporary,https://ovidhan.net/word/contemporary.html,A,7,REVIEW,LEGACY — NEEDS STATIC UPGRADE,0,0,0,0,GLOBAL AGGREGATE — FRANCE CONTAMINATION POSSIBLE,NONE,Bangladesh-filtered GSC page/query export required,47.5,Phase 2B tier/quality + global impressions/position; clicks excluded from score
content,https://ovidhan.net/word/content.html,A,7,REVIEW,LEGACY — NEEDS STATIC UPGRADE,0,0,0,0,GLOBAL AGGREGATE — FRANCE CONTAMINATION POSSIBLE,NONE,Bangladesh-filtered GSC page/query export required,47.5,Phase 2B tier/quality + global impressions/position; clicks excluded from score
contents,https://ovidhan.net/word/contents.html,A,7,REVIEW,LEGACY — NEEDS STATIC UPGRADE,0,0,0,0,GLOBAL AGGREGATE — FRANCE CONTAMINATION POSSIBLE,NONE,Bangladesh-filtered GSC page/query export required,47.5,Phase 2B tier/quality + global impressions/position; clicks excluded from score
contest,https://ovidhan.net/word/contest.html,A,7,REVIEW,LEGACY — NEEDS STATIC UPGRADE,0,0,0,0,GLOBAL AGGREGATE — FRANCE CONTAMINATION POSSIBLE,NONE,Bangladesh-filtered GSC page/query export required,47.5,Phase 2B tier/quality + global impressions/position; clicks excluded from score
context,https://ovidhan.net/word/context.html,A,7,REVIEW,LEGACY — NEEDS STATIC UPGRADE,0,0,0,0,GLOBAL AGGREGATE — FRANCE CONTAMINATION POSSIBLE,NONE,Bangladesh-filtered GSC page/query export required,47.5,Phase 2B tier/quality + global impressions/position; clicks excluded from score
continue,https://ovidhan.net/word/continue.html,A,7,REVIEW,LEGACY — NEEDS STATIC UPGRADE,0,0,0,0,GLOBAL AGGREGATE — FRANCE CONTAMINATION POSSIBLE,NONE,Bangladesh-filtered GSC page/query export required,47.5,Phase 2B tier/quality + global impressions/position; clicks excluded from score
continued,https://ovidhan.net/word/continued.html,A,7,REVIEW,LEGACY — NEEDS STATIC UPGRADE,0,0,0,0,GLOBAL AGGREGATE — FRANCE CONTAMINATION POSSIBLE,NONE,Bangladesh-filtered GSC page/query export required,47.5,Phase 2B tier/quality + global impressions/position; clicks excluded from score
continues,https://ovidhan.net/word/continues.html,A,7,REVIEW,LEGACY — NEEDS STATIC UPGRADE,0,0,0,0,GLOBAL AGGREGATE — FRANCE CONTAMINATION POSSIBLE,NONE,Bangladesh-filtered GSC page/query export required,47.5,Phase 2B tier/quality + global impressions/position; clicks excluded from score
continuing,https://ovidhan.net/word/continuing.html,A,7,REVIEW,LEGACY — NEEDS STATIC UPGRADE,0,0,0,0,GLOBAL AGGREGATE — FRANCE CONTAMINATION POSSIBLE,NONE,Bangladesh-filtered GSC page/query export required,47.5,Phase 2B tier/quality + global impressions/position; clicks excluded from score
continuous,https://ovidhan.net/word/continuous.html,A,7,REVIEW,LEGACY — NEEDS STATIC UPGRADE,0,0,0,0,GLOBAL AGGREGATE — FRANCE CONTAMINATION POSSIBLE,NONE,Bangladesh-filtered GSC page/query export required,47.5,Phase 2B tier/quality + global impressions/position; clicks excluded from score
contract,https://ovidhan.net/word/contract.html,A,7,REVIEW,LEGACY — NEEDS STATIC UPGRADE,0,0,0,0,GLOBAL AGGREGATE — FRANCE CONTAMINATION POSSIBLE,NONE,Bangladesh-filtered GSC page/query export required,47.5,Phase 2B tier/quality + global impressions/position; clicks excluded from score
contractor,https://ovidhan.net/word/contractor.html,A,7,REVIEW,LEGACY — NEEDS STATIC UPGRADE,0,0,0,0,GLOBAL AGGREGATE — FRANCE CONTAMINATION POSSIBLE,NONE,Bangladesh-filtered GSC page/query export required,47.5,Phase 2B tier/quality + global impressions/position; clicks excluded from score
contractors,https://ovidhan.net/word/contractors.html,A,7,REVIEW,LEGACY — NEEDS STATIC UPGRADE,0,0,0,0,GLOBAL AGGREGATE — FRANCE CONTAMINATION POSSIBLE,NONE,Bangladesh-filtered GSC page/query export required,47.5,Phase 2B tier/quality + global impressions/position; clicks excluded from score
contracts,https://ovidhan.net/word/contracts.html,A,7,REVIEW,LEGACY — NEEDS STATIC UPGRADE,0,0,0,0,GLOBAL AGGREGATE — FRANCE CONTAMINATION POSSIBLE,NONE,Bangladesh-filtered GSC page/query export required,47.5,Phase 2B tier/quality + global impressions/position; clicks excluded from score
contrast,https://ovidhan.net/word/contrast.html,A,7,REVIEW,LEGACY — NEEDS STATIC UPGRADE,0,0,0,0,GLOBAL AGGREGATE — FRANCE CONTAMINATION POSSIBLE,NONE,Bangladesh-filtered GSC page/query export required,47.5,Phase 2B tier/quality + global impressions/position; clicks excluded from score
contribute,https://ovidhan.net/word/contribute.html,A,7,REVIEW,LEGACY — NEEDS STATIC UPGRADE,0,0,0,0,GLOBAL AGGREGATE — FRANCE CONTAMINATION POSSIBLE,NONE,Bangladesh-filtered GSC page/query export required,47.5,Phase 2B tier/quality + global impressions/position; clicks excluded from score
contributed,https://ovidhan.net/word/contributed.html,A,7,REVIEW,LEGACY — NEEDS STATIC UPGRADE,0,0,0,0,GLOBAL AGGREGATE — FRANCE CONTAMINATION POSSIBLE,NONE,Bangladesh-filtered GSC page/query export required,47.5,Phase 2B tier/quality + global impressions/position; clicks excluded from score
contribution,https://ovidhan.net/word/contribution.html,A,7,REVIEW,LEGACY — NEEDS STATIC UPGRADE,0,0,0,0,GLOBAL AGGREGATE — FRANCE CONTAMINATION POSSIBLE,NONE,Bangladesh-filtered GSC page/query export required,47.5,Phase 2B tier/quality + global impressions/position; clicks excluded from score
contributions,https://ovidhan.net/word/contributions.html,A,7,REVIEW,LEGACY — NEEDS STATIC UPGRADE,0,0,0,0,GLOBAL AGGREGATE — FRANCE CONTAMINATION POSSIBLE,NONE,Bangladesh-filtered GSC page/query export required,47.5,Phase 2B tier/quality + global impressions/position; clicks excluded from score
control,https://ovidhan.net/word/control.html,A,7,REVIEW,LEGACY — NEEDS STATIC UPGRADE,0,0,0,0,GLOBAL AGGREGATE — FRANCE CONTAMINATION POSSIBLE,NONE,Bangladesh-filtered GSC page/query export required,47.5,Phase 2B tier/quality + global impressions/position; clicks excluded from score
controlled,https://ovidhan.net/word/controlled.html,A,7,REVIEW,LEGACY — NEEDS STATIC UPGRADE,0,0,0,0,GLOBAL AGGREGATE — FRANCE CONTAMINATION POSSIBLE,NONE,Bangladesh-filtered GSC page/query export required,47.5,Phase 2B tier/quality + global impressions/position; clicks excluded from score
controller,https://ovidhan.net/word/controller.html,A,7,REVIEW,LEGACY — NEEDS STATIC UPGRADE,0,0,0,0,GLOBAL AGGREGATE — FRANCE CONTAMINATION POSSIBLE,NONE,Bangladesh-filtered GSC page/query export required,47.5,Phase 2B tier/quality + global impressions/position; clicks excluded from score
controls,https://ovidhan.net/word/controls.html,A,7,REVIEW,LEGACY — NEEDS STATIC UPGRADE,0,0,0,0,GLOBAL AGGREGATE — FRANCE CONTAMINATION POSSIBLE,NONE,Bangladesh-filtered GSC page/query export required,47.5,Phase 2B tier/quality + global impressions/position; clicks excluded from score
convention,https://ovidhan.net/word/convention.html,A,7,REVIEW,LEGACY — NEEDS STATIC UPGRADE,0,0,0,0,GLOBAL AGGREGATE — FRANCE CONTAMINATION POSSIBLE,NONE,Bangladesh-filtered GSC page/query export required,47.5,Phase 2B tier/quality + global impressions/position; clicks excluded from score
conversation,https://ovidhan.net/word/conversation.html,A,7,REVIEW,LEGACY — NEEDS STATIC UPGRADE,0,0,0,0,GLOBAL AGGREGATE — FRANCE CONTAMINATION POSSIBLE,NONE,Bangladesh-filtered GSC page/query export required,47.5,Phase 2B tier/quality + global impressions/position; clicks excluded from score
conversion,https://ovidhan.net/word/conversion.html,A,7,REVIEW,LEGACY — NEEDS STATIC UPGRADE,0,0,0,0,GLOBAL AGGREGATE — FRANCE CONTAMINATION POSSIBLE,NONE,Bangladesh-filtered GSC page/query export required,47.5,Phase 2B tier/quality + global impressions/position; clicks excluded from score
convert,https://ovidhan.net/word/convert.html,A,7,REVIEW,LEGACY — NEEDS STATIC UPGRADE,0,0,0,0,GLOBAL AGGREGATE — FRANCE CONTAMINATION POSSIBLE,NONE,Bangladesh-filtered GSC page/query export required,47.5,Phase 2B tier/quality + global impressions/position; clicks excluded from score
converted,https://ovidhan.net/word/converted.html,A,7,REVIEW,LEGACY — NEEDS STATIC UPGRADE,0,0,0,0,GLOBAL AGGREGATE — FRANCE CONTAMINATION POSSIBLE,NONE,Bangladesh-filtered GSC page/query export required,47.5,Phase 2B tier/quality + global impressions/position; clicks excluded from score
converter,https://ovidhan.net/word/converter.html,A,7,REVIEW,LEGACY — NEEDS STATIC UPGRADE,0,0,0,0,GLOBAL AGGREGATE — FRANCE CONTAMINATION POSSIBLE,NONE,Bangladesh-filtered GSC page/query export required,47.5,Phase 2B tier/quality + global impressions/position; clicks excluded from score
cook,https://ovidhan.net/word/cook.html,A,7,REVIEW,LEGACY — NEEDS STATIC UPGRADE,0,0,0,0,GLOBAL AGGREGATE — FRANCE CONTAMINATION POSSIBLE,NONE,Bangladesh-filtered GSC page/query export required,47.5,Phase 2B tier/quality + global impressions/position; clicks excluded from score
cookies,https://ovidhan.net/word/cookies.html,A,7,REVIEW,LEGACY — NEEDS STATIC UPGRADE,0,0,0,0,GLOBAL AGGREGATE — FRANCE CONTAMINATION POSSIBLE,NONE,Bangladesh-filtered GSC page/query export required,47.5,Phase 2B tier/quality + global impressions/position; clicks excluded from score
cooking,https://ovidhan.net/word/cooking.html,A,7,REVIEW,LEGACY — NEEDS STATIC UPGRADE,0,0,0,0,GLOBAL AGGREGATE — FRANCE CONTAMINATION POSSIBLE,NONE,Bangladesh-filtered GSC page/query export required,47.5,Phase 2B tier/quality + global impressions/position; clicks excluded from score
cool,https://ovidhan.net/word/cool.html,A,7,REVIEW,LEGACY — NEEDS STATIC UPGRADE,0,0,0,0,GLOBAL AGGREGATE — FRANCE CONTAMINATION POSSIBLE,NONE,Bangladesh-filtered GSC page/query export required,47.5,Phase 2B tier/quality + global impressions/position; clicks excluded from score
cooling,https://ovidhan.net/word/cooling.html,A,7,REVIEW,LEGACY — NEEDS STATIC UPGRADE,0,0,0,0,GLOBAL AGGREGATE — FRANCE CONTAMINATION POSSIBLE,NONE,Bangladesh-filtered GSC page/query export required,47.5,Phase 2B tier/quality + global impressions/position; clicks excluded from score
cooperation,https://ovidhan.net/word/cooperation.html,A,7,REVIEW,LEGACY — NEEDS STATIC UPGRADE,0,0,0,0,GLOBAL AGGREGATE — FRANCE CONTAMINATION POSSIBLE,NONE,Bangladesh-filtered GSC page/query export required,47.5,Phase 2B tier/quality + global impressions/position; clicks excluded from score
coordinator,https://ovidhan.net/word/coordinator.html,A,7,REVIEW,LEGACY — NEEDS STATIC UPGRADE,0,0,0,0,GLOBAL AGGREGATE — FRANCE CONTAMINATION POSSIBLE,NONE,Bangladesh-filtered GSC page/query export required,47.5,Phase 2B tier/quality + global impressions/position; clicks excluded from score
copies,https://ovidhan.net/word/copies.html,A,7,REVIEW,LEGACY — NEEDS STATIC UPGRADE,0,0,0,0,GLOBAL AGGREGATE — FRANCE CONTAMINATION POSSIBLE,NONE,Bangladesh-filtered GSC page/query export required,47.5,Phase 2B tier/quality + global impressions/position; clicks excluded from score
